url_length,domain_length,num_dots,num_slashes,num_hyphens,num_special_chars,has_https,has_at_symbol,has_ip_address,has_suspicious_word,label
32,24,2,2,0,5,1,0,0,1,1
24,16,2,2,1,6,1,0,0,0,1
30,22,3,2,0,6,1,0,0,0,1
27,19,2,2,0,5,1,0,0,0,1
34,26,2,2,0,5,1,0,0,0,1
31,23,2,2,0,5,1,0,0,0,1
26,18,2,2,0,5,1,0,0,0,1
26,18,2,2,0,5,1,0,0,0,1
30,22,2,2,0,5,1,0,0,0,1
19,11,2,2,0,5,1,0,0,0,1
34,26,2,2,0,5,1,0,0,0,1
23,16,2,2,0,5,0,0,0,0,0
28,20,2,2,0,5,1,0,0,0,1
21,13,2,2,0,5,1,0,0,0,1
27,19,2,2,0,5,1,0,0,0,1
25,17,2,2,0,5,1,0,0,0,1
21,13,2,2,0,5,1,0,0,0,1
22,14,2,2,0,5,1,0,0,0,1
22,14,2,2,0,5,1,0,0,0,1
23,15,3,2,0,6,1,0,0,0,1
27,20,3,2,0,6,0,0,0,0,0
24,17,2,2,0,5,0,0,0,0,0
29,21,2,2,0,5,1,0,0,0,1
30,22,2,2,0,5,1,0,0,0,1
34,26,4,2,0,7,1,0,0,0,1
26,18,2,2,0,5,1,0,0,0,1
37,29,2,2,0,5,1,0,0,0,1
38,29,2,3,1,7,1,0,0,0,0
33,26,3,2,1,7,0,0,0,0,0
27,18,2,3,1,7,1,0,0,0,0
22,14,2,2,0,5,1,0,0,0,1
92,7,2,4,0,10,1,1,0,0,0
40,32,2,3,2,8,0,0,0,0,0
25,17,2,2,0,5,1,0,0,0,1
35,26,2,3,0,6,1,0,0,0,0
24,16,3,2,0,6,1,0,0,0,1
33,25,2,2,0,5,1,0,0,0,1
20,13,2,2,0,5,0,0,0,0,0
20,12,2,2,0,5,1,0,0,0,1
28,21,2,2,0,5,0,0,0,0,0
28,21,3,2,0,6,0,0,0,0,0
33,24,2,3,1,7,1,0,0,0,0
25,17,2,2,0,5,1,0,0,0,1
30,22,2,2,0,5,1,0,0,0,1
42,33,2,3,3,9,1,0,0,0,0
140,23,1,6,2,17,1,0,0,0,0
28,20,2,2,0,5,1,0,0,0,1
28,20,3,2,0,6,1,0,0,0,1
25,17,2,2,0,5,1,0,0,0,1
23,16,2,2,0,5,0,0,0,0,0
35,26,2,3,1,7,1,0,0,0,0
25,17,2,2,0,5,1,0,0,0,1
32,23,1,3,0,5,1,0,0,0,0
26,18,2,2,0,5,1,0,0,0,1
25,18,2,2,0,5,0,0,0,0,0
20,12,2,2,0,5,1,0,0,0,1
27,19,2,2,0,5,1,0,0,0,1
37,12,1,4,0,6,1,0,0,0,0
22,14,2,2,0,5,1,0,0,0,1
31,22,2,3,1,7,1,0,0,0,0
31,24,2,2,0,5,0,0,0,0,0
36,28,3,2,0,6,1,0,0,0,1
26,18,2,2,0,5,1,0,0,0,1
18,10,2,2,0,5,1,0,0,0,1
25,17,2,2,0,5,1,0,0,0,1
26,18,2,2,0,5,1,0,0,0,1
26,18,2,2,0,5,1,0,0,0,1
21,13,2,2,0,5,1,0,0,0,1
31,24,3,2,0,6,0,0,0,0,0
24,17,2,2,0,5,0,0,0,0,0
23,15,2,2,0,5,1,0,0,0,1
21,14,2,2,0,5,0,0,0,0,0
27,20,3,2,0,6,0,0,0,0,0
26,17,2,3,0,6,1,0,0,0,0
29,21,2,2,0,5,1,0,0,0,1
35,27,2,2,0,5,1,0,0,0,1
24,16,2,2,0,5,1,0,0,0,1
92,16,3,5,0,13,1,0,0,0,0
35,27,2,2,0,5,1,0,0,0,1
27,19,2,2,0,5,1,0,0,0,1
37,28,2,3,0,6,1,0,0,0,0
27,19,2,2,0,5,1,0,0,0,1
16,8,1,3,0,5,0,0,0,0,0
52,45,4,2,3,10,0,0,0,0,0
28,20,2,2,0,5,1,0,0,0,1
20,12,2,2,0,5,1,0,0,0,1
32,24,2,2,0,5,1,0,0,0,1
34,25,2,3,1,7,1,0,0,0,0
23,15,3,2,0,6,1,0,0,0,1
20,12,2,2,0,5,1,0,0,0,1
26,18,2,2,0,5,1,0,0,0,1
64,25,2,4,0,11,0,0,0,0,0
55,47,3,2,4,10,1,0,0,0,0
25,17,2,2,0,5,1,0,0,0,1
25,17,2,2,0,5,1,0,0,0,1
29,21,2,2,0,5,1,0,0,0,1
35,27,2,2,0,5,1,0,0,0,1
28,20,3,2,1,7,1,0,0,0,1
41,33,2,2,0,5,1,0,0,0,1
29,21,2,2,0,5,1,0,0,0,1
55,46,3,3,3,10,1,0,0,0,0
43,34,2,3,2,8,1,0,0,0,0
19,11,2,2,0,5,1,0,0,0,1
27,20,3,2,0,6,0,0,0,0,0
46,37,2,3,0,6,1,0,0,0,0
31,23,2,2,0,5,1,0,0,0,1
34,26,4,2,0,7,1,0,0,0,1
26,18,2,2,0,5,1,0,0,0,1
48,39,3,3,0,7,1,0,0,0,0
20,13,2,2,0,5,0,0,0,0,0
21,13,3,2,0,6,1,0,0,0,1
25,17,3,2,0,6,1,0,0,0,1
21,13,2,2,0,5,1,0,0,0,1
35,27,2,2,0,5,1,0,0,0,1
26,17,2,3,0,6,1,0,0,0,0
29,21,2,2,0,5,1,0,0,0,1
23,15,2,2,0,5,1,0,0,0,1
27,19,2,2,0,5,1,0,0,0,1
27,19,2,2,0,5,1,0,0,0,1
32,24,2,2,2,7,1,0,0,0,1
36,27,2,3,2,8,1,0,0,0,0
71,39,7,5,1,15,1,0,0,0,0
22,14,2,2,0,5,1,0,0,0,1
48,41,2,2,0,5,0,0,0,0,0
31,23,2,2,0,5,1,0,0,0,1
21,13,3,3,0,7,0,0,1,0,0
89,7,1,5,0,9,1,1,0,0,0
31,23,2,2,0,5,1,0,0,0,1
23,15,3,2,0,6,1,0,0,0,1
22,15,2,2,0,5,0,0,0,0,0
25,17,2,2,0,5,1,0,0,0,1
21,13,2,2,0,5,1,0,0,0,1
46,39,4,2,3,10,0,0,0,0,0
22,14,3,2,0,6,1,0,0,0,1
31,23,2,2,0,5,1,0,0,0,1
35,27,2,2,0,5,1,0,0,0,1
21,13,2,2,0,5,1,0,0,0,1
30,23,2,2,0,5,0,0,0,0,0
22,15,2,2,0,5,0,0,0,0,0
18,10,2,2,0,5,1,0,0,0,1
24,16,2,2,0,5,1,0,0,0,1
31,23,2,2,1,6,1,0,0,0,1
47,39,2,2,0,5,1,0,0,0,1
26,18,2,2,0,5,1,0,0,0,1
35,26,2,3,0,6,1,0,0,0,0
36,28,2,2,0,5,1,0,0,0,1
36,28,2,2,2,7,1,0,0,0,1
45,28,3,3,2,9,0,0,0,0,0
31,23,2,2,0,5,1,0,0,0,1
43,34,2,3,1,7,1,0,0,0,0
24,16,3,2,0,6,1,0,0,0,1
38,31,2,2,2,7,0,0,0,0,0
21,13,2,2,0,5,1,0,0,0,1
25,17,2,2,0,5,1,0,0,0,1
33,25,3,2,0,6,1,0,0,0,1
30,22,3,2,1,7,1,0,0,0,1
48,41,2,2,0,5,0,0,0,0,0
23,15,2,2,0,5,1,0,0,0,1
24,17,2,2,0,5,0,0,0,0,0
27,19,3,2,0,6,1,0,0,0,1
23,15,2,2,1,6,1,0,0,0,1
77,25,4,7,0,12,0,0,0,1,0
22,14,2,2,0,5,1,0,0,0,1
26,18,2,2,0,5,1,0,0,0,1
28,20,2,2,0,5,1,0,0,0,1
24,17,2,2,0,5,0,0,0,0,0
27,19,2,2,0,5,1,0,0,0,1
98,26,1,4,1,13,1,0,0,0,0
27,19,2,2,0,5,1,0,0,0,1
39,31,2,2,0,5,1,0,0,0,1
40,32,2,2,0,5,1,0,0,0,1
28,20,2,2,0,5,1,0,0,0,1
20,12,2,2,0,5,1,0,0,0,1
29,22,2,2,0,5,0,0,0,0,0
26,18,2,2,0,5,1,0,0,0,1
31,23,2,2,0,5,1,0,0,0,1
32,24,2,2,2,7,1,0,0,0,1
21,13,3,2,0,6,1,0,0,0,1
31,23,2,2,0,5,1,0,0,0,1
24,16,2,2,0,5,1,0,0,0,1
30,22,3,2,0,6,1,0,0,0,1
23,15,2,2,0,5,1,0,0,0,1
32,24,2,2,1,6,1,0,0,0,1
21,13,2,2,0,5,1,0,0,0,1
25,17,2,2,0,5,1,0,0,0,1
34,25,2,3,1,7,1,0,0,0,0
31,23,3,2,0,6,1,0,0,0,1
34,26,2,2,0,5,1,0,0,0,1
30,22,2,2,0,5,1,0,0,0,1
25,17,2,2,1,6,1,0,0,0,1
31,23,2,2,0,5,1,0,0,0,1
26,18,3,2,0,6,1,0,0,0,1
28,20,2,2,0,5,1,0,0,0,1
32,23,2,3,1,7,1,0,0,0,0
33,25,2,2,0,5,1,0,0,0,1
25,17,3,2,0,6,1,0,0,0,1
26,18,2,2,0,5,1,0,0,0,1
26,18,3,2,0,6,1,0,0,0,1
32,25,3,2,1,7,0,0,0,0,0
28,20,3,2,0,6,1,0,0,0,1
25,17,3,2,0,6,1,0,0,0,1
24,16,2,2,0,5,1,0,0,0,1
28,20,2,2,0,5,1,0,0,0,1
24,16,2,2,1,6,1,0,0,0,1
30,22,3,2,1,7,1,0,0,0,1
28,20,2,2,0,5,1,0,0,0,1
31,23,2,2,0,5,1,0,0,0,1
28,20,2,2,0,5,1,0,0,0,1
36,28,2,2,1,6,1,0,0,0,1
21,13,2,2,0,5,1,0,0,0,1
29,21,2,2,0,5,1,0,0,0,1
42,33,2,3,0,6,1,0,0,0,0
74,29,1,4,2,13,1,0,0,0,0
25,17,2,2,0,5,1,0,0,0,1
25,17,2,2,0,5,1,0,0,0,1
24,16,2,2,0,5,1,0,0,0,1
28,21,3,2,0,6,0,0,0,0,0
29,21,2,2,0,5,1,0,0,0,1
25,17,2,2,0,5,1,0,0,0,1
31,23,2,2,1,6,1,0,0,0,1
38,30,2,2,0,5,1,0,0,0,1
24,16,2,2,0,5,1,0,0,0,1
27,19,2,2,0,5,1,0,0,0,1
20,12,2,2,0,5,1,0,0,0,1
30,22,2,2,0,5,1,0,0,0,1
28,20,2,2,0,5,1,0,0,0,1
37,29,2,2,0,5,1,0,0,0,1
24,17,3,2,0,6,0,0,0,0,0
19,11,2,2,0,5,1,0,0,0,1
21,13,2,2,0,5,1,0,0,0,1
20,12,2,2,0,5,1,0,0,0,1
24,16,2,2,0,5,1,0,0,0,1
20,13,2,2,0,5,0,0,0,0,0
21,14,2,2,0,5,0,0,0,0,0
33,26,3,2,0,6,0,0,0,0,0
31,23,3,2,0,6,1,0,0,0,1
24,16,2,2,0,5,1,0,0,0,1
22,15,2,2,0,5,0,0,0,0,0
21,13,3,2,0,6,1,0,0,0,1
27,19,3,2,0,6,1,0,0,0,1
30,22,2,2,0,5,1,0,0,0,1
25,17,2,2,0,5,1,0,0,0,1
25,18,2,2,0,5,0,0,0,0,0
31,22,2,3,0,6,1,0,0,0,0
27,20,3,2,0,6,0,0,0,0,0
47,21,2,5,1,9,1,0,0,0,0
47,24,2,4,1,8,1,0,0,0,0
25,18,2,2,0,5,0,0,0,0,0
24,16,2,2,0,5,1,0,0,0,1
29,18,2,4,0,8,1,0,0,0,0
29,21,2,2,0,5,1,0,0,0,1
26,18,2,2,0,5,1,0,0,0,1
29,22,3,2,0,6,0,0,0,0,0
24,16,2,2,0,5,1,0,0,0,1
24,16,2,2,0,5,1,0,0,0,1
28,20,2,2,0,5,1,0,0,0,1
71,23,1,4,0,6,1,0,0,0,0
34,26,2,2,0,5,1,0,0,0,1
29,21,2,2,0,5,1,0,0,0,1
59,52,3,2,5,11,0,0,0,1,0
31,24,4,2,0,7,0,0,0,0,0
31,23,2,2,0,5,1,0,0,0,1
27,19,2,2,0,5,1,0,0,0,1
26,18,2,2,0,5,1,0,0,0,1
20,12,2,2,0,5,1,0,0,0,1
27,19,2,2,0,5,1,0,0,0,1
24,17,2,2,0,5,0,0,0,0,0
24,16,2,2,0,5,1,0,0,0,1
41,34,3,2,0,6,0,0,0,0,0
29,21,2,2,0,5,1,0,0,0,1
25,17,2,2,1,6,1,0,0,0,0
25,17,2,2,0,5,1,0,0,0,1
23,16,2,2,0,5,0,0,0,0,0
38,30,2,2,0,5,1,0,0,0,1
33,25,2,2,0,5,1,0,0,0,1
27,18,2,3,1,7,1,0,0,0,0
22,14,3,2,0,6,1,0,0,0,1
59,25,2,4,2,9,0,0,0,0,0
33,25,3,2,0,6,1,0,0,0,1
33,25,2,2,2,7,1,0,0,0,1
32,24,2,2,0,5,1,0,0,0,1
25,17,3,2,0,6,1,0,0,0,1
33,25,3,2,0,6,1,0,0,0,1
27,19,2,2,0,5,1,0,0,0,1
29,22,2,2,0,5,0,0,0,0,0
28,20,3,2,0,6,1,0,0,0,1
33,26,3,2,0,6,0,0,0,0,0
119,44,4,8,4,17,1,0,0,0,0
30,22,3,2,0,6,1,0,0,0,1
21,13,2,2,0,5,1,0,0,0,1
27,19,2,2,0,5,1,0,0,0,1
21,10,1,4,1,8,1,0,0,0,0
31,24,4,2,0,7,0,0,0,0,0
16,9,2,2,0,5,0,0,0,0,0
30,22,2,2,0,5,1,0,0,0,1
26,17,1,3,1,6,1,0,0,0,0
23,15,2,2,0,5,1,0,0,0,1
33,25,2,2,0,5,1,0,0,0,1
25,18,2,2,0,5,0,0,0,0,0
88,19,3,4,5,13,1,0,0,0,0
19,11,2,2,0,5,1,0,0,0,1
21,13,2,2,0,5,1,0,0,0,1
26,18,2,2,1,6,1,0,0,0,1
31,23,2,2,0,5,1,0,0,0,1
38,30,2,2,0,5,1,0,0,0,1
20,12,2,2,0,5,1,0,0,0,1
35,13,1,3,0,5,0,0,0,0,0
21,14,2,2,0,5,0,0,0,0,0
29,22,3,2,0,6,0,0,0,0,0
25,17,2,2,0,5,1,0,0,0,1
21,13,2,2,0,5,1,0,0,0,1
41,32,2,3,3,9,1,0,0,0,0
34,25,2,3,1,7,1,0,0,0,0
23,15,2,2,0,5,1,0,0,0,1
36,20,2,4,0,7,1,0,0,0,0
49,40,2,3,3,9,1,0,0,0,0
30,22,2,2,0,5,1,0,0,0,1
34,26,2,2,0,5,1,0,0,0,1
30,4,1,3,0,5,1,0,0,0,0
28,21,2,2,1,6,0,0,0,0,0
22,14,2,2,0,5,1,0,0,0,1
25,17,4,2,0,7,1,0,0,0,1
30,22,2,2,0,5,1,0,0,0,1
28,21,2,2,0,5,0,0,0,0,0
22,14,2,2,0,5,1,0,0,0,1
31,23,4,2,0,7,1,0,0,0,1
39,31,2,2,0,5,1,0,0,0,1
20,12,2,2,0,5,1,0,0,0,1
26,18,2,2,0,5,1,0,0,0,1
41,32,2,3,2,8,1,0,0,0,0
21,13,2,2,0,5,1,0,0,0,1
25,17,2,2,0,5,1,0,0,0,1
23,15,2,2,0,5,1,0,0,0,0
34,25,2,3,0,6,1,0,0,0,0
47,39,4,3,2,10,0,0,0,0,0
25,17,2,2,0,5,1,0,0,0,1
32,25,2,2,0,5,0,0,0,0,0
30,22,2,2,0,5,1,0,0,0,1
38,30,2,2,0,5,1,0,0,0,1
29,21,2,2,0,5,1,0,0,0,1
19,11,2,2,0,5,1,0,0,0,1
29,21,2,2,0,5,1,0,0,0,1
28,21,2,2,0,5,0,0,0,0,0
31,23,2,2,0,5,1,0,0,0,1
25,17,3,2,0,6,1,0,0,0,1
20,13,1,2,0,4,0,0,0,0,0
26,18,2,2,1,6,1,0,0,0,1
26,18,2,2,0,5,1,0,0,0,1
26,18,2,2,0,5,1,0,0,0,1
36,28,2,2,1,6,1,0,0,0,1
23,15,2,2,0,5,1,0,0,0,1
82,74,3,3,0,7,0,0,0,0,0
78,17,2,3,0,9,0,0,0,0,0
25,17,3,2,0,6,1,0,0,0,1
29,21,2,2,0,5,1,0,0,0,1
37,29,2,2,0,5,1,0,0,0,1
103,44,4,8,2,15,1,0,0,0,0
28,20,2,2,0,5,1,0,0,0,1
28,21,2,2,0,5,0,0,0,0,0
34,26,2,2,0,5,1,0,0,0,1
31,22,2,3,0,6,1,0,0,0,0
27,19,3,2,0,6,1,0,0,0,1
20,13,2,2,0,5,0,0,0,0,0
31,23,2,2,1,6,1,0,0,0,1
18,10,2,2,0,5,1,0,0,0,1
125,11,9,11,0,25,0,1,0,0,0
34,26,3,2,0,6,1,0,0,0,1
31,23,2,2,0,5,1,0,0,0,1
23,16,2,2,0,5,0,0,0,0,0
34,26,3,2,1,7,1,0,0,0,1
25,18,2,2,0,5,0,0,0,0,0
22,15,2,2,0,5,0,0,0,0,0
22,14,2,2,0,5,1,0,0,0,1
30,22,1,3,1,6,0,0,0,0,0
29,21,4,2,0,7,1,0,0,0,1
42,33,2,3,0,6,1,0,0,0,0
38,30,5,3,0,9,0,0,0,0,0
27,20,2,2,1,6,0,0,0,0,0
83,74,3,3,0,7,1,0,0,0,0
27,19,2,2,0,5,1,0,0,0,1
24,16,3,2,0,6,1,0,0,0,1
24,8,1,3,0,5,1,0,0,0,0
31,23,3,2,0,6,1,0,0,0,1
25,17,3,2,0,6,1,0,0,0,1
23,15,2,2,0,5,1,0,0,0,1
28,20,3,2,0,6,1,0,0,0,1
25,17,2,2,0,5,1,0,0,0,1
36,27,2,3,1,7,1,0,0,1,0
47,38,2,3,1,7,1,0,0,0,0
33,25,2,2,0,5,1,0,0,0,1
24,16,2,2,0,5,1,0,0,0,1
24,16,2,2,0,5,1,0,0,0,1
28,20,2,2,0,5,1,0,0,0,1
33,25,2,2,0,5,1,0,0,0,1
54,45,2,3,3,9,1,0,0,1,0
25,17,2,2,0,5,1,0,0,0,1
22,14,3,2,0,6,1,0,0,0,1
25,17,2,2,0,5,1,0,0,0,1
24,16,3,2,0,6,1,0,0,0,1
27,19,2,2,0,5,1,0,0,0,1
36,29,1,2,0,4,0,0,0,0,0
191,13,13,9,0,41,0,0,1,1,0
85,15,2,6,0,10,1,0,0,0,0
31,23,3,2,0,6,1,0,0,0,1
24,16,2,2,0,5,1,0,0,0,1
45,37,2,2,2,7,1,0,0,0,1
24,16,2,2,0,5,1,0,0,0,1
28,20,2,2,0,5,1,0,0,0,1
30,22,2,2,0,5,1,0,0,0,1
24,16,2,2,0,5,1,0,0,0,1
22,14,2,2,0,5,1,0,0,0,1
28,20,2,2,0,5,1,0,0,0,1
97,19,2,4,0,12,1,0,0,0,0
25,18,3,2,0,6,0,0,0,0,0
28,20,2,2,0,5,1,0,0,0,1
108,11,1,12,2,16,1,0,0,0,0
31,24,3,2,0,6,0,0,0,0,0
22,14,2,2,0,5,1,0,0,0,1
30,22,2,2,0,5,1,0,0,0,1
26,18,2,2,0,5,1,0,0,0,1
31,24,3,2,1,7,0,0,0,0,0
29,22,2,2,0,5,0,0,0,0,0
35,27,2,2,0,5,1,0,0,0,1
24,15,2,3,1,7,1,0,0,0,0
38,31,2,2,0,5,0,0,0,0,0
23,15,2,2,0,5,1,0,0,0,1
31,23,2,2,0,5,1,0,0,0,1
38,23,2,4,0,7,1,0,0,0,0
35,27,3,2,0,6,1,0,0,0,1
28,20,2,2,0,5,1,0,0,0,1
28,20,4,2,0,7,1,0,0,0,1
35,26,2,3,0,6,1,0,0,0,0
23,15,2,2,0,5,1,0,0,0,1
51,34,3,4,2,10,1,0,0,0,0
31,23,2,2,0,5,1,0,0,0,1
29,22,2,2,0,5,0,0,0,0,0
21,13,3,2,0,6,1,0,0,0,1
23,15,2,2,0,5,1,0,0,0,1
24,16,2,2,0,5,1,0,0,0,1
41,34,2,2,2,7,0,0,0,0,0
25,17,2,2,0,5,1,0,0,0,1
30,22,2,2,0,5,1,0,0,0,1
35,26,2,3,1,7,1,0,0,0,0
35,28,1,2,1,5,0,0,0,0,0
36,23,1,4,1,7,0,0,0,0,0
28,20,2,2,0,5,1,0,0,0,1
21,13,2,2,0,5,1,0,0,0,1
36,28,3,2,0,6,1,0,0,0,1
24,16,3,2,0,6,1,0,0,0,1
28,19,2,3,0,6,1,0,0,0,0
30,22,2,2,0,5,1,0,0,0,1
31,23,2,2,0,5,1,0,0,0,1
36,29,2,2,2,7,0,0,0,0,0
26,18,2,2,0,5,1,0,0,0,1
35,27,2,2,0,5,1,0,0,0,1
51,43,4,3,2,10,0,0,0,0,0
20,12,2,2,0,5,1,0,0,0,1
19,11,2,2,0,5,1,0,0,0,1
185,27,5,6,0,23,0,0,0,1,0
24,16,2,2,0,5,1,0,0,0,1
34,25,2,3,1,7,1,0,0,0,0
22,14,2,2,0,5,1,0,0,0,1
34,25,2,3,0,6,1,0,0,0,0
34,26,2,2,0,5,1,0,0,0,1
26,18,2,2,0,5,1,0,0,0,1
23,15,2,2,0,5,1,0,0,0,1
47,30,5,3,1,10,1,0,0,0,0
34,26,2,2,0,5,1,0,0,0,1
26,18,2,2,0,5,1,0,0,0,1
41,24,2,5,0,8,0,0,0,0,0
27,19,2,2,0,5,1,0,0,0,1
23,15,2,2,0,5,1,0,0,0,1
31,23,2,2,0,5,1,0,0,0,1
27,19,2,2,0,5,1,0,0,0,1
19,11,1,3,0,5,0,0,0,0,0
41,33,2,2,0,5,1,0,0,0,1
31,23,2,2,0,5,1,0,0,0,1
20,8,1,3,0,5,0,0,0,0,0
22,14,2,2,0,5,1,0,0,0,1
19,12,1,2,0,4,0,0,0,0,0
20,5,1,3,0,5,1,0,0,0,0
21,14,2,2,0,5,0,0,0,0,0
26,18,2,2,0,5,1,0,0,0,1
33,26,3,2,0,6,0,0,0,0,0
41,32,2,3,2,8,1,0,0,0,0
27,19,2,2,1,6,1,0,0,0,1
43,14,3,5,0,9,0,0,0,1,0
28,20,2,2,0,5,1,0,0,0,1
35,27,2,2,0,5,1,0,0,0,1
39,31,2,2,0,5,1,0,0,0,1
32,24,2,2,0,5,1,0,0,0,1
28,20,2,2,0,5,1,0,0,0,1
38,29,2,3,1,7,1,0,0,0,0
26,17,2,3,0,6,1,0,0,0,0
38,31,3,2,1,7,0,0,0,0,0
32,24,2,2,1,6,1,0,0,0,1
38,30,2,2,1,6,1,0,0,0,1
49,40,2,3,2,8,1,0,0,0,0
40,25,3,3,0,7,1,0,0,0,0
30,22,2,2,0,5,1,0,0,0,1
26,18,2,2,0,5,1,0,0,0,1
19,11,2,2,0,5,1,0,0,0,1
34,26,2,2,0,5,1,0,0,0,1
32,24,2,2,0,5,1,0,0,0,1
29,21,2,2,0,5,1,0,0,0,1
38,30,2,2,1,6,1,0,0,0,1
114,30,2,4,1,14,1,0,0,0,0
38,30,2,2,0,5,1,0,0,0,1
30,23,2,2,0,5,0,0,0,0,0
31,23,2,2,0,5,1,0,0,0,1
30,22,2,2,0,5,1,0,0,0,1
32,23,2,3,0,6,1,0,0,0,0
27,19,2,2,1,6,1,0,0,0,1
69,52,4,3,0,8,1,0,0,0,0
25,17,2,2,1,6,1,0,0,0,1
32,23,2,3,0,6,1,0,0,0,0
22,14,2,2,0,5,1,0,0,0,1
22,14,2,2,0,5,1,0,0,0,1
32,24,2,2,1,6,1,0,0,0,1
27,19,2,2,0,5,1,0,0,0,1
31,23,2,2,0,5,1,0,0,0,1
127,31,6,7,2,18,1,1,0,0,0
33,26,4,2,0,7,0,0,0,0,0
29,21,2,2,0,5,1,0,0,0,1
27,19,2,2,0,5,1,0,0,0,1
51,42,2,3,4,10,1,0,0,1,0
35,27,2,2,0,5,1,0,0,1,1
30,22,2,2,1,6,1,0,0,0,1
48,22,2,4,0,7,1,0,0,0,0
21,13,2,2,0,5,1,0,0,0,1
23,15,2,2,0,5,1,0,0,0,1
17,9,2,2,0,5,1,0,0,0,1
23,16,2,2,0,5,0,0,0,0,0
20,12,2,2,0,5,1,0,0,0,1
40,22,2,5,1,9,1,0,0,0,0
28,20,2,2,0,5,1,0,0,0,1
25,17,2,2,0,5,1,0,0,0,1
56,47,3,3,4,11,1,0,0,0,0
27,19,2,2,0,5,1,0,0,0,1
27,19,2,2,1,6,1,0,0,0,1
26,18,3,2,0,6,1,0,0,0,1
22,15,2,2,0,5,0,0,0,0,0
34,26,2,2,0,5,1,0,0,0,1
24,16,2,2,0,5,1,0,0,0,1
21,13,2,2,0,5,1,0,0,0,1
23,15,2,2,0,5,1,0,0,0,1
24,16,2,2,1,6,1,0,0,0,1
28,21,2,2,1,6,0,0,0,0,0
21,13,2,2,0,5,1,0,0,0,1
34,26,2,2,0,5,1,0,0,0,1
20,12,2,2,0,5,1,0,0,0,1
32,24,2,2,0,5,1,0,0,0,1
20,12,2,2,0,5,1,0,0,0,1
28,20,2,2,1,6,1,0,0,0,1
40,32,2,2,1,6,1,0,0,0,1
29,21,2,2,0,5,1,0,0,0,1
29,21,2,2,0,5,1,0,0,0,1
44,36,2,2,0,5,1,0,0,0,1
23,16,3,2,0,6,0,0,0,0,0
27,20,3,2,0,6,0,0,0,0,0
48,28,2,4,2,9,0,0,0,0,0
28,20,3,2,0,6,1,0,0,0,1
20,12,2,2,0,5,1,0,0,0,1
26,18,2,2,0,5,1,0,0,0,1
26,18,2,2,0,5,1,0,0,0,1
22,15,2,2,0,5,0,0,0,0,0
22,14,2,2,0,5,1,0,0,0,1
24,16,2,2,0,5,1,0,0,0,1
24,17,2,2,0,5,0,0,0,0,0
26,19,2,2,1,6,0,0,0,0,0
22,14,2,2,0,5,1,0,0,0,1
23,15,2,2,0,5,1,0,0,0,1
24,16,2,2,0,5,1,0,0,0,1
29,21,2,2,0,5,1,0,0,0,1
42,21,2,3,0,6,0,0,0,0,0
25,17,2,2,1,6,1,0,0,0,1
35,27,3,2,0,6,1,0,0,0,1
23,15,2,2,1,6,1,0,0,0,1
24,16,2,2,0,5,1,0,0,0,1
21,13,2,2,0,5,1,0,0,0,1
30,22,2,3,1,7,0,0,0,0,0
23,15,2,2,0,5,1,0,0,0,1
49,29,3,3,1,8,1,0,0,0,0
48,41,4,2,3,10,0,0,0,0,0
34,26,2,2,1,6,1,0,0,0,1
33,25,2,2,0,5,1,0,0,0,1
24,16,2,2,0,5,1,0,0,0,1
28,21,2,2,0,5,0,0,0,0,0
22,14,2,2,0,5,1,0,0,0,1
26,18,2,2,0,5,1,0,0,0,1
28,21,2,2,1,6,0,0,0,0,0
34,26,3,2,0,6,1,0,0,0,1
35,26,2,3,1,7,1,0,0,0,0
25,17,2,2,0,5,1,0,0,0,1
30,22,2,2,1,6,1,0,0,0,1
26,18,2,2,1,6,1,0,0,0,1
23,15,3,2,0,6,1,0,0,0,1
29,21,2,2,2,7,1,0,0,0,1
24,16,2,2,0,5,1,0,0,0,1
38,30,2,2,0,5,1,0,0,0,1
64,55,2,3,5,11,1,0,0,0,0
30,22,3,2,0,6,1,0,0,0,1
26,18,2,2,0,5,1,0,0,0,1
22,14,3,2,0,6,1,0,0,0,1
34,26,2,2,0,5,1,0,0,0,1
22,11,1,3,0,5,1,0,0,0,0
17,10,2,2,0,5,0,0,0,0,0
61,52,3,3,0,7,1,0,0,1,0
25,17,2,2,0,5,1,0,0,0,1
25,17,3,2,0,6,1,0,0,0,1
22,14,2,2,0,5,1,0,0,0,1
31,23,2,2,0,5,1,0,0,0,1
23,15,3,2,0,6,1,0,0,0,1
22,14,2,2,0,5,1,0,0,0,1
27,20,2,2,0,5,0,0,0,0,0
24,16,2,2,0,5,1,0,0,0,1
24,16,2,2,0,5,1,0,0,0,1
48,17,4,3,0,10,0,0,0,0,0
22,15,2,2,0,5,0,0,0,0,0
22,14,2,2,0,5,1,0,0,0,1
28,21,3,2,0,6,0,0,0,0,0
26,17,2,3,0,6,1,0,0,0,0
31,24,3,2,0,6,0,0,0,0,0
27,20,3,2,0,6,0,0,0,0,0
36,28,3,2,1,7,1,0,0,0,1
37,29,3,2,0,6,1,0,0,0,1
22,14,3,2,0,6,1,0,0,0,1
22,14,2,2,0,5,1,0,0,0,1
56,49,5,2,2,10,0,0,0,0,0
113,45,4,4,5,18,0,0,0,1,0
38,30,2,2,0,5,1,0,0,0,1
23,15,2,2,0,5,1,0,0,0,1
23,15,2,2,0,5,1,0,0,0,1
35,27,3,2,0,6,1,0,0,0,1
28,20,2,2,0,5,1,0,0,0,1
31,24,2,2,0,5,0,0,0,0,0
25,17,2,2,0,5,1,0,0,0,1
29,21,2,2,0,5,1,0,0,0,1
51,19,2,4,2,9,0,0,0,0,0
26,18,2,2,0,5,1,0,0,0,1
24,16,2,2,0,5,1,0,0,0,1
20,12,2,2,0,5,1,0,0,0,1
26,19,1,2,1,5,0,0,0,0,0
32,18,1,3,0,5,0,0,0,0,0
30,22,2,2,0,5,1,0,0,0,1
26,19,2,2,0,5,0,0,0,0,0
22,14,2,2,0,5,1,0,0,0,1
20,12,2,2,0,5,1,0,0,0,1
35,27,2,2,0,5,1,0,0,0,1
29,21,2,2,0,5,1,0,0,0,1
27,19,3,2,0,6,1,0,0,0,1
28,20,2,2,0,5,1,0,0,0,1
41,8,1,3,0,5,1,0,0,0,0
36,28,2,2,2,7,1,0,0,0,1
29,11,1,5,0,7,1,0,0,0,0
30,22,3,2,0,6,1,0,0,0,1
38,30,2,2,0,5,1,0,0,0,1
24,16,2,2,0,5,1,0,0,0,1
22,14,2,2,0,5,1,0,0,0,1
21,13,2,2,0,5,1,0,0,0,1
33,25,2,2,0,5,1,0,0,0,1
28,21,2,2,0,5,0,0,0,0,0
23,15,2,2,0,5,1,0,0,0,1
29,21,2,2,0,5,1,0,0,0,1
32,24,2,2,0,5,1,0,0,0,1
25,17,2,2,0,5,1,0,0,0,1
25,17,2,2,0,5,1,0,0,0,1
30,22,3,2,0,6,1,0,0,0,1
26,18,2,2,0,5,1,0,0,0,1
22,14,2,2,0,5,1,0,0,0,1
36,28,2,2,0,5,1,0,0,0,1
29,21,2,2,0,5,1,0,0,0,1
24,16,2,2,0,5,1,0,0,0,1
23,15,2,2,0,5,1,0,0,0,1
31,24,1,2,3,7,0,0,0,0,0
29,21,2,2,0,5,1,0,0,0,1
26,18,2,2,0,5,1,0,0,0,1
20,13,2,2,0,5,0,0,0,0,0
35,27,2,2,1,6,1,0,0,0,1
25,17,3,2,0,6,1,0,0,0,1
30,22,2,2,0,5,1,0,0,0,1
58,25,2,4,0,7,1,0,0,0,0
33,25,2,2,0,5,1,0,0,0,1
30,22,2,2,0,5,1,0,0,0,1
28,20,2,2,0,5,1,0,0,0,1
31,23,3,2,0,6,1,0,0,0,1
50,23,2,5,0,8,1,0,0,1,0
30,22,2,2,0,5,1,0,0,0,1
26,18,3,2,0,6,1,0,0,0,1
20,12,2,2,0,5,1,0,0,0,1
32,25,2,2,1,6,0,0,0,0,0
40,29,3,4,0,8,0,0,0,0,0
30,22,2,2,0,5,1,0,0,0,1
29,21,2,2,0,5,1,0,0,0,1
28,21,3,2,0,6,0,0,0,0,0
26,18,2,2,0,5,1,0,0,0,1
26,19,2,2,0,5,0,0,0,0,0
24,16,2,2,0,5,1,0,0,0,1
29,21,2,2,0,5,1,0,0,1,1
22,14,3,2,0,6,1,0,0,0,1
19,11,2,2,0,5,1,0,0,0,1
23,15,2,2,0,5,1,0,0,0,1
23,16,2,2,0,5,0,0,0,0,0
26,18,3,2,0,6,1,0,0,0,1
21,13,2,2,0,5,1,0,0,0,1
28,20,2,2,0,5,1,0,0,0,1
63,53,6,3,0,10,0,0,0,0,0
37,28,2,3,0,6,1,0,0,0,0
31,23,2,2,0,5,1,0,0,0,1
29,22,3,2,0,6,0,0,0,0,0
22,14,3,2,0,6,1,0,0,0,1
22,14,2,2,0,5,1,0,0,0,1
29,21,2,2,0,5,1,0,0,0,1
26,18,3,2,0,6,1,0,0,0,1
31,23,2,2,0,5,1,0,0,0,1
31,23,2,2,0,5,1,0,0,0,1
22,14,2,2,0,5,1,0,0,0,1
32,24,3,2,0,6,1,0,0,0,1
22,15,2,2,0,5,0,0,0,0,0
23,15,3,2,0,6,1,0,0,0,1
28,20,2,2,0,5,1,0,0,0,1
26,18,2,2,1,6,1,0,0,0,1
28,20,2,2,0,5,1,0,0,0,1
29,22,2,2,0,5,0,0,0,0,0
34,26,2,2,0,5,1,0,0,0,1
27,19,2,2,0,5,1,0,0,0,1
25,17,3,2,0,6,1,0,0,0,1
30,22,2,2,0,5,1,0,0,0,1
23,15,2,2,0,5,1,0,0,0,1
25,17,2,2,0,5,1,0,0,0,1
27,19,2,2,0,5,1,0,0,0,1
25,17,3,2,0,6,1,0,0,0,1
24,16,2,2,0,5,1,0,0,0,1
18,10,2,2,0,5,1,0,0,0,1
29,22,2,2,0,5,0,0,0,0,0
35,27,2,3,1,7,0,0,0,0,0
20,13,2,2,0,5,0,0,0,0,0
81,34,3,4,2,11,1,0,0,0,0
31,23,3,2,0,6,1,0,0,0,1
23,15,3,2,0,6,1,0,0,0,1
44,36,4,3,2,10,0,0,0,0,0
31,23,2,2,0,5,1,0,0,0,1
32,24,3,2,0,6,1,0,0,0,1
20,12,2,2,0,5,1,0,0,0,1
28,20,2,2,0,5,1,0,0,0,1
47,19,2,5,0,8,1,0,0,0,0
26,18,2,2,0,5,1,0,0,0,1
20,13,2,2,0,5,0,0,0,0,0
19,11,2,2,0,5,1,0,0,0,1
67,58,3,3,0,7,1,0,0,1,0
28,20,2,2,0,5,1,0,0,0,1
28,20,2,2,0,5,1,0,0,0,1
26,18,2,2,0,5,1,0,0,0,1
24,16,2,2,0,5,1,0,0,0,1
23,15,2,2,0,5,1,0,0,0,1
27,19,3,2,0,6,1,0,0,0,1
19,11,2,2,0,5,1,0,0,0,1
32,24,2,2,0,5,1,0,0,0,1
49,41,4,3,2,10,0,0,0,0,0
18,11,2,2,0,5,0,0,0,0,0
22,14,2,2,0,5,1,0,0,0,1
81,69,3,3,4,12,1,0,0,0,0
21,13,2,2,0,5,1,0,0,0,1
21,13,2,2,0,5,1,0,0,0,1
24,16,2,2,0,5,1,0,0,0,1
23,15,2,2,0,5,1,0,0,0,1
31,23,2,2,0,5,1,0,0,0,1
21,13,2,2,0,5,1,0,0,0,1
20,13,1,2,0,4,0,0,0,0,0
67,58,2,3,5,11,1,0,0,0,0
23,15,3,2,0,6,1,0,0,0,1
35,27,2,2,0,5,1,0,0,0,1
34,25,2,3,1,7,1,0,0,0,0
30,22,3,2,0,6,1,0,0,0,1
25,17,2,2,0,5,1,0,0,0,1
31,24,2,2,0,5,0,0,0,0,0
22,14,2,2,1,6,1,0,0,0,1
41,33,2,2,0,5,1,0,0,0,1
39,13,1,3,0,6,0,0,0,0,0
29,21,2,2,0,5,1,0,0,0,1
20,12,2,2,0,5,1,0,0,0,1
27,20,2,2,0,5,0,0,0,0,0
58,39,3,3,1,8,1,0,0,0,0
30,22,2,2,0,5,1,0,0,0,1
28,20,2,2,0,5,1,0,0,0,1
27,19,2,2,0,5,1,0,0,0,1
21,13,2,2,0,5,1,0,0,0,1
26,18,2,2,0,5,1,0,0,0,1
47,30,5,3,1,10,1,0,0,0,0
34,27,2,2,2,7,0,0,0,0,0
22,14,3,2,0,6,1,0,0,0,1
21,13,2,2,0,5,1,0,0,0,1
29,22,2,2,0,5,0,0,0,0,0
31,23,2,2,0,5,1,0,0,0,1
26,18,2,2,0,5,1,0,0,0,1
27,19,2,2,0,5,1,0,0,0,1
54,11,2,4,0,7,1,0,0,0,0
33,25,3,2,0,6,1,0,0,0,1
23,14,1,3,1,6,1,0,0,0,0
22,14,2,2,0,5,1,0,0,0,1
28,20,2,2,0,5,1,0,0,0,1
24,17,2,2,0,5,0,0,0,0,0
30,22,2,2,0,5,1,0,0,0,1
22,14,2,2,0,5,1,0,0,0,1
96,19,4,5,5,17,1,1,0,0,0
35,26,2,3,1,7,1,0,0,0,0
26,18,2,2,0,5,1,0,0,0,1
23,16,2,2,0,5,0,0,0,0,0
33,25,2,2,0,5,1,0,0,0,1
28,21,2,2,0,5,0,0,0,0,0
55,47,3,2,4,10,1,0,0,0,0
33,24,2,3,0,6,1,0,0,0,0
31,22,2,3,0,6,1,0,0,1,0
27,19,2,2,0,5,1,0,0,0,1
29,21,3,2,0,6,1,0,0,0,1
19,11,2,2,0,5,1,0,0,0,1
39,32,2,2,1,6,0,0,0,0,0
24,16,2,2,1,6,1,0,0,0,1
67,53,7,3,0,11,0,0,0,0,0
24,9,1,3,0,5,1,0,0,0,0
46,37,3,3,0,7,1,0,0,0,0
25,17,2,2,1,6,1,0,0,0,1
21,13,2,2,0,5,1,0,0,0,1
22,14,2,2,0,5,1,0,0,0,1
27,20,2,2,2,7,0,0,0,0,0
29,21,2,2,0,5,1,0,0,0,1
26,19,2,2,0,5,0,0,0,0,0
88,18,5,7,1,17,0,1,0,0,0
26,18,2,2,0,5,1,0,0,0,1
34,27,3,2,0,6,0,0,0,0,0
21,13,2,2,0,5,1,0,0,0,1
25,17,2,2,0,5,1,0,0,0,1
33,25,2,2,0,5,1,0,0,0,1
31,23,2,2,0,5,1,0,0,0,1
28,20,2,2,0,5,1,0,0,0,1
28,20,2,2,0,5,1,0,0,0,1
37,12,3,6,0,10,0,0,0,0,0
26,18,2,2,0,5,1,0,0,0,1
26,18,3,2,0,6,1,0,0,0,1
30,23,3,2,0,6,0,0,0,0,0
27,19,2,2,0,5,1,0,0,0,1
24,16,2,2,0,5,1,0,0,0,1
19,11,2,2,0,5,1,0,0,0,1
32,24,2,2,0,5,1,0,0,0,1
25,18,3,2,0,6,0,0,0,0,0
21,13,2,2,0,5,1,0,0,0,1
31,23,3,2,0,6,1,0,0,0,1
29,21,2,2,0,5,1,0,0,0,1
19,11,2,2,0,5,1,0,0,0,1
38,30,2,2,0,5,1,0,0,0,1
35,27,2,2,0,5,1,0,0,0,1
32,24,2,2,2,7,1,0,0,0,1
18,11,2,2,0,5,0,0,0,0,0
32,24,2,2,0,5,1,0,0,0,1
39,30,2,3,1,7,1,0,0,0,0
37,17,2,3,0,6,1,0,0,0,0
27,19,2,2,0,5,1,0,0,0,1
27,18,2,3,1,7,1,0,0,0,0
44,27,2,3,1,7,1,0,0,0,0
24,16,2,2,0,5,1,0,0,0,1
23,15,2,2,0,5,1,0,0,0,1
24,16,3,2,0,6,1,0,0,0,1
47,39,4,3,2,10,0,0,0,0,0
31,18,2,3,0,6,1,0,0,0,0
33,26,3,2,0,6,0,0,0,0,0
34,26,2,2,0,5,1,0,0,1,1
28,20,3,2,0,6,1,0,0,0,1
23,16,2,2,0,5,0,0,0,0,0
24,16,2,2,0,5,1,0,0,0,1
27,19,2,2,0,5,1,0,0,0,1
31,23,3,2,0,6,1,0,0,0,1
26,19,2,2,0,5,0,0,0,0,0
27,19,2,2,0,5,1,0,0,0,1
30,22,2,2,0,5,1,0,0,0,1
24,17,2,2,0,5,0,0,0,0,0
26,18,2,2,0,5,1,0,0,0,1
37,29,2,2,0,5,1,0,0,0,1
26,18,2,2,0,5,1,0,0,0,1
29,21,2,2,0,5,1,0,0,0,1
31,23,2,2,0,5,1,0,0,0,1
30,22,2,2,0,5,1,0,0,0,1
32,24,2,2,0,5,1,0,0,0,1
41,11,1,6,1,9,1,0,0,0,0
22,14,3,2,0,6,1,0,0,0,1
20,12,2,2,0,5,1,0,0,0,1
25,17,2,2,0,5,1,0,0,0,1
24,16,2,2,0,5,1,0,0,0,1
53,45,3,3,5,12,0,0,0,1,0
29,21,2,2,0,5,1,0,0,0,1
66,46,4,3,0,8,1,0,0,1,0
43,34,2,3,2,8,1,0,0,0,0
30,21,2,3,0,6,1,0,0,0,0
25,18,2,2,0,5,0,0,0,0,0
23,16,2,2,0,5,0,0,0,0,0
26,17,2,3,1,7,1,0,0,1,0
50,41,3,3,0,7,1,0,0,0,0
22,14,2,2,0,5,1,0,0,0,1
25,17,2,2,1,6,1,0,0,0,1
56,47,3,3,4,11,1,0,0,0,0
51,42,3,3,0,7,1,0,0,0,0
24,17,2,2,0,5,0,0,0,0,0
23,15,2,2,0,5,1,0,0,0,1
27,19,2,2,0,5,1,0,0,0,1
126,74,5,3,0,12,1,1,0,0,0
22,14,2,2,0,5,1,0,0,0,1
19,12,2,2,0,5,0,0,0,0,0
28,20,2,2,0,5,1,0,0,0,1
128,86,4,3,0,9,0,0,0,0,0
26,18,2,2,0,5,1,0,0,0,1
27,19,2,2,0,5,1,0,0,0,1
33,26,2,2,0,5,0,0,0,0,0
30,22,2,2,0,5,1,0,0,0,1
28,19,1,3,2,7,1,0,0,0,0
36,28,3,2,0,6,1,0,0,0,1
33,24,2,3,1,7,1,0,0,0,0
66,27,2,4,0,11,0,0,0,0,0
24,16,2,2,0,5,1,0,0,0,1
34,25,2,3,1,7,1,0,0,0,0
34,25,2,3,1,7,1,0,0,0,0
36,28,2,2,0,5,1,0,0,0,1
28,20,2,2,0,5,1,0,0,0,1
28,20,2,2,0,5,1,0,0,0,1
33,25,2,2,0,5,1,0,0,0,1
21,13,2,2,0,5,1,0,0,0,1
99,15,2,7,1,11,1,0,0,0,0
22,14,2,2,0,5,1,0,0,0,1
20,12,2,2,0,5,1,0,0,0,1
50,31,6,4,0,11,0,0,0,0,0
25,17,2,2,0,5,1,0,0,0,1
28,20,2,2,0,5,1,0,0,0,1
22,14,2,2,0,5,1,0,0,0,1
21,13,2,2,0,5,1,0,0,0,1
34,26,2,2,2,7,1,0,0,0,1
36,28,2,2,1,6,1,0,0,0,1
26,18,2,2,0,5,1,0,0,0,1
29,21,2,2,0,5,1,0,0,0,1
29,21,3,2,0,6,1,0,0,0,1
37,29,2,2,0,5,1,0,0,0,1
35,27,2,2,1,6,1,0,0,0,1
251,52,6,7,0,45,0,0,0,1,0
30,22,2,2,0,5,1,0,0,0,1
35,27,2,2,0,5,1,0,0,0,1
23,15,2,2,1,6,1,0,0,0,1
33,25,2,2,0,5,1,0,0,0,1
29,21,2,2,0,5,1,0,0,0,1
27,19,2,2,0,5,1,0,0,0,1
36,28,3,2,0,6,1,0,0,0,1
36,18,1,4,0,6,1,0,0,0,0
38,21,2,4,1,8,1,0,0,0,0
39,31,2,2,0,5,1,0,0,0,1
24,16,2,2,0,5,1,0,0,0,1
24,16,2,2,0,5,1,0,0,0,1
30,22,3,2,0,6,1,0,0,0,1
27,20,3,2,0,6,0,0,0,0,0
25,17,2,2,0,5,1,0,0,0,1
24,16,3,2,0,6,1,0,0,0,1
25,18,2,2,1,6,0,0,0,0,0
27,19,2,2,0,5,1,0,0,0,1
29,21,4,2,0,7,1,0,0,0,1
34,25,2,3,0,6,1,0,0,0,0
37,28,2,3,2,8,1,0,0,0,0
28,20,2,2,0,5,1,0,0,0,1
32,25,2,2,0,5,0,0,0,0,0
31,23,2,2,0,5,1,0,0,0,1
25,16,2,3,1,7,1,0,0,0,0
18,9,1,3,0,5,1,0,0,0,0
22,14,2,2,0,5,1,0,0,0,1
26,18,2,2,1,6,1,0,0,0,1
27,19,2,2,0,5,1,0,0,0,1
19,11,2,2,0,5,1,0,0,0,1
24,16,2,2,0,5,1,0,0,0,1
27,20,3,2,0,6,0,0,0,0,0
23,15,2,2,0,5,1,0,0,0,1
25,17,2,2,0,5,1,0,0,0,1
24,17,2,2,1,6,0,0,0,0,0
25,17,2,2,0,5,1,0,0,0,1
23,15,2,2,0,5,1,0,0,0,1
24,17,3,2,0,6,0,0,0,0,0
53,16,2,5,1,9,1,0,0,1,0
46,31,3,3,3,10,1,0,0,0,0
29,20,2,3,1,7,1,0,0,0,0
33,25,2,2,0,5,1,0,0,0,1
24,16,3,2,0,6,1,0,0,0,1
21,13,2,2,0,5,1,0,0,0,1
36,28,3,2,1,7,1,0,0,0,1
26,19,2,2,0,5,0,0,0,0,0
31,23,2,2,0,5,1,0,0,0,1
34,26,2,3,2,8,0,0,0,1,0
25,17,2,2,0,5,1,0,0,0,1
97,19,3,5,5,14,1,0,0,0,0
22,14,2,2,0,5,1,0,0,0,1
22,14,2,2,0,5,1,0,0,0,1
24,16,2,2,0,5,1,0,0,0,1
28,20,2,2,0,5,1,0,0,0,1
35,27,2,2,1,6,1,0,0,0,1
23,15,2,2,0,5,1,0,0,0,1
33,25,2,2,1,6,1,0,0,0,1
28,20,2,2,1,6,1,0,0,0,1
20,12,2,2,0,5,1,0,0,0,1
29,21,2,2,0,5,1,0,0,0,1
31,24,3,2,0,6,0,0,0,0,0
35,27,2,2,0,5,1,0,0,0,1
28,20,2,2,0,5,1,0,0,0,1
23,15,2,2,0,5,1,0,0,0,1
33,26,2,2,0,5,0,0,0,0,0
26,18,3,2,0,6,1,0,0,0,1
24,16,2,2,0,5,1,0,0,0,1
32,25,3,2,0,6,0,0,0,0,0
31,23,2,2,0,5,1,0,0,0,1
35,27,2,2,0,5,1,0,0,0,1
24,16,2,2,0,5,1,0,0,0,1
55,37,4,4,2,11,1,0,0,1,0
20,13,2,2,0,5,0,0,0,0,0
25,17,2,2,1,6,1,0,0,0,1
24,16,2,2,0,5,1,0,0,0,1
26,18,2,2,0,5,1,0,0,0,1
40,32,2,2,0,5,1,0,0,0,1
22,14,2,2,1,6,1,0,0,0,1
47,40,4,2,2,9,0,0,0,0,0
29,21,2,2,0,5,1,0,0,0,1
24,16,3,2,0,6,1,0,0,0,1
26,18,2,2,0,5,1,0,0,0,1
36,28,2,2,0,5,1,0,0,0,1
51,42,2,3,1,7,1,0,0,0,0
31,24,2,2,0,5,0,0,0,0,0
23,15,2,2,0,5,1,0,0,0,1
22,14,2,2,0,5,1,0,0,0,1
27,13,1,4,1,7,0,0,0,0,0
57,35,4,4,0,9,1,0,0,0,0
27,19,2,2,0,5,1,0,0,0,1
30,22,2,2,0,5,1,0,0,0,1
22,15,2,2,0,5,0,0,0,0,0
35,26,2,3,1,7,1,0,0,0,0
21,14,1,2,1,5,0,0,0,0,0
22,14,2,2,0,5,1,0,0,0,1
25,17,2,2,0,5,1,0,0,0,1
21,13,3,2,0,6,1,0,0,0,1
34,26,3,2,0,6,1,0,0,0,1
38,29,2,3,1,7,1,0,0,0,0
32,24,2,2,0,5,1,0,0,0,1
21,13,2,2,0,5,1,0,0,0,1
26,18,4,2,0,7,1,0,0,0,1
21,13,2,2,0,5,1,0,0,0,1
26,18,2,2,0,5,1,0,0,0,1
20,12,2,2,0,5,1,0,0,0,1
23,15,2,2,0,5,1,0,0,0,1
22,14,2,2,0,5,1,0,0,0,1
20,13,2,2,0,5,0,0,0,0,0
32,24,2,2,0,5,1,0,0,0,1
39,31,2,2,0,5,1,0,0,0,1
23,15,3,2,0,6,1,0,0,0,1
123,11,7,11,1,22,0,1,0,0,0
33,25,2,2,0,5,1,0,0,0,1
30,22,3,2,0,6,1,0,0,0,1
19,11,2,2,0,5,1,0,0,0,1
25,17,2,2,0,5,1,0,0,0,1
23,15,3,2,0,6,1,0,0,0,1
33,25,2,2,0,5,1,0,0,0,1
27,19,2,2,0,5,1,0,0,0,1
26,18,2,2,0,5,1,0,0,0,1
28,20,3,2,0,6,1,0,0,0,1
73,49,7,4,3,15,1,0,0,1,0
22,14,3,2,0,6,1,0,0,0,1
24,17,2,2,1,6,0,0,0,0,0
23,15,2,2,0,5,1,0,0,0,1
25,17,4,2,0,7,1,0,0,0,1
23,15,2,2,0,5,1,0,0,0,1
27,19,2,2,0,5,1,0,0,0,1
32,24,2,2,0,5,1,0,0,0,1
24,16,2,2,0,5,1,0,0,0,1
34,27,2,2,0,5,0,0,0,0,0
24,16,2,2,0,5,1,0,0,0,1
31,23,2,2,0,5,1,0,0,0,1
33,25,2,2,1,6,1,0,0,0,1
21,13,2,2,0,5,1,0,0,0,1
28,20,2,2,0,5,1,0,0,0,1
27,19,2,2,0,5,1,0,0,0,1
26,18,2,2,0,5,1,0,0,0,1
29,21,2,2,0,5,1,0,0,0,1
31,23,2,2,0,5,1,0,0,0,1
33,25,2,2,0,5,1,0,0,0,1
29,21,2,2,0,5,1,0,0,0,1
96,19,4,5,5,17,1,1,0,0,0
32,24,2,2,0,5,1,0,0,0,1
27,20,3,2,0,6,0,0,0,0,0
32,24,2,2,0,5,1,0,0,0,1
28,21,2,2,0,5,0,0,0,0,0
20,12,2,2,0,5,1,0,0,0,1
31,23,2,2,0,5,1,0,0,0,1
30,22,3,2,0,6,1,0,0,0,1
21,14,1,2,1,5,0,0,0,0,0
32,24,2,2,0,5,1,0,0,0,1
33,25,2,2,0,5,1,0,0,0,1
189,14,3,7,0,26,1,0,0,0,0
35,27,3,2,0,6,1,0,0,0,1
29,21,2,2,0,5,1,0,0,0,1
28,21,3,2,0,6,0,0,0,0,0
27,19,2,2,0,5,1,0,0,0,1
28,20,2,2,0,5,1,0,0,0,1
19,11,2,2,0,5,1,0,0,0,1
30,21,2,3,1,7,1,0,0,0,0
31,23,2,2,0,5,1,0,0,0,1
23,15,2,2,0,5,1,0,0,0,1
24,17,2,2,0,5,0,0,0,0,0
37,29,3,2,0,6,1,0,0,0,1
32,24,2,2,1,6,1,0,0,0,1
28,20,2,2,0,5,1,0,0,0,1
22,14,3,2,0,6,1,0,0,0,1
75,25,3,5,0,9,1,0,0,0,0
30,22,2,2,1,6,1,0,0,0,1
36,27,2,3,1,7,1,0,0,0,0
29,21,2,2,0,5,1,0,0,0,1
27,19,2,2,0,5,1,0,0,0,1
31,24,3,2,0,6,0,0,0,0,0
27,19,3,2,0,6,1,0,0,0,1
21,13,2,2,1,6,1,0,0,0,1
22,14,3,2,0,6,1,0,0,0,1
67,47,4,3,4,12,1,0,0,0,0
29,21,2,2,0,5,1,0,0,0,1
30,22,2,2,0,5,1,0,0,0,1
27,18,1,3,0,5,1,0,0,0,0
26,18,2,2,0,5,1,0,0,0,1
31,23,2,2,1,6,1,0,0,0,1
28,20,2,2,0,5,1,0,0,0,1
20,12,2,2,0,5,1,0,0,0,1
65,47,4,3,4,12,1,0,0,0,0
21,13,2,2,0,5,1,0,0,0,1
27,19,3,2,1,7,1,0,0,0,1
20,12,2,2,0,5,1,0,0,0,1
30,23,2,2,0,5,0,0,0,0,0
29,21,2,2,0,5,1,0,0,0,1
24,16,2,2,1,6,1,0,0,0,1
35,27,2,2,0,5,1,0,0,0,1
28,20,2,2,0,5,1,0,0,0,1
28,20,2,2,1,6,1,0,0,0,1
64,25,2,4,0,11,0,0,0,0,0
35,27,3,2,0,6,1,0,0,0,1
27,19,2,2,0,5,1,0,0,0,1
27,20,3,2,0,6,0,0,0,0,0
31,23,3,2,0,6,1,0,0,0,1
35,27,2,2,0,5,1,0,0,0,1
27,19,2,2,0,5,1,0,0,0,1
25,17,3,2,0,6,1,0,0,0,1
30,22,2,2,0,5,1,0,0,0,1
21,13,2,2,0,5,1,0,0,0,1
28,20,2,2,0,5,1,0,0,0,1
29,21,2,2,0,5,1,0,0,0,1
25,17,2,2,0,5,1,0,0,0,1
23,15,2,2,0,5,1,0,0,0,1
24,16,2,2,0,5,1,0,0,0,1
28,20,2,2,0,5,1,0,0,0,1
29,21,2,2,0,5,1,0,0,0,1
59,52,5,2,2,10,0,0,0,0,0
81,11,1,5,1,12,1,0,0,0,0
33,26,2,2,0,5,0,0,0,0,0
34,26,2,2,0,5,1,0,0,0,1
23,15,2,2,1,6,1,0,0,0,1
27,19,2,2,0,5,1,0,0,0,1
29,21,3,2,0,6,1,0,0,0,1
44,36,2,2,0,5,1,0,0,0,1
25,18,2,2,1,6,0,0,0,0,0
41,34,3,2,0,6,0,0,0,1,0
55,27,3,3,0,8,1,1,0,0,0
27,19,2,2,0,5,1,0,0,0,1
26,18,3,2,0,6,1,0,0,0,1
28,20,2,2,0,5,1,0,0,0,1
25,17,3,2,0,6,1,0,0,0,1
23,15,2,2,0,5,1,0,0,0,1
29,21,2,2,0,5,1,0,0,0,1
23,15,2,2,0,5,1,0,0,0,1
41,33,2,2,0,5,1,0,0,0,1
26,18,3,2,0,6,1,0,0,0,1
27,18,2,3,0,6,1,0,0,0,0
43,36,2,2,0,5,0,0,0,0,0
32,24,3,2,1,7,1,0,0,0,1
23,15,2,2,0,5,1,0,0,0,1
30,22,2,2,0,5,1,0,0,0,1
28,21,3,2,0,6,0,0,0,0,0
30,22,2,2,0,5,1,0,0,0,1
27,19,2,2,0,5,1,0,0,0,1
35,27,2,2,2,7,1,0,0,0,1
25,17,2,2,0,5,1,0,0,0,1
32,25,2,2,0,5,0,0,0,0,0
30,22,2,2,0,5,1,0,0,0,1
29,21,3,2,0,6,1,0,0,0,1
36,28,2,2,0,5,1,0,0,0,1
28,20,2,2,0,5,1,0,0,0,1
63,27,2,3,0,7,0,0,0,0,0
25,17,2,2,0,5,1,0,0,0,1
34,26,3,2,1,7,1,0,0,0,1
49,40,2,3,3,9,1,0,0,0,0
46,14,2,5,0,8,1,0,0,0,0
28,20,2,2,0,5,1,0,0,0,1
36,28,2,2,0,5,1,0,0,0,1
27,19,2,2,0,5,1,0,0,0,1
27,19,2,2,0,5,1,0,0,0,1
30,22,2,2,0,5,1,0,0,0,1
27,19,2,2,0,5,1,0,0,0,1
33,25,2,2,0,5,1,0,0,0,1
31,23,3,2,0,6,1,0,0,0,1
25,17,2,2,0,5,1,0,0,0,1
27,19,2,2,0,5,1,0,0,0,1
23,15,2,2,0,5,1,0,0,0,1
28,20,2,2,0,5,1,0,0,0,1
34,26,2,2,0,5,1,0,0,0,1
163,13,10,9,0,35,0,0,1,1,0
27,19,2,2,0,5,1,0,0,0,1
32,24,2,2,0,5,1,0,0,0,1
45,30,3,3,0,7,1,0,0,0,0
35,27,2,2,0,5,1,0,0,0,1
23,15,2,2,0,5,1,0,0,0,1
27,19,2,2,0,5,1,0,0,0,1
57,50,3,2,6,12,0,0,0,0,0
31,23,4,2,0,7,1,0,0,0,1
23,16,2,2,0,5,0,0,0,0,0
22,14,2,2,0,5,1,0,0,0,1
36,28,2,2,0,5,1,0,0,0,1
28,20,3,2,0,6,1,0,0,0,1
25,17,2,2,1,6,1,0,0,0,1
26,18,2,2,0,5,1,0,0,0,1
28,20,2,2,0,5,1,0,0,0,1
18,10,2,2,0,5,1,0,0,0,1
85,78,4,2,0,7,0,0,0,0,0
25,17,2,2,0,5,1,0,0,0,1
28,20,2,2,0,5,1,0,0,0,1
31,23,2,2,0,5,1,0,0,0,1
29,21,2,2,1,6,1,0,0,0,1
29,21,2,2,0,5,1,0,0,0,1
28,20,2,2,0,5,1,0,0,0,1
21,13,2,2,0,5,1,0,0,0,1
38,29,2,3,1,7,1,0,0,0,0
28,20,4,2,0,7,1,0,0,0,1
27,19,3,2,0,6,1,0,0,0,1
25,17,2,2,0,5,1,0,0,0,1
26,18,2,2,0,5,1,0,0,0,0
25,17,2,2,0,5,1,0,0,0,1
25,17,2,2,0,5,1,0,0,0,1
85,19,3,5,5,14,1,0,0,0,0
27,20,2,2,0,5,0,0,0,0,0
29,21,2,2,0,5,1,0,0,0,1
42,35,2,2,0,5,0,0,0,0,0
32,24,2,2,0,5,1,0,0,0,1
23,14,2,3,0,6,1,0,0,0,0
27,19,2,2,0,5,1,0,0,0,1
21,14,1,2,0,4,0,0,0,0,0
31,23,2,2,0,5,1,0,0,0,1
22,14,3,2,0,6,1,0,0,0,1
26,18,2,2,0,5,1,0,0,0,1
26,18,2,2,0,5,1,0,0,0,1
32,24,2,2,0,5,1,0,0,0,1
29,21,3,2,0,6,1,0,0,0,1
32,24,2,2,0,5,1,0,0,0,1
74,22,1,6,2,12,1,0,0,0,0
22,14,2,2,0,5,1,0,0,0,1
22,14,2,2,0,5,1,0,0,0,1
21,13,2,2,0,5,1,0,0,0,1
24,16,3,2,0,6,1,0,0,0,1
30,22,2,2,0,5,1,0,0,0,1
30,22,2,2,0,5,1,0,0,0,1
31,23,2,2,0,5,1,0,0,0,1
24,16,2,2,0,5,1,0,0,0,1
28,20,2,2,0,5,1,0,0,0,1
29,21,3,2,0,6,1,0,0,0,1
32,25,2,2,0,5,0,0,0,0,0
38,29,2,3,2,8,1,0,0,0,0
27,19,2,2,1,6,1,0,0,0,1
27,19,3,2,0,6,1,0,0,0,1
31,23,2,2,0,5,1,0,0,0,1
25,17,3,2,0,6,1,0,0,0,1
33,25,2,2,0,5,1,0,0,0,1
23,15,2,2,0,5,1,0,0,0,1
25,17,2,2,0,5,1,0,0,0,1
26,18,2,2,0,5,1,0,0,0,1
31,23,2,2,0,5,1,0,0,0,1
22,14,2,2,0,5,1,0,0,0,0
72,45,3,3,2,12,0,0,0,0,0
31,23,2,2,0,5,1,0,0,0,1
29,21,2,2,0,5,1,0,0,0,1
38,29,2,3,0,6,1,0,0,0,0
34,25,2,3,1,7,1,0,0,0,0
25,17,2,2,0,5,1,0,0,0,1
38,30,2,2,0,5,1,0,0,0,1
24,16,2,2,1,6,1,0,0,0,1
28,20,2,2,1,6,1,0,0,0,1
37,29,2,2,0,5,1,0,0,0,1
27,19,2,2,0,5,1,0,0,0,0
24,16,2,2,0,5,1,0,0,0,1
28,20,2,2,0,5,1,0,0,0,1
24,16,2,2,0,5,1,0,0,0,1
24,16,2,2,0,5,1,0,0,0,1
25,17,2,2,0,5,1,0,0,0,1
25,17,2,2,0,5,1,0,0,0,1
21,13,2,2,0,5,1,0,0,0,1
30,22,3,2,0,6,1,0,0,0,1
24,16,1,3,0,5,0,0,0,0,0
37,29,2,2,0,5,1,0,0,0,1
56,47,3,3,4,11,1,0,0,0,0
28,20,2,2,0,5,1,0,0,0,1
21,13,2,2,0,5,1,0,0,0,1
29,22,2,2,0,5,0,0,0,0,0
29,21,3,2,0,6,1,0,0,0,1
26,18,2,2,0,5,1,0,0,0,1
23,15,2,2,0,5,1,0,0,0,1
27,19,2,2,0,5,1,0,0,0,1
33,25,2,2,0,5,1,0,0,0,1
26,18,2,2,0,5,1,0,0,0,1
29,21,3,2,0,6,1,0,0,0,1
21,14,2,2,0,5,0,0,0,0,0
31,23,3,2,1,7,1,0,0,0,1
37,28,2,3,2,8,1,0,0,0,0
25,16,1,3,0,5,1,0,0,0,0
23,15,2,2,0,5,1,0,0,0,1
88,19,3,5,5,14,1,0,0,0,0
31,23,2,2,0,5,1,0,0,0,1
36,27,2,3,1,7,1,0,0,0,0
39,31,2,2,0,5,1,0,0,0,1
28,21,2,2,0,5,0,0,0,0,0
36,28,2,3,0,6,0,0,0,0,0
58,50,2,2,2,7,1,0,0,0,0
45,37,3,2,0,6,1,0,0,0,0
24,16,2,2,0,5,1,0,0,0,1
25,17,2,2,0,5,1,0,0,0,1
30,21,2,3,0,6,1,0,0,0,0
27,19,2,2,0,5,1,0,0,0,1
25,18,3,2,0,6,0,0,0,0,0
20,12,2,2,0,5,1,0,0,0,1
39,31,2,2,0,5,1,0,0,0,1
22,14,2,2,0,5,1,0,0,0,1
26,9,2,3,0,6,1,0,0,0,0
33,25,2,2,0,5,1,0,0,0,1
25,17,2,2,0,5,1,0,0,0,1
30,23,3,2,0,6,0,0,0,0,0
27,19,2,2,0,5,1,0,0,0,1
33,25,1,2,0,4,1,0,0,0,0
25,17,2,2,0,5,1,0,0,0,1
45,37,4,3,2,10,0,0,0,0,0
34,26,2,2,0,5,1,0,0,0,1
29,21,2,2,0,5,1,0,0,0,1
23,15,2,2,0,5,1,0,0,0,1
23,15,2,2,0,5,1,0,0,0,0
25,17,2,2,0,5,1,0,0,0,1
37,20,3,3,0,7,1,0,0,0,0
28,20,3,2,0,6,1,0,0,0,1
33,26,2,2,2,7,0,0,0,0,0
35,27,2,2,1,6,1,0,0,0,1
29,21,2,2,0,5,1,0,0,0,1
29,21,2,2,0,5,1,0,0,0,1
32,24,2,2,0,5,1,0,0,0,1
32,25,3,2,0,6,0,0,0,0,0
24,16,2,2,1,6,1,0,0,0,1
31,23,2,2,0,5,1,0,0,0,1
22,14,2,2,1,6,1,0,0,0,1
39,31,3,2,0,6,1,0,0,0,1
49,40,3,3,2,9,1,0,0,0,0
38,29,2,3,1,7,1,0,0,0,0
33,25,2,2,0,5,1,0,0,0,1
25,17,2,2,0,5,1,0,0,0,1
25,17,2,2,1,6,1,0,0,0,1
22,14,2,2,0,5,1,0,0,0,1
29,21,2,2,0,5,1,0,0,0,1
27,19,2,2,0,5,1,0,0,0,1
23,16,2,2,0,5,0,0,0,0,0
472,13,13,5,2,56,0,0,1,1,0
32,23,2,3,0,6,1,0,0,0,0
24,16,2,2,0,5,1,0,0,0,1
49,40,3,3,2,9,1,0,0,0,0
23,15,2,2,0,5,1,0,0,0,1
47,38,5,3,0,9,1,0,0,0,0
22,14,2,2,0,5,1,0,0,0,1
20,12,2,2,0,5,1,0,0,0,1
25,17,2,2,0,5,1,0,0,0,1
26,18,2,2,0,5,1,0,0,0,1
30,22,2,2,0,5,1,0,0,0,1
31,23,2,2,0,5,1,0,0,0,1
35,26,2,3,0,6,1,0,0,0,0
29,21,2,2,0,5,1,0,0,0,1
28,20,3,2,0,6,1,0,0,0,1
31,22,2,3,1,7,1,0,0,1,0
50,31,6,4,0,11,0,0,0,0,0
27,19,2,2,0,5,1,0,0,0,1
53,34,4,3,1,9,1,0,0,0,0
29,21,2,2,0,5,1,0,0,0,1
30,22,2,2,0,5,1,0,0,0,1
23,15,2,2,0,5,1,0,0,0,1
24,16,2,2,0,5,1,0,0,0,1
21,13,2,2,0,5,1,0,0,0,1
29,21,2,2,0,5,1,0,0,0,1
25,17,2,2,0,5,1,0,0,0,1
18,10,2,2,1,6,1,0,0,0,1
29,21,2,2,0,5,1,0,0,0,1
41,34,2,2,1,6,0,0,0,0,0
36,28,2,2,0,5,1,0,0,0,1
25,18,2,2,0,5,0,0,0,0,0
31,23,2,2,0,5,1,0,0,0,1
31,23,3,2,0,6,1,0,0,0,1
30,23,2,2,0,5,0,0,0,0,0
20,12,2,2,0,5,1,0,0,0,1
23,15,2,2,0,5,1,0,0,0,1
34,26,2,2,0,5,1,0,0,0,1
28,20,2,2,0,5,1,0,0,0,1
20,12,2,2,0,5,1,0,0,0,1
27,20,3,2,0,6,0,0,0,0,0
28,20,2,2,0,5,1,0,0,0,1
27,19,3,2,0,6,1,0,0,0,1
28,20,2,2,0,5,1,0,0,0,1
22,15,2,2,0,5,0,0,0,0,0
26,18,2,2,0,5,1,0,0,0,1
23,15,2,2,0,5,1,0,0,0,1
31,23,2,2,1,6,1,0,0,0,1
45,37,2,3,3,9,0,0,0,0,0
29,21,2,2,0,5,1,0,0,0,1
25,17,2,2,0,5,1,0,0,0,1
25,17,2,2,0,5,1,0,0,0,1
30,22,2,2,1,6,1,0,0,0,1
25,17,2,2,0,5,1,0,0,0,1
29,21,2,2,0,5,1,0,0,0,1
26,18,2,2,0,5,1,0,0,0,1
26,18,2,2,0,5,1,0,0,0,1
36,29,3,2,0,6,0,0,0,0,0
24,16,3,2,0,6,1,0,0,0,1
30,22,2,2,0,5,1,0,0,0,1
20,12,2,2,0,5,1,0,0,0,1
31,23,3,2,0,6,1,0,0,0,1
22,14,2,2,0,5,1,0,0,0,1
28,20,2,2,0,5,1,0,0,0,1
23,15,3,2,0,6,1,0,0,0,1
21,13,2,2,0,5,1,0,0,0,1
28,20,2,3,0,6,0,0,0,0,0
26,18,2,2,0,5,1,0,0,0,1
19,11,2,2,0,5,1,0,0,0,1
25,18,2,2,0,5,0,0,0,0,0
37,29,2,2,0,5,1,0,0,0,1
25,17,2,2,0,5,1,0,0,0,1
32,24,2,2,0,5,1,0,0,0,1
22,14,2,2,0,5,1,0,0,0,1
31,23,2,2,0,5,1,0,0,0,1
35,27,2,2,0,5,1,0,0,0,1
28,20,2,2,1,6,1,0,0,0,1
21,13,2,2,0,5,1,0,0,0,1
38,30,2,2,3,8,1,0,0,0,1
33,24,2,3,1,7,1,0,0,0,0
25,17,2,2,0,5,1,0,0,0,1
25,17,2,2,0,5,1,0,0,0,1
28,21,2,2,2,7,0,0,0,0,0
29,21,2,2,0,5,1,0,0,0,1
23,15,2,2,0,5,1,0,0,0,1
29,21,2,2,0,5,1,0,0,0,1
33,26,3,2,0,6,0,0,0,0,0
23,15,3,2,0,6,1,0,0,0,1
23,16,2,2,0,5,0,0,0,0,0
29,21,2,2,0,5,1,0,0,0,1
22,14,2,2,0,5,1,0,0,0,1
23,15,2,2,0,5,1,0,0,0,1
39,32,2,2,1,6,0,0,0,0,0
27,18,2,3,0,6,1,0,0,0,0
26,18,2,2,0,5,1,0,0,0,1
34,26,2,3,0,6,0,0,0,0,0
46,34,3,4,0,8,1,0,0,0,0
36,28,3,2,0,6,1,0,0,0,1
34,27,3,2,0,6,0,0,0,0,0
33,26,3,2,0,6,0,0,0,0,0
22,14,2,2,0,5,1,0,0,0,1
34,26,2,2,0,5,1,0,0,0,1
28,20,2,2,0,5,1,0,0,0,1
25,16,1,3,0,5,1,0,0,0,0
96,19,3,4,5,13,1,0,0,0,0
27,19,3,2,0,6,1,0,0,0,1
39,31,3,2,0,6,1,0,0,0,1
21,13,2,2,0,5,1,0,0,0,1
25,17,3,2,0,6,1,0,0,0,1
18,10,2,2,0,5,1,0,0,0,1
37,29,2,2,0,5,1,0,0,0,1
34,26,2,2,0,5,1,0,0,0,1
22,14,2,2,0,5,1,0,0,0,1
32,24,2,2,0,5,1,0,0,0,1
26,18,2,2,0,5,1,0,0,0,1
38,30,2,2,0,5,1,0,0,0,1
32,24,2,2,1,6,1,0,0,0,1
20,11,1,3,0,5,1,0,0,0,0
23,16,2,2,0,5,0,0,0,0,0
25,17,2,2,0,5,1,0,0,0,1
21,13,2,2,0,5,1,0,0,0,1
34,26,2,2,0,5,1,0,0,0,1
50,36,5,3,2,11,0,0,0,0,0
31,23,2,2,0,5,1,0,0,0,1
116,45,4,3,5,17,0,0,0,0,0
38,31,2,2,0,5,0,0,0,0,0
30,22,2,2,0,5,1,0,0,0,1
23,15,2,2,0,5,1,0,0,0,1
29,21,3,2,0,6,1,0,0,0,1
23,15,2,2,0,5,1,0,0,0,1
31,23,3,2,0,6,1,0,0,0,1
25,18,3,2,0,6,0,0,0,0,0
24,16,2,2,0,5,1,0,0,0,1
38,30,2,2,0,5,1,0,0,0,1
25,17,3,2,0,6,1,0,0,0,1
28,20,2,2,0,5,1,0,0,0,1
28,20,2,2,0,5,1,0,0,0,0
29,21,2,2,0,5,1,0,0,0,1
29,21,3,2,0,6,1,0,0,0,1
24,16,2,2,0,5,1,0,0,0,1
23,15,2,2,0,5,1,0,0,0,1
22,14,2,2,0,5,1,0,0,0,1
29,21,2,2,0,5,1,0,0,0,1
36,28,2,2,0,5,1,0,0,0,1
40,32,3,2,0,6,1,0,0,0,1
29,21,3,2,0,6,1,0,0,0,1
83,25,3,4,2,15,1,0,0,0,0
30,22,2,2,0,5,1,0,0,0,1
22,14,2,2,0,5,1,0,0,0,1
36,28,2,2,0,5,1,0,0,0,1
20,12,2,2,0,5,1,0,0,0,1
36,28,2,2,0,5,1,0,0,1,1
185,48,5,3,2,20,0,0,0,1,0
19,11,2,2,0,5,1,0,0,0,1
34,26,2,2,0,5,1,0,0,0,1
23,15,3,2,1,7,1,0,0,0,1
20,12,2,2,0,5,1,0,0,0,1
31,23,2,2,0,5,1,0,0,0,1
36,28,2,2,0,5,1,0,0,0,1
27,19,2,2,0,5,1,0,0,0,1
25,17,2,2,2,7,1,0,0,0,1
33,25,2,2,0,5,1,0,0,0,1
33,25,2,2,0,5,1,0,0,0,1
27,19,2,2,0,5,1,0,0,0,1
25,17,2,2,0,5,1,0,0,0,1
22,14,2,2,0,5,1,0,0,0,1
18,10,2,2,0,5,1,0,0,0,1
29,21,2,2,0,5,1,0,0,0,1
22,14,2,2,0,5,1,0,0,0,1
30,22,2,2,0,5,1,0,0,0,1
36,28,2,2,2,7,1,0,0,0,0
24,16,2,2,0,5,1,0,0,0,1
34,26,2,2,0,5,1,0,0,0,1
23,15,2,2,0,5,1,0,0,0,1
30,22,2,2,0,5,1,0,0,0,1
28,20,2,2,0,5,1,0,0,0,1
24,16,2,2,0,5,1,0,0,0,1
29,21,2,2,1,6,1,0,0,0,1
52,16,1,4,0,6,1,0,0,0,0
30,22,2,2,0,5,1,0,0,0,1
21,13,2,2,0,5,1,0,0,0,1
28,20,2,2,0,5,1,0,0,0,1
19,11,2,2,0,5,1,0,0,0,1
30,21,2,3,1,7,1,0,0,0,0
30,22,2,2,1,6,1,0,0,0,1
26,18,2,2,0,5,1,0,0,0,1
27,19,2,2,0,5,1,0,0,0,1
27,19,2,2,0,5,1,0,0,0,1
19,11,2,2,0,5,1,0,0,0,1
79,7,2,5,0,8,1,0,0,0,0
21,13,2,2,0,5,1,0,0,0,1
27,19,2,2,0,5,1,0,0,0,1
97,26,1,3,0,9,1,0,0,0,0
40,32,3,2,0,6,1,0,0,0,1
30,22,2,2,0,5,1,0,0,0,1
30,22,2,2,0,5,1,0,0,0,1
31,23,2,2,0,5,1,0,0,0,1
25,17,2,2,0,5,1,0,0,0,1
24,11,1,3,0,5,0,0,0,0,0
37,29,3,2,0,6,1,0,0,0,1
51,34,3,3,2,9,1,0,0,0,0
30,22,4,2,0,7,1,0,0,0,1
22,14,2,2,0,5,1,0,0,0,1
27,19,2,2,0,5,1,0,0,0,1
22,15,2,2,1,6,0,0,0,0,0
32,24,2,2,0,5,1,0,0,0,1
35,27,2,2,0,5,1,0,0,0,1
25,17,2,2,0,5,1,0,0,0,1
32,25,3,2,0,6,0,0,0,0,0
62,17,1,3,4,9,1,0,0,0,0
24,16,2,2,0,5,1,0,0,0,1
49,40,2,3,3,9,1,0,0,0,0
47,38,5,3,0,9,1,0,0,0,0
39,31,2,2,2,7,1,0,0,0,1
23,15,2,2,0,5,1,0,0,0,1
25,17,2,2,0,5,1,0,0,0,1
33,25,3,2,0,6,1,0,0,0,1
37,29,2,2,0,5,1,0,0,0,1
21,13,2,2,0,5,1,0,0,0,1
31,23,2,2,0,5,1,0,0,0,1
26,18,2,2,0,5,1,0,0,0,1
22,14,3,2,0,6,1,0,0,0,1
26,18,2,2,0,5,1,0,0,0,1
41,20,2,5,1,9,1,0,0,0,0
31,24,1,2,0,4,0,0,0,0,0
34,26,2,2,0,5,1,0,0,0,1
28,20,2,3,0,6,0,0,0,0,0
22,14,2,2,0,5,1,0,0,0,1
27,19,2,2,0,5,1,0,0,0,1
28,20,2,2,1,6,1,0,0,0,1
25,17,2,2,1,6,1,0,0,0,1
27,19,2,2,0,5,1,0,0,0,1
25,17,2,2,0,5,1,0,0,0,1
22,14,3,2,0,6,1,0,0,0,1
27,19,2,2,0,5,1,0,0,0,1
21,13,2,2,0,5,1,0,0,0,1
27,19,2,2,0,5,1,0,0,0,1
29,21,2,2,0,5,1,0,0,0,1
33,24,2,3,0,6,1,0,0,0,0
42,17,1,4,1,7,1,0,0,0,0
40,32,2,2,1,6,1,0,0,0,1
24,16,2,2,0,5,1,0,0,0,1
26,18,2,2,1,6,1,0,0,0,1
20,12,2,2,0,5,1,0,0,0,1
23,15,2,2,0,5,1,0,0,0,1
27,14,1,4,0,6,1,0,0,0,0
19,11,2,2,0,5,1,0,0,0,1
26,18,2,2,0,5,1,0,0,0,1
41,33,2,2,1,6,1,0,0,0,1
19,10,1,3,0,5,1,0,0,0,0
29,21,2,2,1,6,1,0,0,0,1
33,25,2,2,0,5,1,0,0,0,1
24,16,2,2,0,5,1,0,0,0,1
23,15,2,2,0,5,1,0,0,0,1
23,15,2,2,0,5,1,0,0,0,1
37,29,2,2,0,5,1,0,0,0,1
31,23,3,2,0,6,1,0,0,0,1
30,22,2,2,0,5,1,0,0,0,1
26,18,3,2,0,6,1,0,0,0,1
24,16,2,2,0,5,1,0,0,0,1
22,14,2,2,0,5,1,0,0,0,1
24,16,2,2,0,5,1,0,0,0,1
37,30,3,2,2,8,0,0,0,0,0
31,24,1,2,1,5,0,0,0,0,0
30,22,3,2,0,6,1,0,0,0,1
95,73,4,3,0,8,1,0,0,0,0
22,14,2,2,0,5,1,0,0,0,1
20,12,2,2,0,5,1,0,0,0,1
21,12,1,3,0,5,1,0,0,0,0
32,24,3,2,0,6,1,0,0,0,1
27,19,2,2,0,5,1,0,0,0,1
27,19,2,2,0,5,1,0,0,0,1
26,18,2,2,0,5,1,0,0,0,1
27,19,2,2,0,5,1,0,0,0,1
35,27,2,2,0,5,1,0,0,0,1
60,31,4,3,2,10,1,0,0,0,0
27,19,2,2,0,5,1,0,0,0,1
37,29,4,2,0,7,1,0,0,0,1
24,17,2,2,0,5,0,0,0,0,0
28,20,2,2,0,5,1,0,0,0,1
22,14,2,2,0,5,1,0,0,0,1
25,17,2,2,0,5,1,0,0,0,1
38,31,2,2,0,5,0,0,0,0,0
25,17,2,2,0,5,1,0,0,0,1
22,14,3,2,0,6,1,0,0,0,1
20,12,2,2,0,5,1,0,0,0,1
30,22,2,2,0,5,1,0,0,0,1
30,23,2,2,0,5,0,0,0,0,0
26,18,2,2,0,5,1,0,0,0,1
28,21,3,2,0,6,0,0,0,0,0
32,25,2,2,0,5,0,0,0,0,0
27,18,2,3,2,8,1,0,0,0,0
33,25,2,2,0,5,1,0,0,0,1
39,30,2,3,1,7,1,0,0,0,0
28,20,2,2,1,6,1,0,0,0,1
26,18,2,2,0,5,1,0,0,0,1
45,38,6,2,0,9,0,0,0,0,0
36,28,3,2,0,6,1,0,0,0,1
25,17,3,2,0,6,1,0,0,0,1
26,18,2,2,0,5,1,0,0,0,1
24,16,2,2,0,5,1,0,0,0,1
23,16,2,2,0,5,0,0,0,0,0
26,18,3,2,0,6,1,0,0,0,1
21,13,3,2,0,6,1,0,0,0,1
24,16,2,2,0,5,1,0,0,0,1
26,18,2,2,0,5,1,0,0,0,1
24,16,3,2,1,7,1,0,0,0,1
26,18,2,2,0,5,1,0,0,0,1
22,14,2,2,0,5,1,0,0,0,1
24,11,1,3,0,5,0,0,0,0,0
28,21,2,2,0,5,0,0,0,0,0
32,24,3,2,0,6,1,0,0,0,1
25,17,3,2,0,6,1,0,0,0,1
43,36,4,2,1,8,0,0,0,0,0
26,18,2,2,0,5,1,0,0,0,1
23,15,3,2,0,6,1,0,0,0,1
29,21,4,2,0,7,1,0,0,0,1
30,22,3,2,0,6,1,0,0,0,1
22,14,2,2,0,5,1,0,0,0,1
28,20,2,2,1,6,1,0,0,0,1
22,14,2,2,0,5,1,0,0,0,1
24,16,2,2,0,5,1,0,0,0,1
29,22,3,2,0,6,0,0,0,0,0
27,20,2,2,0,5,0,0,0,0,0
26,18,2,2,0,5,1,0,0,0,1
29,22,4,2,0,7,0,0,0,0,0
31,23,2,2,0,5,1,0,0,0,1
23,15,2,2,0,5,1,0,0,0,1
35,27,2,2,0,5,1,0,0,0,1
24,17,2,2,0,5,0,0,0,0,0
36,28,2,2,0,5,1,0,0,0,1
19,11,2,2,0,5,1,0,0,0,1
23,15,2,2,0,5,1,0,0,0,1
18,10,2,2,0,5,1,0,0,0,1
29,21,3,2,0,6,1,0,0,0,1
22,14,2,2,0,5,1,0,0,0,1
29,21,3,2,0,6,1,0,0,0,1
24,17,3,2,0,6,0,0,0,0,0
36,11,1,4,1,7,0,0,0,0,0
22,14,2,2,0,5,1,0,0,0,1
24,16,2,2,0,5,1,0,0,0,1
26,18,2,2,0,5,1,0,0,0,1
18,10,2,2,0,5,1,0,0,0,1
33,25,2,2,0,5,1,0,0,0,1
28,20,3,2,0,6,1,0,0,0,1
24,16,3,2,0,6,1,0,0,0,1
30,22,4,2,0,7,1,0,0,0,1
32,24,2,2,0,5,1,0,0,0,1
36,11,1,3,0,5,1,0,0,0,0
35,26,2,3,1,7,1,0,0,0,0
36,28,2,2,0,5,1,0,0,0,1
52,32,1,4,2,8,1,0,0,1,0
22,14,2,2,0,5,1,0,0,0,1
46,37,2,3,0,6,1,0,0,0,0
22,14,2,2,0,5,1,0,0,0,1
21,14,2,2,0,5,0,0,0,0,0
28,21,3,2,0,6,0,0,0,0,0
27,20,3,2,0,6,0,0,0,0,0
28,20,2,2,0,5,1,0,0,0,1
69,10,2,8,1,12,0,0,0,0,0
24,16,2,2,0,5,1,0,0,0,1
25,17,2,2,0,5,1,0,0,0,1
27,20,3,2,0,6,0,0,0,0,0
34,26,4,2,0,7,1,0,0,0,1
94,20,4,9,0,20,1,0,0,0,0
26,18,2,2,0,5,1,0,0,0,1
18,10,2,2,0,5,1,0,0,0,1
27,18,2,3,1,7,1,0,0,0,0
28,20,2,2,0,5,1,0,0,0,1
36,27,2,3,1,7,1,0,0,0,0
34,25,2,3,1,7,1,0,0,0,0
30,23,2,2,0,5,0,0,0,0,0
22,14,3,2,0,6,1,0,0,0,1
34,25,2,3,0,6,1,0,0,1,0
25,17,3,2,0,6,1,0,0,0,1
22,14,2,2,0,5,1,0,0,0,1
23,15,2,2,0,5,1,0,0,0,1
44,36,2,2,0,5,1,0,0,0,1
29,21,2,2,0,5,1,0,0,0,1
26,18,3,2,0,6,1,0,0,0,1
57,49,2,3,4,10,0,0,0,0,0
27,19,2,2,0,5,1,0,0,0,1
30,22,2,2,0,5,1,0,0,0,1
26,19,2,2,0,5,0,0,0,0,0
34,27,2,2,2,7,0,0,0,0,0
29,21,2,2,0,5,1,0,0,0,1
31,8,2,3,0,6,0,0,0,0,0
21,14,2,2,0,5,0,0,0,0,0
50,12,2,3,3,9,1,0,0,0,0
24,16,2,2,0,5,1,0,0,0,1
30,22,2,2,0,5,1,0,0,0,1
48,27,3,3,0,9,0,0,0,0,0
23,15,2,2,0,5,1,0,0,0,1
27,19,2,2,0,5,1,0,0,0,1
27,20,2,2,0,5,0,0,0,0,0
23,15,2,2,0,5,1,0,0,0,1
24,16,3,2,0,6,1,0,0,0,1
32,24,3,2,0,6,1,0,0,0,1
56,47,2,3,2,8,1,0,0,0,0
29,21,2,2,0,5,1,0,0,0,1
25,18,3,2,0,6,0,0,0,0,0
36,28,2,2,0,5,1,0,0,0,1
24,16,2,2,0,5,1,0,0,0,1
26,18,3,2,0,6,1,0,0,0,1
27,19,2,2,0,5,1,0,0,0,1
25,17,2,2,0,5,1,0,0,0,1
41,33,2,2,1,6,1,0,0,0,1
40,31,2,3,1,7,1,0,0,0,0
23,16,3,2,0,6,0,0,0,0,0
26,18,2,2,0,5,1,0,0,0,1
47,38,2,3,0,6,1,0,0,0,0
36,28,2,2,0,5,1,0,0,0,1
24,16,2,2,0,5,1,0,0,0,1
30,22,2,2,0,5,1,0,0,0,1
22,14,2,2,0,5,1,0,0,0,1
20,12,2,2,0,5,1,0,0,0,1
102,18,6,9,2,19,1,0,0,0,0
37,28,2,3,0,6,1,0,0,0,0
31,23,2,2,0,5,1,0,0,0,1
30,23,2,2,0,5,0,0,0,0,0
31,23,2,2,1,6,1,0,0,0,1
25,18,3,2,0,6,0,0,0,0,0
20,12,2,2,0,5,1,0,0,0,1
32,24,3,2,0,6,1,0,0,0,1
27,19,2,2,0,5,1,0,0,0,1
27,19,2,2,0,5,1,0,0,0,1
23,15,2,2,0,5,1,0,0,0,1
26,18,2,2,0,5,1,0,0,0,1
28,13,3,3,0,7,1,0,0,0,0
28,20,2,2,0,5,1,0,0,0,1
53,36,5,5,3,14,1,0,0,0,0
24,16,2,2,1,6,1,0,0,0,1
26,18,2,2,0,5,1,0,0,0,1
28,20,3,2,0,6,1,0,0,0,1
58,19,1,6,1,9,0,0,0,1,0
22,14,2,2,0,5,1,0,0,0,1
28,20,2,2,0,5,1,0,0,0,1
31,23,2,2,0,5,1,0,0,0,1
25,17,2,2,0,5,1,0,0,0,1
22,14,2,2,0,5,1,0,0,0,1
18,10,2,2,0,5,1,0,0,0,1
30,22,2,2,0,5,1,0,0,0,1
25,17,2,2,0,5,1,0,0,0,1
24,16,2,2,0,5,1,0,0,0,1
27,20,2,2,1,6,0,0,0,0,0
33,25,2,2,0,5,1,0,0,0,1
31,24,3,2,0,6,0,0,0,0,0
26,18,2,2,0,5,1,0,0,0,1
29,21,2,2,0,5,1,0,0,0,1
22,14,3,2,0,6,1,0,0,0,1
27,19,2,2,0,5,1,0,0,0,1
23,16,1,2,1,5,0,0,0,0,0
34,25,2,3,1,7,1,0,0,0,0
22,14,2,2,0,5,1,0,0,0,1
32,24,2,2,0,5,1,0,0,0,1
21,13,2,2,0,5,1,0,0,0,1
38,30,2,2,0,5,1,0,0,0,1
23,15,2,2,0,5,1,0,0,0,1
22,14,2,2,0,5,1,0,0,0,1
39,30,2,3,0,6,1,0,0,0,0
23,15,3,2,0,6,1,0,0,0,1
25,17,2,2,0,5,1,0,0,0,1
23,15,2,2,0,5,1,0,0,0,1
23,15,2,2,0,5,1,0,0,0,1
22,14,3,2,0,6,1,0,0,0,1
43,35,2,2,1,6,1,0,0,0,1
30,22,2,2,0,5,1,0,0,0,1
19,12,2,2,0,5,0,0,0,0,0
23,15,3,2,0,6,1,0,0,0,1
33,25,2,2,0,5,1,0,0,0,1
21,13,2,2,0,5,1,0,0,0,1
26,18,2,2,0,5,1,0,0,0,1
28,21,3,2,0,6,0,0,0,0,0
31,23,2,2,0,5,1,0,0,0,1
22,14,2,2,0,5,1,0,0,0,1
28,20,2,2,0,5,1,0,0,0,1
27,19,2,2,0,5,1,0,0,0,1
21,13,2,2,0,5,1,0,0,0,1
26,19,3,2,0,6,0,0,0,0,0
27,19,2,2,0,5,1,0,0,0,1
31,23,2,2,0,5,1,0,0,0,1
35,27,2,2,0,5,1,0,0,0,1
56,47,3,3,4,11,1,0,0,0,0
38,30,2,2,0,5,1,0,0,0,1
26,18,2,2,0,5,1,0,0,0,1
21,13,2,2,0,5,1,0,0,0,1
25,17,2,2,0,5,1,0,0,0,1
33,25,4,2,0,7,1,0,0,0,1
23,15,2,2,0,5,1,0,0,0,1
23,15,2,2,0,5,1,0,0,0,1
33,24,2,3,0,6,1,0,0,0,0
28,20,2,2,0,5,1,0,0,0,1
20,12,2,2,0,5,1,0,0,0,1
29,21,2,2,0,5,1,0,0,0,1
38,31,2,2,0,5,0,0,0,0,0
30,22,2,2,0,5,1,0,0,0,1
29,21,3,2,0,6,1,0,0,0,1
39,32,3,2,1,7,0,0,0,0,0
27,19,2,2,0,5,1,0,0,0,1
25,17,2,2,0,5,1,0,0,0,1
211,52,4,7,2,35,0,0,0,1,0
31,23,2,2,0,5,1,0,0,0,1
30,22,2,2,0,5,1,0,0,0,1
26,18,2,2,0,5,1,0,0,0,1
21,13,2,2,0,5,1,0,0,0,1
24,16,2,2,0,5,1,0,0,0,1
30,22,3,2,0,6,1,0,0,0,1
25,18,3,2,0,6,0,0,0,0,0
32,24,3,2,0,6,1,0,0,0,1
35,27,2,2,0,5,1,0,0,0,1
39,31,2,3,0,6,0,0,0,0,0
27,18,2,3,0,6,1,0,0,0,0
25,18,2,2,0,5,0,0,0,0,0
28,20,2,2,1,6,1,0,0,0,1
21,13,2,2,0,5,1,0,0,0,1
31,22,2,3,1,7,1,0,0,0,0
22,14,2,2,0,5,1,0,0,0,1
32,24,3,2,1,7,1,0,0,0,1
27,18,1,3,2,7,1,0,0,0,0
27,19,2,2,0,5,1,0,0,0,1
24,16,2,2,0,5,1,0,0,0,1
28,20,2,2,0,5,1,0,0,0,1
29,22,2,2,0,5,0,0,0,0,0
29,22,2,2,0,5,0,0,0,0,0
25,17,2,2,0,5,1,0,0,0,1
22,14,2,2,0,5,1,0,0,0,1
30,22,2,2,0,5,1,0,0,0,1
30,22,4,2,0,7,1,0,0,0,1
24,17,2,2,0,5,0,0,0,0,0
32,24,2,2,0,5,1,0,0,0,0
28,20,2,2,0,5,1,0,0,0,1
29,21,2,2,0,5,1,0,0,0,1
23,15,3,2,0,6,1,0,0,0,1
23,16,2,2,0,5,0,0,0,0,0
25,17,2,2,0,5,1,0,0,0,1
33,25,2,2,1,6,1,0,0,0,1
34,26,2,2,0,5,1,0,0,0,1
36,28,2,2,1,6,1,0,0,0,1
25,17,3,2,0,6,1,0,0,0,1
23,15,3,2,0,6,1,0,0,0,1
28,20,2,2,0,5,1,0,0,0,1
27,20,2,2,0,5,0,0,0,0,0
31,23,2,2,1,6,1,0,0,0,1
27,19,2,2,0,5,1,0,0,0,1
33,25,2,2,0,5,1,0,0,0,1
41,34,3,2,1,7,0,0,0,0,0
20,12,2,2,0,5,1,0,0,0,1
26,18,2,2,0,5,1,0,0,0,1
21,13,2,2,0,5,1,0,0,0,1
84,75,3,3,0,7,1,0,0,0,0
34,26,2,2,0,5,1,0,0,0,1
30,22,2,2,0,5,1,0,0,0,1
83,74,3,3,0,7,1,0,0,0,0
26,18,2,2,0,5,1,0,0,0,1
25,17,2,2,0,5,1,0,0,0,1
24,16,2,2,0,5,1,0,0,0,1
20,12,2,2,0,5,1,0,0,0,1
23,14,2,3,1,7,1,0,0,0,0
36,27,2,3,2,8,1,0,0,0,0
27,19,2,2,0,5,1,0,0,0,1
26,18,2,2,1,6,1,0,0,0,1
22,14,2,2,0,5,1,0,0,0,1
21,14,2,2,0,5,0,0,0,0,0
27,19,2,2,0,5,1,0,0,0,1
39,31,3,2,1,7,1,0,0,0,1
26,18,2,2,0,5,1,0,0,0,1
33,25,2,2,0,5,1,0,0,0,1
77,15,3,4,0,11,1,1,0,1,0
25,17,2,2,0,5,1,0,0,0,1
34,26,2,2,0,5,1,0,0,0,1
29,21,2,2,0,5,1,0,0,0,1
26,18,2,2,0,5,1,0,0,0,1
24,16,2,2,0,5,1,0,0,0,1
32,24,3,2,1,7,1,0,0,0,1
31,23,2,2,0,5,1,0,0,0,1
27,19,3,2,0,6,1,0,0,0,1
25,17,2,2,0,5,1,0,0,0,1
27,19,2,2,0,5,1,0,0,0,1
34,25,2,3,1,7,1,0,0,0,0
77,7,2,5,0,8,1,0,0,0,0
26,18,2,2,0,5,1,0,0,0,1
56,13,2,4,0,7,0,0,0,0,0
30,22,2,2,0,5,1,0,0,0,1
27,19,3,2,0,6,1,0,0,0,1
29,20,2,3,1,7,1,0,0,0,0
24,17,3,2,0,6,0,0,0,0,0
24,17,2,2,0,5,0,0,0,0,0
26,18,2,2,0,5,1,0,0,0,1
24,16,2,2,0,5,1,0,0,0,1
29,21,2,2,0,5,1,0,0,0,1
23,15,2,2,0,5,1,0,0,0,1
32,24,2,2,0,5,1,0,0,0,1
22,14,2,2,0,5,1,0,0,0,1
26,18,3,2,0,6,1,0,0,0,1
33,25,2,2,0,5,1,0,0,0,1
25,17,2,2,0,5,1,0,0,0,1
82,37,6,3,2,15,1,1,0,1,0
26,18,2,2,0,5,1,0,0,0,1
33,25,2,2,0,5,1,0,0,0,1
34,26,2,2,0,5,1,0,0,0,1
53,46,5,2,2,10,0,0,0,0,0
18,10,2,2,0,5,1,0,0,0,1
37,28,2,3,1,7,1,0,0,0,0
26,18,2,2,0,5,1,0,0,0,1
23,15,3,2,0,6,1,0,0,0,1
22,14,2,2,0,5,1,0,0,0,1
31,23,2,2,1,6,1,0,0,0,1
25,17,2,2,0,5,1,0,0,0,1
17,9,2,2,0,5,1,0,0,0,1
30,22,3,2,0,6,1,0,0,0,1
30,22,2,2,0,5,1,0,0,0,0
27,19,2,2,0,5,1,0,0,0,1
26,19,2,2,0,5,0,0,0,0,0
33,25,2,2,1,6,1,0,0,0,1
31,23,2,2,0,5,1,0,0,0,1
33,25,2,2,0,5,1,0,0,0,1
28,20,2,2,0,5,1,0,0,0,1
20,12,2,2,0,5,1,0,0,0,1
26,18,4,2,0,7,1,0,0,0,1
25,17,2,2,0,5,1,0,0,0,1
29,21,2,2,0,5,1,0,0,0,1
26,18,2,2,0,5,1,0,0,0,1
41,32,2,3,3,9,1,0,0,0,0
36,27,2,3,0,6,1,0,0,1,0
34,26,2,2,0,5,1,0,0,0,1
29,21,2,2,0,5,1,0,0,0,1
32,24,2,2,0,5,1,0,0,0,1
27,19,2,2,0,5,1,0,0,0,1
27,19,2,2,0,5,1,0,0,0,1
26,18,2,2,0,5,1,0,0,0,1
30,22,2,3,0,6,0,0,0,0,0
35,27,3,3,1,8,0,0,0,0,0
23,15,3,2,0,6,1,0,0,0,1
25,17,2,2,0,5,1,0,0,0,1
26,18,3,2,0,6,1,0,0,0,1
23,15,2,2,0,5,1,0,0,0,1
18,10,2,2,0,5,1,0,0,0,1
28,20,2,2,0,5,1,0,0,0,1
20,12,2,2,0,5,1,0,0,0,1
26,18,4,2,0,7,1,0,0,0,1
39,16,1,4,0,6,1,0,0,0,0
34,26,2,2,0,5,1,0,0,0,1
28,20,2,2,0,5,1,0,0,0,1
34,26,2,2,1,6,1,0,0,0,1
33,25,2,2,1,6,1,0,0,0,1
32,24,2,2,0,5,1,0,0,0,1
23,15,3,2,0,6,1,0,0,0,1
28,20,2,2,0,5,1,0,0,0,1
47,38,2,3,2,8,1,0,0,1,0
31,23,2,2,0,5,1,0,0,0,1
30,22,2,2,0,5,1,0,0,0,1
27,19,2,2,0,5,1,0,0,0,1
131,24,1,3,2,10,1,0,0,0,0
27,19,2,2,0,5,1,0,0,0,1
38,30,2,2,0,5,1,0,0,0,1
50,13,1,3,0,5,1,0,0,1,0
25,17,2,2,0,5,1,0,0,0,1
41,4,1,3,3,8,1,0,0,0,0
18,10,2,2,0,5,1,0,0,0,1
31,24,2,2,0,5,0,0,0,1,0
27,19,2,2,0,5,1,0,0,0,1
35,27,2,2,0,5,1,0,0,0,1
26,18,2,2,0,5,1,0,0,0,1
27,19,2,2,0,5,1,0,0,0,1
34,26,3,2,1,7,1,0,0,0,1
33,14,3,3,0,7,0,0,0,0,0
27,19,2,2,0,5,1,0,0,0,1
35,26,2,3,1,7,1,0,0,0,0
23,15,2,2,1,6,1,0,0,0,1
26,18,2,2,0,5,1,0,0,0,1
35,27,2,2,0,5,1,0,0,0,1
29,21,2,2,0,5,1,0,0,0,1
31,23,3,2,0,6,1,0,0,0,1
33,21,2,3,1,9,0,0,0,0,0
23,16,2,2,1,6,0,0,0,0,0
42,34,2,2,0,5,1,0,0,0,1
30,22,2,2,0,5,1,0,0,0,1
24,17,2,2,0,5,0,0,0,0,0
40,32,2,2,0,5,1,0,0,0,1
42,33,2,3,2,8,1,0,0,0,0
31,23,2,2,0,5,1,0,0,0,1
51,18,1,5,1,8,1,0,0,1,0
23,15,2,2,0,5,1,0,0,0,1
28,20,2,2,0,5,1,0,0,0,1
36,27,2,3,1,7,1,0,0,0,0
41,23,2,3,2,8,1,0,0,0,0
27,19,3,2,0,6,1,0,0,0,1
24,16,2,2,0,5,1,0,0,0,1
29,22,3,2,0,6,0,0,0,0,0
24,16,2,2,0,5,1,0,0,0,1
26,10,1,4,0,6,1,0,0,0,0
21,13,2,2,0,5,1,0,0,0,1
21,13,2,2,0,5,1,0,0,0,1
22,14,3,2,0,6,1,0,0,0,1
29,21,2,2,0,5,1,0,0,0,1
29,21,2,2,0,5,1,0,0,0,1
25,17,2,2,0,5,1,0,0,0,1
24,16,2,2,0,5,1,0,0,0,1
36,28,2,2,0,5,1,0,0,0,1
24,16,2,2,0,5,1,0,0,0,1
35,27,4,2,0,7,1,0,0,0,1
91,73,6,3,4,14,0,0,0,1,0
28,20,2,2,0,5,1,0,0,0,1
24,16,2,3,0,6,0,0,0,0,0
28,20,2,2,0,5,1,0,0,0,1
24,16,2,2,0,5,1,0,0,0,1
21,13,2,2,0,5,1,0,0,0,1
28,20,2,2,0,5,1,0,0,0,1
26,18,2,2,0,5,1,0,0,0,1
26,18,2,2,1,6,1,0,0,0,1
25,17,2,2,0,5,1,0,0,0,1
54,27,2,4,1,8,0,0,0,0,0
90,23,3,5,6,15,1,0,0,0,0
27,19,2,2,0,5,1,0,0,0,1
27,20,3,2,0,6,0,0,0,0,0
30,22,2,2,0,5,1,0,0,0,1
25,18,2,2,1,6,0,0,0,0,0
47,24,3,4,1,9,1,0,0,1,0
27,19,2,2,0,5,1,0,0,0,1
47,21,5,4,0,10,1,0,0,0,0
21,14,2,2,0,5,0,0,0,0,0
27,19,2,2,0,5,1,0,0,0,1
24,16,2,2,0,5,1,0,0,0,1
30,22,2,2,0,5,1,0,0,0,1
32,24,2,2,1,6,1,0,0,0,1
37,29,3,2,0,6,1,0,0,0,1
21,13,3,2,0,6,1,0,0,0,1
22,14,2,2,0,5,1,0,0,0,1
26,18,3,2,0,6,1,0,0,0,1
47,38,2,3,0,6,1,0,0,0,0
59,42,2,4,2,9,1,0,0,1,0
19,11,2,2,0,5,1,0,0,0,1
31,23,2,2,0,5,1,0,0,0,1
24,16,3,2,0,6,1,0,0,0,1
24,16,3,2,0,6,1,0,0,0,1
27,19,2,2,0,5,1,0,0,0,1
31,23,2,2,0,5,1,0,0,0,1
29,21,2,2,0,5,1,0,0,0,1
38,29,2,3,2,8,1,0,0,0,0
20,12,2,2,0,5,1,0,0,0,1
34,26,3,2,0,6,1,0,0,0,1
23,15,2,2,0,5,1,0,0,0,1
25,17,2,2,1,6,1,0,0,0,1
37,28,2,3,2,8,1,0,0,0,0
28,20,2,2,0,5,1,0,0,0,1
31,23,2,2,0,5,1,0,0,0,1
88,19,3,5,5,14,1,0,0,0,0
82,73,3,3,0,7,1,0,0,0,0
28,20,2,2,0,5,1,0,0,0,1
22,15,2,2,0,5,0,0,0,0,0
28,20,2,2,1,6,1,0,0,0,1
27,20,2,2,0,5,0,0,0,0,0
31,23,2,2,0,5,1,0,0,0,1
24,15,2,3,0,6,1,0,0,0,0
26,18,2,2,0,5,1,0,0,0,1
19,11,2,2,0,5,1,0,0,0,1
27,19,4,2,0,7,1,0,0,0,1
25,18,2,2,0,5,0,0,0,0,0
25,18,2,2,0,5,0,0,0,0,0
23,15,2,2,0,5,1,0,0,1,1
34,25,2,3,0,6,1,0,0,0,0
26,18,2,2,0,5,1,0,0,0,1
33,25,2,2,0,5,1,0,0,0,1
25,17,2,2,0,5,1,0,0,0,1
113,15,2,7,1,17,1,0,0,0,0
42,34,3,2,2,8,1,0,0,0,1
63,54,2,3,6,12,1,0,0,1,0
17,10,2,2,0,5,0,0,0,0,0
37,29,2,2,0,5,1,0,0,0,1
21,14,2,2,1,6,0,0,0,0,0
25,18,2,2,0,5,0,0,0,0,0
23,15,3,2,0,6,1,0,0,0,1
26,18,2,2,0,5,1,0,0,0,1
26,18,2,2,0,5,1,0,0,0,1
21,13,2,2,0,5,1,0,0,0,1
29,21,2,2,0,5,1,0,0,0,1
25,17,2,2,0,5,1,0,0,0,1
26,18,2,2,0,5,1,0,0,0,1
110,73,4,3,1,10,1,0,0,0,0
22,15,2,2,0,5,0,0,0,0,0
23,16,2,2,0,5,0,0,0,0,0
25,17,2,2,1,6,1,0,0,0,1
25,18,2,2,0,5,0,0,0,0,0
27,19,2,2,0,5,1,0,0,0,1
18,10,2,2,0,5,1,0,0,0,1
40,23,2,4,1,8,1,0,0,0,0
31,24,2,2,0,5,0,0,0,0,0
27,19,2,2,0,5,1,0,0,0,1
56,47,3,3,4,11,1,0,0,0,0
33,25,2,2,0,5,1,0,0,0,1
34,26,3,2,0,6,1,0,0,0,1
24,16,2,2,0,5,1,0,0,0,1
23,15,2,2,0,5,1,0,0,0,1
41,32,2,3,1,7,1,0,0,0,0
27,20,2,2,0,5,0,0,0,0,0
26,18,2,2,0,5,1,0,0,0,1
28,20,2,2,0,5,1,0,0,0,1
23,15,2,2,0,5,1,0,0,0,1
23,15,2,2,0,5,1,0,0,0,1
29,22,3,2,0,6,0,0,0,0,0
25,17,3,2,0,6,1,0,0,0,1
23,15,2,2,0,5,1,0,0,0,1
29,20,2,3,0,6,1,0,0,0,0
22,14,2,2,0,5,1,0,0,0,1
20,12,2,2,0,5,1,0,0,0,1
30,23,3,2,0,6,0,0,0,0,0
25,17,2,2,0,5,1,0,0,0,1
30,22,2,3,1,7,0,0,0,0,0
80,33,2,3,0,10,1,0,0,0,0
36,27,2,3,1,7,1,0,0,0,0
33,25,2,2,0,5,1,0,0,0,1
26,18,2,2,0,5,1,0,0,0,1
32,24,2,2,0,5,1,0,0,0,1
27,19,3,2,0,6,1,0,0,0,1
25,17,2,2,0,5,1,0,0,0,1
29,21,2,2,0,5,1,0,0,0,1
20,12,2,2,0,5,1,0,0,0,1
25,17,2,2,0,5,1,0,0,0,1
19,11,2,2,0,5,1,0,0,0,1
23,15,2,2,0,5,1,0,0,0,1
19,11,2,2,0,5,1,0,0,0,1
31,23,3,2,0,6,1,0,0,0,1
26,18,2,2,0,5,1,0,0,0,1
28,20,2,3,0,6,0,0,0,0,0
36,28,3,2,0,6,1,0,0,0,1
20,12,2,2,0,5,1,0,0,0,1
28,20,2,2,0,5,1,0,0,0,1
34,26,2,2,0,5,1,0,0,0,1
22,14,2,2,0,5,1,0,0,0,1
30,22,2,2,0,5,1,0,0,0,1
27,19,2,2,0,5,1,0,0,0,1
25,17,2,2,1,6,1,0,0,0,1
29,21,2,2,0,5,1,0,0,0,1
24,17,2,2,0,5,0,0,0,0,0
19,11,2,2,0,5,1,0,0,0,1
26,18,2,2,0,5,1,0,0,0,1
26,18,2,2,0,5,1,0,0,0,1
28,20,2,2,0,5,1,0,0,0,1
37,20,2,3,0,6,0,0,0,0,0
24,16,2,2,0,5,1,0,0,0,1
27,19,2,2,1,6,1,0,0,0,1
24,16,3,2,0,6,1,0,0,0,1
29,21,2,2,0,5,1,0,0,0,1
31,24,2,2,1,6,0,0,0,0,0
31,23,2,2,0,5,1,0,0,0,1
29,22,2,2,1,6,0,0,0,0,0
48,40,2,2,3,8,1,0,0,0,1
28,20,3,2,0,6,1,0,0,0,1
23,15,2,2,0,5,1,0,0,0,1
22,14,2,2,0,5,1,0,0,0,1
104,7,2,5,0,9,0,0,0,0,0
27,19,2,2,1,6,1,0,0,0,1
30,22,2,2,0,5,1,0,0,0,1
23,15,2,2,0,5,1,0,0,0,1
33,26,3,2,0,6,0,0,0,1,0
22,14,2,2,0,5,1,0,0,0,1
23,16,2,2,0,5,0,0,0,0,0
32,24,2,2,0,5,1,0,0,0,1
51,42,3,3,0,7,1,0,0,0,0
19,11,2,2,0,5,1,0,0,0,1
32,24,2,2,0,5,1,0,0,0,1
31,23,2,2,0,5,1,0,0,0,1
47,38,2,3,2,8,1,0,0,0,0
30,22,2,2,0,5,1,0,0,0,1
25,17,2,2,0,5,1,0,0,1,1
25,17,2,2,0,5,1,0,0,0,1
29,22,2,2,0,5,0,0,0,0,0
22,14,2,2,0,5,1,0,0,0,1
29,21,2,2,0,5,1,0,0,0,1
25,17,2,2,0,5,1,0,0,0,1
48,22,3,4,1,9,1,0,0,0,0
35,26,2,3,0,6,1,0,0,0,0
26,18,2,2,0,5,1,0,0,0,1
33,25,2,2,0,5,1,0,0,0,1
23,15,2,2,0,5,1,0,0,0,1
25,17,2,2,0,5,1,0,0,0,1
27,20,2,2,0,5,0,0,0,0,0
34,26,2,2,0,5,1,0,0,0,1
20,13,2,2,0,5,0,0,0,0,0
22,14,2,2,0,5,1,0,0,0,1
23,15,2,2,0,5,1,0,0,0,1
31,23,3,2,0,6,1,0,0,0,1
68,59,4,3,2,10,1,0,0,0,0
34,16,2,3,2,8,1,0,0,0,0
21,13,2,2,0,5,1,0,0,0,1
22,14,3,2,0,6,1,0,0,0,1
63,48,2,3,4,10,1,0,0,0,0
34,26,2,2,0,5,1,0,0,0,1
23,16,2,2,0,5,0,0,0,0,0
29,21,2,2,0,5,1,0,0,0,1
53,17,2,5,1,9,1,0,0,1,0
27,19,2,2,0,5,1,0,0,0,1
25,18,2,2,0,5,0,0,0,0,0
25,17,2,2,0,5,1,0,0,0,1
20,12,2,2,0,5,1,0,0,0,1
84,34,3,3,6,14,1,0,0,0,0
25,17,2,2,0,5,1,0,0,0,1
32,24,2,2,0,5,1,0,0,0,1
27,19,2,2,0,5,1,0,0,0,1
99,15,2,7,0,10,1,0,0,0,0
26,18,3,2,0,6,1,0,0,0,1
29,21,2,2,0,5,1,0,0,0,1
94,19,3,5,5,14,1,0,0,0,0
24,16,2,2,0,5,1,0,0,0,1
31,22,2,3,0,6,1,0,0,0,0
114,34,2,4,2,14,1,0,0,0,0
34,25,2,3,1,7,1,0,0,0,0
19,11,2,2,0,5,1,0,0,0,1
28,20,2,2,0,5,1,0,0,0,1
19,12,2,2,0,5,0,0,0,0,0
27,19,2,2,0,5,1,0,0,0,1
43,34,2,3,1,7,1,0,0,0,0
28,20,2,2,0,5,1,0,0,0,1
31,22,2,3,1,7,1,0,0,0,0
26,18,2,2,0,5,1,0,0,0,1
32,24,3,2,0,6,1,0,0,0,1
25,17,2,2,0,5,1,0,0,0,1
30,22,2,2,0,5,1,0,0,0,1
29,21,2,2,0,5,1,0,0,0,1
54,45,2,3,3,9,1,0,0,0,0
23,15,2,2,1,6,1,0,0,0,1
24,16,2,2,0,5,1,0,0,0,1
22,14,2,2,0,5,1,0,0,0,1
30,22,2,2,0,5,1,0,0,0,1
24,16,2,2,0,5,1,0,0,0,1
22,14,2,2,0,5,1,0,0,0,1
30,22,2,2,0,5,1,0,0,0,1
20,13,2,2,0,5,0,0,0,0,0
27,19,2,2,0,5,1,0,0,0,1
29,21,2,2,0,5,1,0,0,0,1
23,15,3,2,0,6,1,0,0,0,1
20,12,2,2,0,5,1,0,0,0,1
33,26,2,2,2,7,0,0,0,0,0
46,37,2,3,3,9,1,0,0,0,0
40,32,2,2,0,5,1,0,0,0,1
18,10,2,2,0,5,1,0,0,0,1
33,25,3,2,0,6,1,0,0,0,1
26,18,3,2,0,6,1,0,0,0,1
26,18,2,2,0,5,1,0,0,0,1
30,22,2,2,0,5,1,0,0,0,1
25,18,2,2,0,5,0,0,0,0,0
26,18,2,2,0,5,1,0,0,0,1
55,37,3,4,0,8,1,0,0,0,0
22,14,2,2,0,5,1,0,0,0,1
43,35,2,2,0,5,1,0,0,0,1
29,21,2,2,0,5,1,0,0,0,1
28,20,2,2,0,5,1,0,0,0,1
43,34,2,3,1,7,1,0,0,0,0
55,24,1,4,1,7,1,0,0,0,0
24,16,2,2,1,6,1,0,0,0,1
27,19,2,2,0,5,1,0,0,0,1
21,13,2,2,0,5,1,0,0,0,1
31,23,2,2,1,6,1,0,0,0,1
20,13,1,2,0,4,0,0,0,0,0
21,12,2,3,0,6,1,0,0,0,0
29,22,2,2,0,5,0,0,0,0,0
21,14,2,2,0,5,0,0,0,0,0
30,22,3,2,0,6,1,0,0,0,1
30,22,2,2,0,5,1,0,0,0,1
27,19,2,2,0,5,1,0,0,0,1
25,17,2,2,0,5,1,0,0,0,1
26,18,2,2,0,5,1,0,0,0,1
30,22,2,2,0,5,1,0,0,0,1
26,19,2,2,0,5,0,0,0,0,0
28,20,2,2,1,6,1,0,0,0,1
27,20,2,2,0,5,0,0,0,0,0
32,24,3,2,0,6,1,0,0,0,1
22,14,2,2,0,5,1,0,0,0,1
21,14,3,2,0,6,0,0,0,0,0
34,26,2,2,0,5,1,0,0,0,1
22,14,1,2,0,4,1,0,0,0,0
31,23,2,2,0,5,1,0,0,0,1
24,16,3,2,0,6,1,0,0,0,1
29,21,3,2,0,6,1,0,0,0,1
23,15,2,2,0,5,1,0,0,0,1
36,28,2,2,0,5,1,0,0,0,1
24,15,2,3,1,7,1,0,0,0,0
29,22,2,2,0,5,0,0,0,0,0
33,25,2,2,0,5,1,0,0,0,1
40,31,2,3,2,8,1,0,0,1,0
26,18,2,2,0,5,1,0,0,0,1
66,57,2,3,4,10,1,0,0,0,0
31,23,2,2,0,5,1,0,0,0,1
24,16,2,2,0,5,1,0,0,0,1
27,19,2,2,1,6,1,0,0,0,1
32,24,3,2,0,6,1,0,0,0,1
24,16,2,2,0,5,1,0,0,0,1
21,13,2,2,0,5,1,0,0,0,1
31,23,3,2,0,6,1,0,0,0,1
26,18,2,2,0,5,1,0,0,0,1
33,25,2,2,0,5,1,0,0,0,1
21,13,2,2,1,6,1,0,0,0,1
44,31,2,3,0,6,1,0,0,0,0
31,23,2,2,0,5,1,0,0,0,1
19,11,2,2,0,5,1,0,0,0,1
24,16,2,2,0,5,1,0,0,0,1
20,11,1,3,0,5,1,0,0,0,0
23,15,2,2,0,5,1,0,0,0,1
113,15,2,7,1,16,1,0,0,0,0
28,20,2,2,0,5,1,0,0,0,1
29,21,2,2,0,5,1,0,0,0,1
30,22,2,2,1,6,1,0,0,0,1
29,21,2,2,0,5,1,0,0,0,1
29,22,2,2,0,5,0,0,0,0,0
27,20,2,2,1,6,0,0,0,0,0
23,15,2,2,0,5,1,0,0,0,1
26,18,2,2,0,5,1,0,0,0,1
47,39,4,3,2,10,0,0,0,0,0
23,15,2,2,0,5,1,0,0,0,1
51,13,1,5,0,7,1,0,0,0,0
31,23,2,2,0,5,1,0,0,0,1
25,17,2,2,0,5,1,0,0,0,1
24,16,2,2,0,5,1,0,0,0,1
27,19,2,2,0,5,1,0,0,0,1
45,36,2,3,1,7,1,0,0,1,0
25,18,3,2,0,6,0,0,0,0,0
22,14,2,2,0,5,1,0,0,0,1
31,22,2,3,0,6,1,0,0,0,0
27,19,2,2,0,5,1,0,0,0,1
23,15,3,2,0,6,1,0,0,0,1
22,14,2,2,0,5,1,0,0,0,1
32,24,3,2,1,7,1,0,0,0,1
23,15,2,2,0,5,1,0,0,0,1
37,28,2,3,3,9,1,0,0,0,0
46,20,2,5,0,8,1,0,0,0,0
24,16,2,2,0,5,1,0,0,0,1
30,23,2,2,0,5,0,0,0,1,0
39,32,3,2,1,7,0,0,0,0,0
28,20,2,2,0,5,1,0,0,0,1
27,19,2,2,0,5,1,0,0,0,1
28,20,2,2,0,5,1,0,0,0,1
26,18,2,2,0,5,1,0,0,0,1
31,23,2,2,0,5,1,0,0,0,1
32,24,3,2,0,6,1,0,0,0,1
21,13,3,2,0,6,1,0,0,0,1
29,21,2,2,1,6,1,0,0,0,1
47,38,2,3,3,9,1,0,0,0,0
21,7,1,3,0,5,1,0,0,0,0
32,24,2,2,1,6,1,0,0,0,1
19,11,2,2,0,5,1,0,0,0,1
29,21,2,2,1,6,1,0,0,0,1
31,24,2,2,0,5,0,0,0,0,0
25,17,2,2,0,5,1,0,0,0,1
30,22,2,2,0,5,1,0,0,0,1
29,21,2,2,0,5,1,0,0,0,1
30,22,2,2,0,5,1,0,0,0,1
30,22,2,2,1,6,1,0,0,0,1
22,15,2,2,0,5,0,0,0,0,0
33,25,2,2,0,5,1,0,0,0,1
29,21,2,2,0,5,1,0,0,0,1
23,15,2,2,0,5,1,0,0,0,1
29,21,2,2,0,5,1,0,0,0,1
27,19,2,2,0,5,1,0,0,0,1
31,23,3,2,0,6,1,0,0,0,1
25,17,2,2,1,6,1,0,0,0,1
24,16,2,2,0,5,1,0,0,0,1
33,25,2,2,0,5,1,0,0,0,0
35,27,2,2,1,6,1,0,0,0,1
21,13,2,2,0,5,1,0,0,0,1
35,27,2,2,1,6,1,0,0,0,1
34,26,2,2,0,5,1,0,0,0,1
24,16,3,2,0,6,1,0,0,0,1
24,16,2,2,0,5,1,0,0,0,1
35,17,2,4,0,7,1,0,0,1,0
31,23,2,2,0,5,1,0,0,0,1
93,74,4,3,0,8,1,0,0,0,0
31,23,2,2,0,5,1,0,0,0,1
27,19,2,2,0,5,1,0,0,0,1
27,19,2,2,0,5,1,0,0,0,1
30,21,2,3,1,7,1,0,0,0,0
26,18,2,2,0,5,1,0,0,0,1
35,27,2,2,0,5,1,0,0,0,1
31,24,2,2,0,5,0,0,0,0,0
27,19,2,2,0,5,1,0,0,0,1
27,19,2,2,0,5,1,0,0,0,1
17,10,1,2,0,4,0,0,0,0,0
23,15,2,2,0,5,1,0,0,0,1
22,14,2,2,0,5,1,0,0,0,1
25,17,2,2,0,5,1,0,0,0,1
23,16,2,2,0,5,0,0,0,0,0
28,20,2,2,0,5,1,0,0,0,1
32,24,2,2,0,5,1,0,0,0,1
28,20,3,2,0,6,1,0,0,0,1
25,16,2,3,0,6,1,0,0,0,0
68,16,1,4,2,8,1,0,0,0,0
36,18,2,3,2,8,1,0,0,0,0
31,23,2,2,0,5,1,0,0,0,1
43,34,2,3,2,8,1,0,0,0,0
32,25,3,2,0,6,0,0,0,0,0
42,27,3,3,2,9,1,0,0,0,0
27,19,3,2,1,7,1,0,0,0,1
21,13,2,2,0,5,1,0,0,0,1
56,39,4,3,2,10,0,0,0,1,0
23,15,2,2,0,5,1,0,0,0,1
23,16,2,2,0,5,0,0,0,0,0
34,27,3,2,0,6,0,0,0,0,0
24,16,3,2,0,6,1,0,0,0,1
24,16,2,2,0,5,1,0,0,0,0
26,18,2,2,0,5,1,0,0,0,1
31,24,3,2,1,7,0,0,0,0,0
42,34,2,2,0,5,1,0,0,0,1
29,21,2,2,0,5,1,0,0,0,1
36,27,2,3,1,7,1,0,0,0,0
20,12,2,2,0,5,1,0,0,0,1
28,20,2,2,0,5,1,0,0,0,1
42,33,2,3,0,6,1,0,0,0,0
33,20,2,3,0,6,1,0,0,0,0
37,29,2,2,0,5,1,0,0,0,1
24,16,2,2,0,5,1,0,0,0,1
20,12,2,2,0,5,1,0,0,0,1
31,24,2,2,0,5,0,0,0,0,0
38,29,2,3,1,7,1,0,0,0,0
25,17,2,2,1,6,1,0,0,0,1
38,30,2,3,2,8,0,0,0,0,0
51,43,3,2,0,6,1,0,0,0,0
21,11,1,3,0,5,1,0,0,0,0
33,25,2,2,0,5,1,0,0,0,1
39,31,3,2,0,6,1,0,0,0,1
38,22,2,3,1,7,1,0,0,0,0
28,20,2,2,0,5,1,0,0,0,1
471,14,13,5,3,59,0,0,1,1,0
22,14,2,2,0,5,1,0,0,0,1
25,18,2,2,0,5,0,0,0,0,0
46,19,2,5,1,9,1,0,0,0,0
28,20,2,2,0,5,1,0,0,0,1
22,14,2,2,0,5,1,0,0,0,1
39,22,3,3,1,10,1,1,0,0,0
35,27,2,2,0,5,1,0,0,0,1
28,21,3,2,0,6,0,0,0,0,0
24,16,2,2,0,5,1,0,0,0,1
22,14,3,2,0,6,1,0,0,0,1
24,16,2,2,0,5,1,0,0,0,1
25,17,3,2,0,6,1,0,0,0,1
19,11,2,2,0,5,1,0,0,0,1
30,22,2,2,0,5,1,0,0,0,1
27,18,2,3,2,8,1,0,0,0,0
22,14,2,2,0,5,1,0,0,0,1
19,11,2,2,0,5,1,0,0,0,1
31,23,2,2,0,5,1,0,0,0,1
53,44,2,3,4,10,1,0,0,0,0
41,33,2,2,0,5,1,0,0,0,1
31,23,2,2,0,5,1,0,0,0,1
33,25,2,2,0,5,1,0,0,0,1
34,26,2,2,0,5,1,0,0,0,1
33,25,2,2,0,5,1,0,0,0,1
25,17,2,2,0,5,1,0,0,0,1
28,20,2,2,0,5,1,0,0,0,1
47,38,2,3,1,7,1,0,0,0,0
20,12,2,2,0,5,1,0,0,0,1
27,19,3,2,0,6,1,0,0,0,1
26,19,2,2,1,6,0,0,0,0,0
28,20,3,2,0,6,1,0,0,0,1
28,20,2,2,0,5,1,0,0,0,1
30,22,2,2,1,6,1,0,0,0,1
24,16,2,2,0,5,1,0,0,0,1
24,16,2,2,0,5,1,0,0,0,1
23,15,2,2,0,5,1,0,0,0,1
24,16,2,2,0,5,1,0,0,0,1
30,22,4,2,0,7,1,0,0,0,1
29,21,2,2,0,5,1,0,0,0,1
24,16,2,2,0,5,1,0,0,0,1
32,23,2,3,1,7,1,0,0,0,0
27,19,2,2,0,5,1,0,0,0,1
29,21,2,2,0,5,1,0,0,0,1
22,14,2,2,0,5,1,0,0,0,1
22,14,2,2,0,5,1,0,0,0,1
42,34,2,2,0,5,1,0,0,0,1
22,14,2,2,0,5,1,0,0,0,1
89,16,3,5,0,11,1,0,0,0,0
131,12,7,8,0,26,0,0,1,1,0
46,29,5,3,1,10,1,0,0,0,0
26,18,3,2,0,6,1,0,0,0,1
22,14,2,3,0,6,0,0,0,0,0
29,21,2,2,0,5,1,0,0,0,1
22,15,2,2,0,5,0,0,0,0,0
65,16,2,5,0,8,1,0,0,0,0
26,19,2,2,0,5,0,0,0,0,0
25,17,2,2,0,5,1,0,0,0,1
28,20,2,2,0,5,1,0,0,0,1
24,16,2,2,0,5,1,0,0,0,1
23,14,2,3,0,6,1,0,0,0,0
23,16,2,2,0,5,0,0,0,0,0
54,45,2,3,2,8,1,0,0,0,0
26,18,2,2,0,5,1,0,0,0,1
25,17,2,2,0,5,1,0,0,0,1
25,18,2,2,0,5,0,0,0,0,0
37,29,3,2,0,6,1,0,0,0,1
29,21,3,2,0,6,1,0,0,0,1
24,15,2,3,1,7,1,0,0,0,0
23,15,2,2,0,5,1,0,0,0,1
28,20,2,2,0,5,1,0,0,0,1
35,27,3,2,0,6,1,0,0,0,1
32,24,2,2,0,5,1,0,0,0,1
24,16,2,2,0,5,1,0,0,0,1
33,25,3,2,0,6,1,0,0,0,1
38,31,3,2,0,6,0,0,0,0,0
25,18,2,2,0,5,0,0,0,0,0
30,22,2,2,0,5,1,0,0,0,1
20,12,2,2,0,5,1,0,0,0,1
55,47,3,2,4,10,1,0,0,0,0
22,14,3,2,0,6,1,0,0,0,1
167,84,4,3,4,14,1,0,0,0,0
25,17,2,2,0,5,1,0,0,0,1
25,8,1,5,0,8,1,0,0,0,0
31,23,2,2,1,6,1,0,0,0,1
33,25,2,2,0,5,1,0,0,0,1
36,28,2,2,0,5,1,0,0,0,1
32,24,3,2,0,6,1,0,0,0,1
37,29,2,2,0,5,1,0,0,0,1
22,15,2,2,0,5,0,0,0,0,0
34,25,2,3,1,7,1,0,0,0,0
73,11,2,4,0,11,1,0,0,1,0
23,15,2,2,0,5,1,0,0,0,1
26,18,2,2,0,5,1,0,0,0,1
25,17,3,2,0,6,1,0,0,0,1
22,14,2,2,0,5,1,0,0,0,1
34,26,2,2,0,5,1,0,0,0,1
27,19,2,2,0,5,1,0,0,0,1
29,21,2,2,0,5,1,0,0,0,1
37,29,2,2,0,5,1,0,0,0,1
41,27,3,4,3,11,1,0,0,0,0
22,14,2,2,0,5,1,0,0,0,1
50,24,1,5,1,8,0,0,0,0,0
21,13,2,2,0,5,1,0,0,0,1
27,19,2,2,0,5,1,0,0,0,1
25,17,2,2,0,5,1,0,0,0,1
20,12,2,2,0,5,1,0,0,0,1
25,17,2,2,0,5,1,0,0,0,1
39,31,2,2,0,5,1,0,0,0,1
23,15,2,2,0,5,1,0,0,0,1
24,16,2,2,0,5,1,0,0,0,1
30,22,2,2,0,5,1,0,0,0,1
26,18,2,2,0,5,1,0,0,0,1
26,18,2,2,0,5,1,0,0,0,1
126,20,3,7,0,11,1,0,0,0,0
49,19,2,5,4,12,1,0,0,0,0
23,15,2,2,0,5,1,0,0,0,1
23,15,2,2,0,5,1,0,0,0,1
22,14,3,2,0,6,1,0,0,0,1
27,19,2,2,0,5,1,0,0,0,1
29,21,2,2,0,5,1,0,0,0,1
32,24,2,2,0,5,1,0,0,0,1
24,16,2,2,0,5,1,0,0,0,1
32,23,2,3,1,7,1,0,0,0,0
39,31,2,2,1,6,1,0,0,0,1
28,20,3,2,0,6,1,0,0,0,1
28,20,2,2,0,5,1,0,0,0,1
29,21,2,2,0,5,1,0,0,0,1
21,13,2,2,0,5,1,0,0,0,1
26,19,3,2,0,6,0,0,0,0,0
22,15,2,2,1,6,0,0,0,0,0
29,22,2,2,0,5,0,0,0,0,0
59,42,3,3,1,8,1,0,0,0,0
89,34,9,4,1,18,0,1,0,1,0
29,21,2,2,0,5,1,0,0,0,1
33,25,2,2,0,5,1,0,0,0,1
32,24,2,2,0,5,1,0,0,0,1
25,18,2,2,0,5,0,0,0,0,0
24,15,2,3,1,7,1,0,0,0,0
24,16,2,2,0,5,1,0,0,0,1
38,22,2,3,0,6,1,0,0,0,0
31,23,2,2,0,5,1,0,0,0,1
40,31,2,3,1,7,1,0,0,0,0
31,23,2,2,0,5,1,0,0,0,1
23,15,2,2,0,5,1,0,0,0,1
19,11,2,2,0,5,1,0,0,0,1
42,35,3,2,2,8,0,0,0,0,0
21,13,2,2,0,5,1,0,0,0,1
29,21,2,2,0,5,1,0,0,0,1
27,19,2,2,0,5,1,0,0,0,1
26,18,2,2,0,5,1,0,0,0,1
28,20,4,2,0,7,1,0,0,0,1
36,28,2,2,0,5,1,0,0,0,1
27,19,2,2,0,5,1,0,0,0,1
41,33,2,2,2,7,1,0,0,0,1
31,23,2,2,0,5,1,0,0,0,1
21,13,3,2,0,6,1,0,0,0,1
26,18,2,2,0,5,1,0,0,0,1
19,4,1,3,0,5,1,0,0,0,0
19,11,2,2,0,5,1,0,0,0,1
29,21,4,2,0,7,1,0,0,0,1
28,20,2,2,0,5,1,0,0,0,1
31,23,2,2,0,5,1,0,0,0,1
32,24,2,2,0,5,1,0,0,0,1
27,19,2,2,0,5,1,0,0,0,1
27,19,4,2,0,7,1,0,0,0,1
29,22,2,2,1,6,0,0,0,0,0
45,37,2,2,0,5,1,0,0,0,1
35,27,2,2,0,5,1,0,0,0,1
24,16,2,2,0,5,1,0,0,0,1
23,15,2,2,0,5,1,0,0,0,1
29,21,2,2,0,5,1,0,0,0,1
26,18,2,2,0,5,1,0,0,0,1
26,18,2,2,0,5,1,0,0,0,1
25,17,2,2,0,5,1,0,0,0,1
28,20,2,2,1,6,1,0,0,0,1
23,15,2,2,0,5,1,0,0,0,1
34,26,2,2,0,5,1,0,0,0,1
36,28,3,2,0,6,1,0,0,0,1
29,22,2,2,1,6,0,0,0,1,0
29,21,3,2,0,6,1,0,0,0,1
38,30,3,2,0,6,1,0,0,0,1
29,21,2,2,0,5,1,0,0,0,1
49,40,2,3,3,9,1,0,0,0,0
23,15,2,2,0,5,1,0,0,0,1
27,13,1,4,1,7,0,0,0,0,0
26,18,2,2,0,5,1,0,0,0,1
32,24,2,2,0,5,1,0,0,0,1
28,20,2,2,0,5,1,0,0,0,1
31,23,2,2,0,5,1,0,0,0,1
29,21,2,2,0,5,1,0,0,0,1
29,21,4,2,0,7,1,0,0,0,1
23,15,2,2,0,5,1,0,0,0,1
29,21,2,2,0,5,1,0,0,0,1
31,23,2,2,0,5,1,0,0,0,1
36,28,3,2,0,6,1,0,0,0,1
25,17,2,2,0,5,1,0,0,0,1
19,11,2,2,0,5,1,0,0,0,1
29,21,2,2,0,5,1,0,0,0,1
32,24,2,2,0,5,1,0,0,0,1
25,17,2,2,0,5,1,0,0,0,1
35,18,1,4,0,6,1,0,0,0,0
33,24,1,3,0,5,1,0,0,0,0
32,24,3,2,0,6,1,0,0,0,1
29,21,2,2,0,5,1,0,0,0,1
30,22,2,2,0,5,1,0,0,0,1
35,27,2,2,0,5,1,0,0,0,1
50,36,5,3,2,11,0,0,0,0,0
36,28,2,2,0,5,1,0,0,0,1
36,28,2,2,0,5,1,0,0,0,1
23,15,2,2,0,5,1,0,0,0,1
24,17,2,2,0,5,0,0,0,0,0
47,39,3,3,0,7,0,0,0,0,0
22,15,2,2,0,5,0,0,0,0,0
40,32,3,2,0,6,1,0,0,0,1
64,55,3,3,5,12,1,0,0,0,0
39,23,2,3,1,7,0,0,0,0,0
19,11,2,2,0,5,1,0,0,0,1
25,17,2,2,0,5,1,0,0,0,1
31,23,2,2,0,5,1,0,0,0,1
27,18,2,3,0,6,1,0,0,0,0
25,17,3,2,0,6,1,0,0,0,1
20,12,2,2,0,5,1,0,0,0,1
28,20,2,2,0,5,1,0,0,0,1
21,14,2,2,0,5,0,0,0,0,0
25,17,2,2,0,5,1,0,0,0,1
30,22,2,2,0,5,1,0,0,0,1
33,25,2,2,0,5,1,0,0,0,1
31,23,2,2,0,5,1,0,0,0,1
43,35,3,2,0,6,1,0,0,0,1
18,10,2,2,0,5,1,0,0,0,1
27,19,3,2,0,6,1,0,0,0,1
30,22,2,2,0,5,1,0,0,0,1
48,39,2,3,0,6,1,0,0,0,0
30,22,2,2,0,5,1,0,0,0,1
25,17,2,2,0,5,1,0,0,0,1
28,20,2,2,0,5,1,0,0,0,1
32,24,2,2,0,5,1,0,0,0,1
25,17,2,2,0,5,1,0,0,0,1
21,14,2,2,0,5,0,0,0,0,0
31,23,2,2,0,5,1,0,0,0,1
82,13,2,5,0,9,1,0,0,0,0
52,43,3,3,0,7,1,0,0,0,0
24,16,2,2,0,5,1,0,0,0,1
338,22,1,3,2,18,1,0,0,1,0
31,23,2,2,0,5,1,0,0,0,1
26,18,2,2,0,5,1,0,0,0,1
34,26,2,2,0,5,1,0,0,0,1
20,12,2,2,0,5,1,0,0,0,1
27,19,2,2,0,5,1,0,0,0,1
25,17,3,2,0,6,1,0,0,0,1
35,26,2,3,2,8,1,0,0,0,0
32,24,2,2,0,5,1,0,0,0,1
21,13,2,2,0,5,1,0,0,0,1
21,13,2,2,0,5,1,0,0,0,1
36,28,2,2,0,5,1,0,0,0,1
28,20,3,2,0,6,1,0,0,0,1
24,16,2,2,0,5,1,0,0,0,1
28,20,2,2,0,5,1,0,0,0,1
26,18,2,2,0,5,1,0,0,0,1
28,20,2,2,1,6,1,0,0,0,1
21,13,2,2,0,5,1,0,0,0,1
22,14,3,2,0,6,1,0,0,0,1
21,13,2,2,0,5,1,0,0,0,1
33,25,2,2,0,5,1,0,0,0,1
47,38,3,3,0,7,1,0,0,0,0
25,17,2,2,0,5,1,0,0,0,1
31,24,1,2,0,4,0,0,0,0,0
69,22,3,6,0,10,0,0,0,0,0
21,14,2,2,0,5,0,0,0,0,0
21,13,2,2,0,5,1,0,0,0,1
31,23,3,2,0,6,1,0,0,0,1
27,19,2,2,0,5,1,0,0,0,1
32,24,3,2,0,6,1,0,0,0,1
31,23,2,2,0,5,1,0,0,0,1
24,17,2,2,0,5,0,0,0,0,0
36,28,3,2,0,6,1,0,0,0,1
32,24,2,2,0,5,1,0,0,0,1
84,19,3,4,5,13,1,0,0,0,0
19,11,2,2,0,5,1,0,0,0,1
25,17,2,2,0,5,1,0,0,0,1
25,17,2,2,0,5,1,0,0,0,1
30,22,2,2,0,5,1,0,0,0,1
26,18,2,2,0,5,1,0,0,0,1
27,19,3,2,0,6,1,0,0,0,1
28,20,2,2,0,5,1,0,0,0,1
21,14,3,2,0,6,0,0,0,0,0
21,13,2,2,0,5,1,0,0,0,1
27,19,3,2,1,7,1,0,0,0,1
29,21,2,2,0,5,1,0,0,0,1
52,43,2,3,2,8,1,0,0,0,0
23,15,3,2,0,6,1,0,0,0,1
33,25,2,2,0,5,1,0,0,0,1
33,16,1,4,0,6,1,0,0,0,0
29,21,2,2,0,5,1,0,0,0,1
23,15,3,2,0,6,1,0,0,0,1
25,17,2,2,0,5,1,0,0,0,1
27,19,2,2,0,5,1,0,0,0,1
30,22,2,2,0,5,1,0,0,0,1
34,25,2,3,1,7,1,0,0,0,0
33,26,3,2,0,6,0,0,0,0,0
20,12,2,2,0,5,1,0,0,0,1
29,21,4,2,0,7,1,0,0,0,1
24,16,2,2,0,5,1,0,0,0,1
20,12,2,2,0,5,1,0,0,0,1
70,61,4,3,3,11,1,0,0,0,0
54,45,2,3,3,9,1,0,0,1,0
25,17,2,2,0,5,1,0,0,0,1
35,26,2,3,1,7,1,0,0,0,0
27,19,2,2,0,5,1,0,0,0,1
29,21,2,2,1,6,1,0,0,0,1
25,17,2,2,0,5,1,0,0,0,1
31,23,2,2,0,5,1,0,0,0,1
36,27,2,3,2,8,1,0,0,0,0
36,28,2,2,0,5,1,0,0,0,1
29,21,2,2,0,5,1,0,0,0,1
37,30,3,2,0,6,0,0,0,0,0
37,29,2,2,0,5,1,0,0,0,1
20,13,2,2,0,5,0,0,0,0,0
41,33,2,2,0,5,1,0,0,0,1
25,17,2,2,0,5,1,0,0,0,1
23,15,2,2,0,5,1,0,0,0,1
32,24,2,2,0,5,1,0,0,0,1
50,41,2,3,3,9,1,0,0,0,0
26,18,2,2,0,5,1,0,0,0,1
22,14,2,2,0,5,1,0,0,0,1
24,16,2,2,0,5,1,0,0,0,1
61,43,3,3,1,8,1,0,0,0,0
24,16,2,2,1,6,1,0,0,0,1
105,74,4,3,0,10,1,0,0,0,0
31,23,2,2,0,5,1,0,0,0,1
33,26,3,2,0,6,0,0,0,0,0
23,15,2,2,0,5,1,0,0,0,1
25,17,2,2,0,5,1,0,0,0,1
27,19,2,2,0,5,1,0,0,0,1
27,19,2,2,1,6,1,0,0,0,1
32,25,2,2,0,5,0,0,0,0,0
35,27,2,2,0,5,1,0,0,0,1
54,36,4,4,2,11,1,0,0,1,0
21,14,2,2,0,5,0,0,0,0,0
24,17,2,2,0,5,0,0,0,0,0
40,33,2,2,0,5,0,0,0,0,0
27,19,3,2,1,7,1,0,0,0,1
20,11,1,3,0,5,1,0,0,0,0
24,16,2,2,0,5,1,0,0,0,1
23,15,2,2,0,5,1,0,0,0,1
20,12,2,2,0,5,1,0,0,0,1
32,24,2,2,0,5,1,0,0,0,1
26,18,2,2,0,5,1,0,0,0,1
23,15,2,2,0,5,1,0,0,0,1
36,28,2,2,0,5,1,0,0,0,1
27,20,2,2,2,7,0,0,0,0,0
24,16,2,2,0,5,1,0,0,0,1
36,28,2,2,0,5,1,0,0,0,1
33,25,2,2,0,5,1,0,0,0,1
22,14,2,2,0,5,1,0,0,0,1
38,23,3,3,0,7,1,0,0,0,0
26,19,3,2,0,6,0,0,0,0,0
53,44,2,3,3,9,1,0,0,0,0
28,20,2,2,0,5,1,0,0,0,1
19,12,2,2,0,5,0,0,0,0,0
27,19,2,2,0,5,1,0,0,0,1
29,21,2,2,0,5,1,0,0,0,1
26,18,2,2,0,5,1,0,0,0,1
26,18,3,2,0,6,1,0,0,0,1
23,15,3,2,0,6,1,0,0,0,1
29,21,2,2,0,5,1,0,0,0,1
27,20,3,2,0,6,0,0,0,0,0
26,18,2,2,0,5,1,0,0,0,1
55,47,3,2,4,10,1,0,0,0,0
33,25,2,2,0,5,1,0,0,0,1
121,44,5,8,2,16,1,0,0,1,0
30,22,2,2,0,5,1,0,0,0,1
29,21,2,2,0,5,1,0,0,0,1
55,27,2,4,0,7,1,0,0,1,0
33,25,2,2,0,5,1,0,0,0,1
31,24,3,2,0,6,0,0,0,0,0
21,13,2,2,0,5,1,0,0,0,1
29,21,2,2,0,5,1,0,0,0,1
29,22,2,2,0,5,0,0,0,0,0
23,15,2,2,0,5,1,0,0,0,1
31,23,2,2,0,5,1,0,0,0,1
24,16,2,2,0,5,1,0,0,0,1
21,13,2,2,0,5,1,0,0,0,1
37,29,3,2,0,6,1,0,0,0,1
31,23,2,2,0,5,1,0,0,0,1
30,22,2,2,0,5,1,0,0,0,1
22,14,2,2,0,5,1,0,0,0,1
90,7,2,5,0,8,1,0,0,0,0
24,16,2,2,0,5,1,0,0,0,1
22,14,2,2,1,6,1,0,0,0,1
41,32,2,3,0,6,1,0,0,0,0
37,29,2,2,0,5,1,0,0,0,1
27,20,2,2,0,5,0,0,0,0,0
62,55,1,2,0,4,0,0,0,0,0
25,17,2,2,0,5,1,0,0,0,1
29,21,2,2,0,5,1,0,0,0,1
33,25,2,2,0,5,1,0,0,0,1
32,24,2,2,1,6,1,0,0,0,1
25,17,2,2,0,5,1,0,0,0,1
28,20,2,2,0,5,1,0,0,0,1
26,19,3,2,0,6,0,0,0,0,0
27,19,2,2,0,5,1,0,0,0,1
28,20,2,2,0,5,1,0,0,0,1
25,17,2,2,0,5,1,0,0,0,1
18,10,2,2,0,5,1,0,0,0,1
36,28,2,2,0,5,1,0,0,0,1
35,27,2,2,0,5,1,0,0,0,1
31,23,2,2,0,5,1,0,0,0,1
23,15,3,2,0,6,1,0,0,0,1
26,18,2,2,0,5,1,0,0,0,1
21,13,2,2,0,5,1,0,0,0,1
26,18,2,2,0,5,1,0,0,0,1
18,10,2,2,0,5,1,0,0,0,1
30,23,2,2,0,5,0,0,0,0,0
24,16,2,2,1,6,1,0,0,0,1
29,21,2,2,1,6,1,0,0,0,1
19,11,2,2,0,5,1,0,0,0,1
28,20,2,2,0,5,1,0,0,0,1
50,31,6,4,0,11,0,0,0,0,0
23,15,2,2,0,5,1,0,0,0,1
29,22,2,2,0,5,0,0,0,0,0
20,12,2,2,0,5,1,0,0,0,1
42,35,3,2,0,6,0,0,0,0,0
27,19,2,2,0,5,1,0,0,0,0
30,21,2,3,1,7,1,0,0,0,0
30,22,2,2,0,5,1,0,0,0,1
32,24,3,2,0,6,1,0,0,0,1
28,20,2,2,0,5,1,0,0,0,1
20,12,2,2,0,5,1,0,0,0,1
32,24,3,2,0,6,1,0,0,0,1
55,47,3,2,4,10,1,0,0,0,0
24,16,2,2,0,5,1,0,0,0,1
39,31,3,2,0,6,1,0,0,0,1
32,24,2,2,1,6,1,0,0,0,1
178,15,3,7,1,24,1,0,0,0,0
26,18,2,2,1,6,1,0,0,0,1
22,14,3,2,0,6,1,0,0,0,1
22,14,2,2,0,5,1,0,0,0,1
23,15,2,2,0,5,1,0,0,0,1
27,19,1,2,0,4,1,0,0,0,0
23,15,2,2,0,5,1,0,0,0,1
24,16,2,2,0,5,1,0,0,0,1
28,20,2,2,0,5,1,0,0,0,1
31,23,4,2,0,7,1,0,0,0,1
28,20,2,2,0,5,1,0,0,0,1
19,12,1,2,1,5,0,0,0,0,0
31,23,2,2,1,6,1,0,0,0,0
27,18,2,3,0,6,1,0,0,0,0
29,21,3,2,0,6,1,0,0,0,1
33,25,2,2,0,5,1,0,0,0,1
23,15,2,2,0,5,1,0,0,0,1
20,12,2,2,0,5,1,0,0,0,1
34,26,2,2,0,5,1,0,0,0,1
30,22,2,2,0,5,1,0,0,0,1
23,15,3,2,0,6,1,0,0,0,1
27,19,2,2,0,5,1,0,0,0,1
26,19,2,2,2,7,0,0,0,0,0
30,22,2,2,0,5,1,0,0,0,1
27,19,2,2,0,5,1,0,0,0,1
31,23,4,2,0,7,1,0,0,0,1
29,21,2,2,0,5,1,0,0,0,1
26,18,2,2,0,5,1,0,0,0,1
24,16,3,2,0,6,1,0,0,0,1
33,25,2,2,0,5,1,0,0,0,1
19,11,2,2,0,5,1,0,0,0,1
24,16,2,2,1,6,1,0,0,0,1
21,13,3,2,0,6,1,0,0,0,1
21,13,2,2,0,5,1,0,0,0,1
18,10,2,2,0,5,1,0,0,0,1
29,21,3,2,0,6,1,0,0,0,1
25,17,2,2,0,5,1,0,0,0,1
20,12,2,2,0,5,1,0,0,0,1
19,11,2,2,0,5,1,0,0,0,1
18,10,2,2,0,5,1,0,0,0,1
24,16,2,2,0,5,1,0,0,0,1
20,13,2,2,0,5,0,0,0,0,0
31,23,2,2,0,5,1,0,0,0,1
27,19,2,2,0,5,1,0,0,0,1
22,15,2,2,0,5,0,0,0,0,0
19,11,2,2,0,5,1,0,0,0,1
30,22,2,2,0,5,1,0,0,0,1
28,20,2,2,0,5,1,0,0,0,1
21,13,2,2,0,5,1,0,0,0,1
26,18,2,2,0,5,1,0,0,0,1
31,23,3,2,0,6,1,0,0,0,1
33,25,2,2,0,5,1,0,0,0,1
29,21,3,2,0,6,1,0,0,0,1
25,17,3,2,0,6,1,0,0,0,1
25,17,2,2,0,5,1,0,0,0,1
35,17,2,4,0,7,1,0,0,1,0
22,14,2,2,0,5,1,0,0,0,1
21,13,2,2,0,5,1,0,0,0,1
71,25,6,4,2,14,0,0,0,1,0
50,41,3,3,2,9,1,0,0,0,0
25,18,2,2,1,6,0,0,0,0,0
34,26,2,2,0,5,1,0,0,0,1
22,14,2,2,0,5,1,0,0,0,1
21,13,2,2,0,5,1,0,0,0,1
37,28,2,3,0,6,1,0,0,0,0
35,28,2,2,0,5,0,0,0,0,0
25,17,2,2,0,5,1,0,0,0,1
27,19,2,2,0,5,1,0,0,0,1
28,21,3,2,0,6,0,0,0,0,0
31,23,2,2,0,5,1,0,0,0,1
22,14,3,2,0,6,1,0,0,0,1
41,32,2,3,2,8,1,0,0,0,0
25,18,2,2,0,5,0,0,0,0,0
31,23,3,2,0,6,1,0,0,0,1
32,24,3,2,0,6,1,0,0,0,1
38,29,2,3,0,6,1,0,0,0,0
27,19,2,2,0,5,1,0,0,0,1
21,13,2,2,0,5,1,0,0,0,1
28,20,3,2,0,6,1,0,0,0,1
30,22,2,2,1,6,1,0,0,0,1
31,23,2,2,0,5,1,0,0,0,1
31,23,3,2,0,6,1,0,0,0,1
37,29,2,2,0,5,1,0,0,0,1
30,22,2,2,0,5,1,0,0,0,1
23,16,2,2,1,6,0,0,0,0,0
22,14,3,2,0,6,1,0,0,0,1
26,18,3,2,0,6,1,0,0,0,1
22,14,2,2,1,6,1,0,0,0,1
55,47,3,2,4,10,1,0,0,0,0
33,25,4,2,0,7,1,0,0,0,1
39,5,1,3,0,5,1,0,0,0,0
31,23,2,2,0,5,1,0,0,0,1
20,13,2,2,0,5,0,0,0,0,0
34,26,2,2,0,5,1,0,0,0,1
35,27,3,3,1,8,0,0,0,0,0
34,25,2,3,1,7,1,0,0,0,0
30,22,2,2,0,5,1,0,0,0,1
29,21,2,2,0,5,1,0,0,0,1
20,12,2,2,0,5,1,0,0,0,1
26,18,2,2,0,5,1,0,0,0,1
35,28,3,2,2,8,0,0,0,0,0
22,14,2,2,0,5,1,0,0,0,1
26,18,2,2,0,5,1,0,0,0,1
31,23,2,2,0,5,1,0,0,0,1
28,20,2,2,1,6,1,0,0,0,1
27,19,2,2,0,5,1,0,0,0,1
23,15,2,2,0,5,1,0,0,0,1
35,27,2,2,0,5,1,0,0,0,1
32,24,2,2,0,5,1,0,0,0,1
23,15,3,2,0,6,1,0,0,0,1
34,21,2,3,1,7,1,0,0,0,0
36,28,2,2,0,5,1,0,0,0,1
36,28,4,2,0,7,1,0,0,0,1
31,23,2,2,0,5,1,0,0,0,1
29,21,2,2,0,5,1,0,0,0,1
35,26,2,3,1,7,1,0,0,0,0
160,19,4,6,11,24,1,1,0,1,0
26,18,2,2,0,5,1,0,0,0,1
70,18,1,3,1,10,1,0,0,1,0
24,16,2,2,0,5,1,0,0,0,1
36,27,2,3,0,6,1,0,0,0,0
21,14,2,2,0,5,0,0,0,0,0
24,16,2,2,0,5,1,0,0,0,1
20,12,2,2,0,5,1,0,0,0,1
24,17,2,2,0,5,0,0,0,0,0
31,23,2,2,0,5,1,0,0,0,1
32,24,2,2,0,5,1,0,0,0,1
26,18,3,2,0,6,1,0,0,0,1
29,21,2,2,0,5,1,0,0,0,1
24,17,2,2,0,5,0,0,0,0,0
31,24,2,2,0,5,0,0,0,0,0
26,18,2,2,0,5,1,0,0,0,1
32,24,2,2,0,5,1,0,0,0,1
30,22,2,2,1,6,1,0,0,0,1
35,28,2,2,0,5,0,0,0,0,0
24,16,2,2,0,5,1,0,0,0,1
28,20,2,2,0,5,1,0,0,0,1
20,13,2,2,0,5,0,0,0,0,0
26,18,2,2,0,5,1,0,0,0,1
36,27,2,3,1,7,1,0,0,0,0
20,12,2,2,0,5,1,0,0,0,1
23,16,2,2,0,5,0,0,0,0,0
23,15,2,2,0,5,1,0,0,0,1
56,49,5,2,2,10,0,0,0,0,0
30,22,2,2,0,5,1,0,0,0,1
31,23,2,2,0,5,1,0,0,0,1
21,13,2,2,0,5,1,0,0,0,1
31,22,2,3,1,7,1,0,0,0,0
25,17,3,2,0,6,1,0,0,0,1
40,31,2,3,1,7,1,0,0,0,0
28,20,3,2,0,6,1,0,0,0,1
28,20,2,2,0,5,1,0,0,0,1
369,19,5,4,21,52,1,0,0,0,0
27,19,2,2,0,5,1,0,0,0,1
29,21,2,2,0,5,1,0,0,0,1
38,30,2,2,0,5,1,0,0,0,1
30,22,4,2,0,7,1,0,0,0,1
23,15,2,2,0,5,1,0,0,0,1
38,30,2,2,0,5,1,0,0,0,1
33,25,2,2,0,5,1,0,0,0,1
25,18,1,2,0,4,0,0,0,0,0
120,11,7,11,1,22,0,1,0,0,0
31,23,2,2,0,5,1,0,0,0,1
29,21,2,2,0,5,1,0,0,0,1
29,20,2,3,1,7,1,0,0,0,0
42,33,2,3,2,8,1,0,0,0,0
32,24,2,2,1,6,1,0,0,0,1
22,14,2,2,0,5,1,0,0,0,1
20,12,2,2,0,5,1,0,0,0,1
19,11,2,2,0,5,1,0,0,0,1
62,23,2,4,0,11,0,0,0,0,0
26,6,1,3,0,5,0,0,0,0,0
21,13,2,2,0,5,1,0,0,0,1
33,25,3,2,0,6,1,0,0,0,1
79,14,3,4,0,11,0,0,0,0,0
22,14,2,2,0,5,1,0,0,0,1
29,22,3,2,0,6,0,0,0,0,0
28,20,2,2,0,5,1,0,0,0,1
36,27,2,3,1,7,1,0,0,0,0
30,22,2,2,2,7,1,0,0,0,1
60,25,4,3,0,12,0,0,0,0,0
31,23,2,2,0,5,1,0,0,0,1
32,24,3,2,0,6,1,0,0,0,1
21,14,2,2,0,5,0,0,0,0,0
91,19,3,5,5,14,1,0,0,0,0
20,12,2,2,0,5,1,0,0,0,1
43,32,2,4,3,11,1,0,0,0,0
56,47,3,3,4,11,1,0,0,0,0
28,20,2,2,0,5,1,0,0,0,1
27,20,2,2,0,5,0,0,0,0,0
23,16,2,2,0,5,0,0,0,0,0
31,23,2,2,0,5,1,0,0,0,1
34,25,2,3,1,7,1,0,0,0,0
24,17,2,2,0,5,0,0,0,0,0
32,25,2,2,1,6,0,0,0,0,0
21,13,2,2,0,5,1,0,0,0,1
35,26,2,3,0,6,1,0,0,0,0
58,40,3,3,1,8,1,0,0,0,0
28,20,2,2,0,5,1,0,0,0,1
29,21,2,2,0,5,1,0,0,0,1
35,26,2,3,1,7,1,0,0,0,0
24,16,2,2,0,5,1,0,0,0,1
21,13,2,2,0,5,1,0,0,0,1
24,16,2,2,0,5,1,0,0,0,1
31,23,2,2,0,5,1,0,0,0,1
23,15,2,2,0,5,1,0,0,0,1
30,22,2,2,0,5,1,0,0,0,1
32,25,3,2,0,6,0,0,0,0,0
31,23,2,2,0,5,1,0,0,0,1
35,27,2,2,0,5,1,0,0,0,1
20,12,2,2,0,5,1,0,0,0,1
25,18,2,2,0,5,0,0,0,0,0
23,16,2,2,0,5,0,0,0,0,0
29,21,3,2,0,6,1,0,0,0,1
35,26,2,3,0,6,1,0,0,0,0
29,21,2,2,0,5,1,0,0,0,1
40,31,2,3,1,7,1,0,0,0,0
28,20,2,2,0,5,1,0,0,0,1
28,21,2,2,0,5,0,0,0,0,0
25,17,2,2,0,5,1,0,0,0,1
55,47,3,2,4,10,1,0,0,0,0
32,24,2,2,0,5,1,0,0,0,1
42,34,2,3,0,6,0,0,0,0,0
29,21,2,2,0,5,1,0,0,0,1
26,18,2,2,0,5,1,0,0,0,1
28,20,2,2,0,5,1,0,0,0,1
25,17,2,2,0,5,1,0,0,0,1
20,12,2,2,0,5,1,0,0,0,1
33,25,2,2,0,5,1,0,0,0,1
28,20,2,2,0,5,1,0,0,0,1
27,19,2,2,0,5,1,0,0,0,1
23,15,2,2,0,5,1,0,0,0,1
31,23,2,2,0,5,1,0,0,0,1
20,12,2,2,0,5,1,0,0,0,1
75,67,2,3,0,6,0,0,0,0,0
28,20,2,2,0,5,1,0,0,0,1
42,34,2,2,0,5,1,0,0,0,1
20,13,2,2,0,5,0,0,0,0,0
20,13,2,2,0,5,0,0,0,0,0
26,18,2,2,0,5,1,0,0,0,1
26,18,2,2,0,5,1,0,0,0,1
31,23,2,2,0,5,1,0,0,0,1
33,25,3,2,1,7,1,0,0,0,1
21,13,2,2,0,5,1,0,0,0,1
29,22,2,2,0,5,0,0,0,0,0
23,16,2,2,0,5,0,0,0,0,0
22,14,2,2,0,5,1,0,0,0,1
30,22,1,2,0,4,1,0,0,0,0
26,18,2,2,0,5,1,0,0,0,1
34,26,2,2,0,5,1,0,0,0,1
30,22,2,2,0,5,1,0,0,0,1
29,21,2,2,0,5,1,0,0,0,1
23,16,2,2,0,5,0,0,0,0,0
27,20,2,2,0,5,0,0,0,0,0
33,26,4,2,1,8,0,0,0,0,0
28,20,3,2,0,6,1,0,0,0,1
50,41,2,3,6,12,1,0,0,0,0
115,18,1,7,1,10,1,0,0,0,0
21,13,2,2,0,5,1,0,0,0,1
28,20,2,2,0,5,1,0,0,0,1
85,78,4,2,0,7,0,0,0,0,0
28,21,2,2,0,5,0,0,0,0,0
28,21,2,2,0,5,0,0,0,0,0
27,20,3,2,0,6,0,0,0,0,0
40,32,3,3,0,7,0,0,0,0,0
28,21,2,2,0,5,0,0,0,0,0
29,21,2,2,0,5,1,0,0,0,1
22,14,2,2,0,5,1,0,0,0,1
23,15,2,2,0,5,1,0,0,1,1
36,28,2,2,0,5,1,0,0,0,1
18,11,2,2,0,5,0,0,0,0,0
24,17,2,2,0,5,0,0,0,0,0
28,21,2,2,0,5,0,0,0,0,0
30,23,2,2,0,5,0,0,0,0,0
29,22,3,2,0,6,0,0,0,0,0
29,22,3,2,0,6,0,0,0,0,0
19,12,2,2,0,5,0,0,0,0,0
34,26,2,2,0,5,1,0,0,0,1
20,12,2,2,0,5,1,0,0,0,1
29,22,2,2,0,5,0,0,0,0,0
27,19,2,2,0,5,1,0,0,0,1
27,19,2,2,0,5,1,0,0,0,1
33,25,2,2,0,5,1,0,0,0,1
26,18,2,2,0,5,1,0,0,0,1
28,21,2,2,0,5,0,0,0,0,0
24,17,2,2,0,5,0,0,0,0,0
26,18,2,2,0,5,1,0,0,0,1
21,14,2,2,0,5,0,0,0,0,0
19,11,2,2,0,5,1,0,0,0,1
31,23,2,2,0,5,1,0,0,0,1
44,37,3,2,2,8,0,0,0,0,0
31,23,2,2,0,5,1,0,0,0,1
33,25,2,2,0,5,1,0,0,0,1
49,40,2,3,2,8,1,0,0,0,0
47,38,2,3,2,8,1,0,0,0,0
72,36,3,5,3,12,1,0,0,0,0
28,20,2,2,0,5,1,0,0,0,1
61,52,4,3,3,11,1,0,0,0,0
30,22,2,2,0,5,1,0,0,0,1
26,18,2,2,0,5,1,0,0,0,1
24,14,2,3,0,6,0,0,0,0,0
34,26,2,2,0,5,1,0,0,0,1
32,24,2,2,0,5,1,0,0,0,1
26,18,3,2,0,6,1,0,0,0,1
25,17,2,2,0,5,1,0,0,0,1
15,8,2,2,0,5,0,0,0,0,0
31,23,2,2,0,5,1,0,0,0,1
25,17,2,2,0,5,1,0,0,0,1
29,21,4,2,0,7,1,0,0,0,1
25,17,2,2,0,5,1,0,0,0,1
21,14,2,2,0,5,0,0,0,0,0
23,15,2,2,0,5,1,0,0,0,1
35,27,2,2,0,5,1,0,0,0,1
35,27,3,2,0,6,1,0,0,0,1
30,22,2,2,0,5,1,0,0,0,1
27,19,2,2,0,5,1,0,0,0,1
32,23,2,3,0,6,1,0,0,0,0
27,19,2,2,0,5,1,0,0,0,1
27,19,2,2,0,5,1,0,0,0,1
20,12,2,2,0,5,1,0,0,0,1
50,41,2,3,0,6,1,0,0,0,0
23,15,2,2,0,5,1,0,0,0,1
27,20,2,2,0,5,0,0,0,0,0
28,21,2,2,0,5,0,0,0,0,0
39,31,2,2,2,7,1,0,0,0,1
31,23,3,2,0,6,1,0,0,0,1
23,15,2,2,0,5,1,0,0,0,1
25,17,2,2,0,5,1,0,0,0,1
25,17,2,2,0,5,1,0,0,0,1
23,15,2,2,0,5,1,0,0,0,1
31,23,2,2,0,5,1,0,0,0,1
34,26,2,2,0,5,1,0,0,0,1
87,23,3,4,6,14,1,0,0,0,0
47,23,2,4,1,8,1,0,0,0,0
67,37,3,4,4,12,0,0,0,0,0
36,29,2,2,1,6,0,0,0,0,0
30,23,2,2,0,5,0,0,0,0,0
25,17,2,2,0,5,1,0,0,0,1
29,22,2,2,0,5,0,0,0,0,0
23,15,2,2,0,5,1,0,0,0,1
29,22,2,2,0,5,0,0,0,0,0
27,20,2,2,0,5,0,0,0,0,0
47,40,2,2,0,5,0,0,0,0,0
48,40,4,3,2,10,0,0,0,0,0
28,21,3,2,0,6,0,0,0,0,0
33,25,2,2,0,5,1,0,0,0,1
20,12,2,2,0,5,1,0,0,0,1
41,32,2,3,1,7,1,0,0,0,0
25,17,2,2,0,5,1,0,0,0,1
24,16,2,2,0,5,1,0,0,0,1
61,38,3,4,2,10,1,0,0,0,0
25,17,2,2,0,5,1,0,0,0,1
30,22,2,2,0,5,1,0,0,0,1
21,13,2,2,0,5,1,0,0,0,1
33,25,2,2,0,5,1,0,0,0,1
32,24,2,2,0,5,1,0,0,0,1
29,22,2,2,0,5,0,0,0,0,0
37,29,2,2,1,6,1,0,0,0,1
25,17,3,2,0,6,1,0,0,0,1
29,22,2,2,0,5,0,0,0,0,0
34,26,2,2,0,5,1,0,0,0,1
37,29,2,2,0,5,1,0,0,0,1
34,25,2,3,0,6,1,0,0,1,0
17,10,2,2,0,5,0,0,0,0,0
32,24,2,2,0,5,1,0,0,0,1
67,28,2,4,1,12,0,0,0,0,0
30,22,2,2,0,5,1,0,0,0,1
27,19,2,2,0,5,1,0,0,0,1
60,51,2,3,5,11,1,0,0,0,0
22,14,2,2,0,5,1,0,0,0,1
24,16,2,2,0,5,1,0,0,0,1
34,26,2,2,2,7,1,0,0,0,1
26,18,2,2,0,5,1,0,0,0,1
76,28,2,4,1,8,1,0,0,0,0
22,14,2,2,0,5,1,0,0,0,1
24,16,2,2,0,5,1,0,0,0,1
32,25,2,2,0,5,0,0,0,0,0
31,23,2,2,0,5,1,0,0,0,1
22,14,2,2,0,5,1,0,0,0,1
24,16,2,2,0,5,1,0,0,0,1
25,18,2,2,0,5,0,0,0,0,0
32,24,2,2,0,5,1,0,0,0,1
22,15,2,2,0,5,0,0,0,0,0
21,13,2,2,0,5,1,0,0,0,1
34,25,2,3,0,6,1,0,0,0,0
29,21,2,2,0,5,1,0,0,0,1
23,15,3,2,0,6,1,0,0,0,1
18,10,2,2,0,5,1,0,0,0,1
32,24,2,2,0,5,1,0,0,0,1
26,19,3,2,0,6,0,0,0,0,0
37,29,2,2,0,5,1,0,0,0,1
32,24,2,2,0,5,1,0,0,0,1
41,29,3,4,0,8,0,0,0,0,0
32,24,3,2,0,6,1,0,0,0,1
29,21,2,2,0,5,1,0,0,0,1
40,31,5,3,0,9,1,0,0,0,0
21,6,1,3,0,5,0,0,0,0,0
37,30,3,2,0,6,0,0,0,0,0
25,18,2,2,0,5,0,0,0,0,0
23,16,3,2,0,6,0,0,0,0,0
22,15,2,2,0,5,0,0,0,0,0
32,24,2,2,1,6,1,0,0,0,1
36,28,2,2,1,6,1,0,0,0,1
35,27,2,2,2,7,1,0,0,0,1
22,14,2,2,0,5,1,0,0,0,1
24,15,2,3,0,6,1,0,0,0,0
31,23,2,2,2,7,1,0,0,0,1
34,26,2,2,0,5,1,0,0,0,1
31,23,2,2,0,5,1,0,0,0,1
24,17,2,2,0,5,0,0,0,0,0
23,16,2,2,0,5,0,0,0,0,0
88,42,6,6,4,19,1,0,0,0,0
29,22,2,2,2,7,0,0,0,0,0
26,18,2,2,0,5,1,0,0,0,1
27,19,2,2,0,5,1,0,0,0,1
21,13,2,2,0,5,1,0,0,0,1
29,22,2,2,0,5,0,0,0,0,0
25,17,2,2,0,5,1,0,0,0,1
26,19,2,2,0,5,0,0,0,0,0
27,19,2,2,0,5,1,0,0,0,1
23,15,2,2,0,5,1,0,0,0,1
23,15,2,2,0,5,1,0,0,0,1
32,24,2,2,0,5,1,0,0,0,1
28,20,3,2,0,6,1,0,0,0,1
23,16,2,2,0,5,0,0,0,0,0
24,16,2,2,0,5,1,0,0,0,1
26,18,2,2,0,5,1,0,0,0,1
32,23,2,3,0,6,1,0,0,0,0
113,15,2,7,1,14,1,0,0,0,0
22,14,3,2,0,6,1,0,0,0,1
23,16,3,2,0,6,0,0,0,0,0
25,17,2,2,0,5,1,0,0,0,1
31,23,2,2,0,5,1,0,0,0,1
28,20,2,2,1,6,1,0,0,0,1
27,19,2,2,0,5,1,0,0,0,1
26,18,2,2,0,5,1,0,0,0,1
25,17,3,2,0,6,1,0,0,0,1
20,13,2,2,0,5,0,0,0,0,0
25,17,2,2,0,5,1,0,0,0,1
29,18,1,3,0,5,1,0,0,0,0
25,17,2,2,0,5,1,0,0,0,1
32,24,2,2,0,5,1,0,0,0,1
48,41,2,2,0,5,0,0,0,0,0
28,20,2,3,0,6,0,0,0,0,0
42,35,4,2,0,7,0,0,0,0,0
94,12,1,3,1,11,1,0,0,0,0
26,18,2,2,1,6,1,0,0,0,0
26,19,3,2,1,7,0,0,0,0,0
22,15,2,2,0,5,0,0,0,0,0
22,14,2,2,1,6,1,0,0,0,1
45,27,3,4,4,12,1,0,0,0,0
28,20,2,2,0,5,1,0,0,0,1
22,15,2,2,1,6,0,0,0,0,0
18,11,2,2,0,5,0,0,0,0,0
24,17,3,2,0,6,0,0,0,0,0
30,22,2,2,1,6,1,0,0,0,1
41,32,2,3,1,7,1,0,0,0,0
24,16,2,2,0,5,1,0,0,0,1
19,11,2,2,0,5,1,0,0,0,1
22,15,2,2,0,5,0,0,0,0,0
30,22,2,2,0,5,1,0,0,0,1
23,15,2,2,0,5,1,0,0,0,1
28,20,2,2,0,5,1,0,0,0,1
26,18,2,2,0,5,1,0,0,0,1
24,16,2,2,0,5,1,0,0,0,1
90,7,2,5,0,8,1,0,0,0,0
28,20,2,2,0,5,1,0,0,0,1
29,5,1,3,0,5,1,0,0,0,0
32,24,2,2,1,6,1,0,0,0,1
28,20,2,2,0,5,1,0,0,0,1
19,12,2,2,0,5,0,0,0,0,0
31,23,3,2,0,6,1,0,0,0,1
21,13,2,2,0,5,1,0,0,0,1
33,25,2,2,0,5,1,0,0,0,1
36,27,2,3,1,7,1,0,0,0,0
23,16,2,2,0,5,0,0,0,0,0
24,17,2,2,1,6,0,0,0,0,0
28,19,3,3,0,7,1,0,0,0,0
31,24,2,2,0,5,0,0,0,0,0
207,52,6,7,0,34,0,0,0,1,0
27,19,3,2,0,6,1,0,0,0,1
28,20,3,2,0,6,1,0,0,0,1
82,73,3,3,0,7,1,0,0,0,0
31,23,2,2,0,5,1,0,0,0,1
36,28,2,2,0,5,1,0,0,0,1
23,15,2,2,0,5,1,0,0,0,1
28,21,2,2,0,5,0,0,0,0,0
41,32,2,3,1,7,1,0,0,0,0
37,29,4,2,1,8,1,0,0,0,0
19,11,2,2,0,5,1,0,0,0,1
19,11,2,2,0,5,1,0,0,0,1
26,19,2,2,1,6,0,0,0,0,0
21,13,2,2,0,5,1,0,0,0,1
25,17,2,2,0,5,1,0,0,0,1
26,19,2,2,0,5,0,0,0,0,0
30,22,2,2,1,6,1,0,0,0,1
25,18,2,2,0,5,0,0,0,0,0
33,25,2,2,0,5,1,0,0,0,1
22,15,2,2,0,5,0,0,0,0,0
26,18,2,2,1,6,1,0,0,0,1
28,20,2,2,0,5,1,0,0,0,1
30,23,2,2,0,5,0,0,0,0,0
22,14,2,2,0,5,1,0,0,0,1
41,34,2,2,0,5,0,0,0,0,0
25,17,2,2,0,5,1,0,0,0,1
26,18,2,2,0,5,1,0,0,0,1
94,44,2,8,5,16,1,0,0,0,0
30,22,2,2,0,5,1,0,0,0,1
33,26,2,2,0,5,0,0,0,0,0
26,18,2,2,0,5,1,0,0,0,1
25,17,2,2,0,5,1,0,0,0,1
29,21,2,2,0,5,1,0,0,0,1
43,35,3,2,0,6,1,0,0,0,1
31,23,2,2,0,5,1,0,0,0,1
20,13,2,2,0,5,0,0,0,0,0
24,16,2,2,0,5,1,0,0,0,1
23,16,2,2,0,5,0,0,0,0,0
26,18,2,2,0,5,1,0,0,0,1
37,29,2,2,0,5,1,0,0,0,1
19,11,2,2,0,5,1,0,0,0,1
27,19,2,2,0,5,1,0,0,0,1
27,20,3,2,0,6,0,0,0,0,0
35,26,2,3,1,7,1,0,0,0,0
27,20,3,2,0,6,0,0,0,0,0
23,16,3,2,0,6,0,0,0,0,0
86,13,2,4,0,7,1,0,0,0,0
31,24,2,2,0,5,0,0,0,0,0
25,17,2,2,0,5,1,0,0,0,1
26,18,2,2,0,5,1,0,0,0,1
24,16,2,2,0,5,1,0,0,0,1
32,24,2,2,0,5,1,0,0,0,1
32,24,2,3,0,6,0,0,0,0,0
20,13,2,2,0,5,0,0,0,0,0
26,18,2,2,0,5,1,0,0,0,1
23,16,2,2,0,5,0,0,0,0,0
24,16,2,2,0,5,1,0,0,0,1
32,25,2,2,1,6,0,0,0,0,0
27,19,2,2,0,5,1,0,0,0,1
25,17,2,2,0,5,1,0,0,0,1
29,21,2,2,0,5,1,0,0,0,1
28,20,2,2,0,5,1,0,0,0,1
25,17,2,2,0,5,1,0,0,0,1
23,16,2,2,0,5,0,0,0,0,0
23,15,2,2,0,5,1,0,0,0,1
24,17,2,2,1,6,0,0,0,0,0
29,21,2,2,0,5,1,0,0,0,1
53,11,4,4,1,13,0,1,0,0,0
22,14,2,2,0,5,1,0,0,0,1
25,18,2,2,0,5,0,0,0,0,0
29,21,2,2,0,5,1,0,0,0,1
48,22,2,5,1,9,1,0,0,0,0
28,20,3,2,0,6,1,0,0,0,1
27,20,3,2,0,6,0,0,0,0,0
30,22,2,2,0,5,1,0,0,0,1
31,23,2,2,0,5,1,0,0,0,1
23,15,2,2,0,5,1,0,0,0,1
31,23,2,2,0,5,1,0,0,0,1
26,18,2,2,0,5,1,0,0,0,1
30,22,2,2,0,5,1,0,0,0,1
36,27,2,3,1,7,1,0,0,0,0
26,18,2,2,0,5,1,0,0,0,1
36,29,2,2,1,6,0,0,0,1,0
29,22,3,2,0,6,0,0,0,0,0
34,25,2,3,1,7,1,0,0,0,0
48,41,2,2,0,5,0,0,0,0,0
38,29,2,3,1,7,1,0,0,0,0
33,25,2,2,0,5,1,0,0,0,1
27,19,2,2,0,5,1,0,0,0,1
38,30,4,2,1,8,1,0,0,0,0
26,19,2,2,0,5,0,0,0,0,0
27,19,2,2,0,5,1,0,0,0,1
23,16,3,2,0,6,0,0,0,0,0
40,23,2,3,0,6,1,0,0,0,0
26,19,2,2,0,5,0,0,0,0,0
34,26,2,2,0,5,1,0,0,0,1
23,16,2,2,0,5,0,0,0,0,0
29,21,2,2,0,5,1,0,0,0,1
26,18,2,2,1,6,1,0,0,0,1
22,15,2,2,0,5,0,0,0,0,0
27,19,2,2,0,5,1,0,0,1,1
33,25,2,2,1,6,1,0,0,0,1
28,20,2,2,0,5,1,0,0,0,1
18,11,2,2,0,5,0,0,0,0,0
25,17,2,2,0,5,1,0,0,0,1
23,15,2,2,1,6,1,0,0,0,1
28,20,2,2,0,5,1,0,0,0,1
26,19,2,2,1,6,0,0,0,0,0
22,14,2,2,0,5,1,0,0,0,1
21,13,2,2,0,5,1,0,0,0,1
37,29,2,3,2,8,0,0,0,0,0
55,18,2,4,2,11,0,0,0,0,0
31,23,2,2,0,5,1,0,0,0,1
28,20,2,2,0,5,1,0,0,0,1
19,12,2,2,0,5,0,0,0,0,0
25,18,2,2,0,5,0,0,0,0,0
19,11,2,2,0,5,1,0,0,0,1
31,22,1,3,0,5,1,0,0,0,0
23,15,2,2,1,6,1,0,0,0,1
26,18,2,2,0,5,1,0,0,0,1
24,16,2,2,0,5,1,0,0,0,1
22,15,2,2,0,5,0,0,0,0,0
23,15,2,2,0,5,1,0,0,0,1
28,20,2,2,0,5,1,0,0,0,1
22,14,2,2,0,5,1,0,0,0,1
23,15,2,2,0,5,1,0,0,0,1
69,30,1,6,1,9,0,0,0,1,0
23,15,2,2,0,5,1,0,0,0,1
35,28,2,2,0,5,0,0,0,0,0
35,28,3,2,0,6,0,0,0,0,0
27,18,2,3,0,6,1,0,0,0,0
25,17,2,2,0,5,1,0,0,0,1
20,12,2,2,0,5,1,0,0,0,1
27,19,2,2,0,5,1,0,0,0,1
45,13,2,5,1,9,1,0,0,0,0
23,16,2,2,0,5,0,0,0,0,0
26,17,2,3,1,7,1,0,0,0,0
28,20,3,2,0,6,1,0,0,0,1
30,22,2,2,0,5,1,0,0,0,1
27,19,2,2,0,5,1,0,0,0,1
58,38,7,4,0,12,1,0,0,1,0
22,15,3,2,0,6,0,0,0,0,0
40,21,1,4,0,6,0,0,0,0,0
63,52,4,4,2,11,0,0,0,0,0
20,11,1,3,0,5,1,0,0,0,0
25,17,2,2,1,6,1,0,0,0,1
37,29,3,2,0,6,1,0,0,0,1
26,18,2,2,0,5,1,0,0,0,1
24,16,2,2,0,5,1,0,0,0,1
23,15,2,2,0,5,1,0,0,0,1
27,19,2,2,0,5,1,0,0,0,1
25,17,3,2,0,6,1,0,0,0,1
31,23,2,2,0,5,1,0,0,0,1
20,13,2,2,0,5,0,0,0,0,0
36,28,2,2,0,5,1,0,0,0,1
29,21,2,2,0,5,1,0,0,0,1
38,30,2,2,0,5,1,0,0,0,1
27,19,2,2,0,5,1,0,0,0,1
44,35,2,3,2,8,1,0,0,0,0
29,21,2,2,0,5,1,0,0,0,1
26,18,3,2,0,6,1,0,0,0,1
24,17,2,2,0,5,0,0,0,0,0
34,26,2,2,0,5,1,0,0,0,1
23,15,3,2,0,6,1,0,0,0,1
33,25,2,2,0,5,1,0,0,0,1
29,21,2,2,1,6,1,0,0,0,1
21,14,2,2,0,5,0,0,0,0,0
23,15,2,2,0,5,1,0,0,0,1
28,20,2,2,0,5,1,0,0,0,1
34,26,3,2,0,6,1,0,0,0,1
41,33,4,2,0,7,1,0,0,0,1
27,19,3,2,0,6,1,0,0,0,1
26,18,2,2,0,5,1,0,0,0,1
25,18,2,2,0,5,0,0,0,0,0
28,20,2,2,0,5,1,0,0,0,1
21,14,3,2,0,6,0,0,0,0,0
26,18,2,2,0,5,1,0,0,0,1
28,20,2,2,0,5,1,0,0,0,1
24,16,2,2,0,5,1,0,0,0,1
33,26,4,2,0,7,0,0,0,0,0
34,26,2,2,0,5,1,0,0,0,1
23,15,2,2,0,5,1,0,0,0,1
27,20,2,2,0,5,0,0,0,0,0
24,16,2,2,0,5,1,0,0,0,1
26,19,2,2,0,5,0,0,0,0,0
38,31,3,2,0,6,0,0,0,0,0
27,19,2,2,0,5,1,0,0,0,1
24,16,2,2,0,5,1,0,0,0,1
31,23,2,2,0,5,1,0,0,0,1
43,31,3,4,0,8,0,0,0,0,0
30,22,2,2,0,5,1,0,0,0,1
33,25,2,2,0,5,1,0,0,0,1
31,23,3,2,0,6,1,0,0,0,1
37,29,2,3,2,8,0,0,0,0,0
33,25,2,2,1,6,1,0,0,0,1
23,16,2,2,0,5,0,0,0,0,0
52,39,5,4,3,13,1,0,0,0,0
30,23,2,2,0,5,0,0,0,0,0
22,14,2,2,0,5,1,0,0,0,1
30,22,2,2,0,5,1,0,0,0,1
34,27,3,2,0,6,0,0,0,0,0
21,14,3,2,0,6,0,0,0,0,0
33,25,2,2,0,5,1,0,0,0,1
58,11,2,5,0,8,1,0,0,0,0
23,15,2,2,0,5,1,0,0,0,1
22,14,2,2,0,5,1,0,0,0,1
21,14,2,2,0,5,0,0,0,0,0
23,15,2,2,0,5,1,0,0,0,1
29,21,2,2,0,5,1,0,0,0,1
30,21,2,3,0,6,1,0,0,1,0
23,15,3,2,0,6,1,0,0,0,1
26,18,2,2,0,5,1,0,0,0,1
27,19,2,2,2,7,1,0,0,0,1
34,27,3,2,0,6,0,0,0,0,0
31,23,2,2,0,5,1,0,0,0,1
36,28,3,2,0,6,1,0,0,0,1
27,19,2,2,0,5,1,0,0,0,1
26,18,3,2,0,6,1,0,0,0,1
24,16,2,2,0,5,1,0,0,0,1
32,24,3,2,0,6,1,0,0,0,1
28,20,2,2,0,5,1,0,0,0,1
25,17,2,2,1,6,1,0,0,0,1
32,25,3,2,0,6,0,0,0,1,0
28,20,3,2,0,6,1,0,0,0,1
31,23,2,2,0,5,1,0,0,0,1
28,21,2,2,0,5,0,0,0,0,0
22,14,2,2,0,5,1,0,0,0,1
21,14,2,2,0,5,0,0,0,0,0
21,14,2,2,0,5,0,0,0,0,0
73,50,5,3,2,14,1,0,0,0,0
22,14,2,2,0,5,1,0,0,0,1
39,30,3,3,0,7,1,0,0,1,0
33,25,2,2,0,5,1,0,0,0,1
21,13,2,2,0,5,1,0,0,0,1
34,26,2,2,1,6,1,0,0,0,1
23,15,2,2,0,5,1,0,0,0,1
33,26,2,2,0,5,0,0,0,0,0
32,24,2,2,0,5,1,0,0,0,1
26,18,2,2,0,5,1,0,0,0,1
21,14,2,2,1,6,0,0,0,0,0
18,10,2,2,0,5,1,0,0,0,1
33,25,2,2,0,5,1,0,0,0,1
63,54,5,3,0,9,1,0,0,1,0
35,28,2,2,0,5,0,0,0,0,0
29,21,2,2,0,5,1,0,0,0,1
36,20,2,5,0,8,0,0,0,0,0
19,11,2,2,0,5,1,0,0,0,1
26,18,4,2,0,7,1,0,0,0,1
23,15,3,2,0,6,1,0,0,0,1
26,18,2,2,0,5,1,0,0,0,1
51,42,2,3,3,9,1,0,0,0,0
18,11,2,2,0,5,0,0,0,0,0
22,14,2,2,0,5,1,0,0,0,1
25,18,2,2,0,5,0,0,0,0,0
46,37,3,3,0,7,1,0,0,0,0
29,21,2,2,0,5,1,0,0,0,1
23,16,1,2,1,5,0,0,0,0,0
26,18,2,2,0,5,1,0,0,0,1
28,20,3,2,0,6,1,0,0,0,1
23,15,2,2,0,5,1,0,0,0,1
26,18,2,2,0,5,1,0,0,0,1
24,16,2,2,0,5,1,0,0,0,1
24,16,2,2,0,5,1,0,0,0,1
44,20,1,5,0,7,1,0,0,0,0
42,34,2,2,0,5,1,0,0,0,1
20,13,2,2,0,5,0,0,0,0,0
30,22,2,2,0,5,1,0,0,0,1
25,17,2,2,0,5,1,0,0,0,1
21,14,2,2,0,5,0,0,0,0,0
21,14,2,2,0,5,0,0,0,0,0
22,15,2,2,0,5,0,0,0,0,0
37,29,2,2,0,5,1,0,0,0,1
35,27,2,2,0,5,1,0,0,0,1
19,12,2,2,0,5,0,0,0,0,0
20,12,2,2,0,5,1,0,0,0,1
71,23,1,4,0,6,1,0,0,0,0
26,18,3,2,0,6,1,0,0,0,1
25,17,2,2,0,5,1,0,0,0,1
26,19,2,2,1,6,0,0,0,0,0
30,22,2,2,0,5,1,0,0,0,1
28,20,2,2,0,5,1,0,0,0,1
26,18,2,2,0,5,1,0,0,0,1
32,24,2,2,0,5,1,0,0,0,1
34,26,2,2,1,6,1,0,0,0,1
31,23,2,2,0,5,1,0,0,0,1
39,31,2,2,0,5,1,0,0,0,1
28,20,2,2,0,5,1,0,0,0,1
22,14,2,2,0,5,1,0,0,0,1
27,19,3,2,0,6,1,0,0,0,1
68,25,3,3,2,11,1,0,0,1,0
31,23,2,2,0,5,1,0,0,0,1
31,23,2,2,0,5,1,0,0,0,1
29,21,2,2,0,5,1,0,0,0,1
29,22,2,2,0,5,0,0,0,0,0
25,17,2,2,0,5,1,0,0,0,1
27,19,2,2,0,5,1,0,0,0,1
54,46,2,2,2,7,1,0,0,0,0
32,25,2,2,0,5,0,0,0,0,0
23,15,2,2,0,5,1,0,0,0,1
24,17,3,2,0,6,0,0,0,0,0
163,20,1,4,0,10,1,0,0,0,0
34,26,2,2,0,5,1,0,0,0,1
24,16,2,2,0,5,1,0,0,0,1
26,18,2,2,0,5,1,0,0,0,1
22,14,2,2,0,5,1,0,0,0,1
29,21,2,2,1,6,1,0,0,0,1
22,15,3,2,0,6,0,0,0,0,0
29,21,2,2,0,5,1,0,0,0,1
21,14,2,2,0,5,0,0,0,0,0
27,20,2,2,0,5,0,0,0,0,0
25,17,2,2,0,5,1,0,0,0,1
24,16,2,2,0,5,1,0,0,0,1
29,22,2,2,0,5,0,0,0,0,0
17,10,2,2,0,5,0,0,0,0,0
26,18,3,2,0,6,1,0,0,0,1
27,19,2,2,0,5,1,0,0,0,1
30,22,2,2,0,5,1,0,0,0,1
29,22,3,2,2,8,0,0,0,0,0
24,17,2,2,0,5,0,0,0,0,0
22,14,2,2,0,5,1,0,0,0,1
32,25,2,2,0,5,0,0,0,0,0
45,36,2,3,1,7,1,0,0,0,0
22,14,2,2,0,5,1,0,0,0,1
24,16,2,2,0,5,1,0,0,0,1
22,15,2,2,0,5,0,0,0,0,0
23,16,2,2,0,5,0,0,0,0,0
18,10,2,2,0,5,1,0,0,0,1
31,23,2,2,0,5,1,0,0,0,1
23,15,2,2,0,5,1,0,0,0,1
28,20,4,2,0,7,1,0,0,0,1
27,20,2,2,0,5,0,0,0,0,0
25,17,2,2,0,5,1,0,0,0,1
18,10,2,2,0,5,1,0,0,0,1
26,19,2,2,0,5,0,0,0,0,0
21,13,2,2,0,5,1,0,0,0,1
23,15,2,2,0,5,1,0,0,0,1
28,21,3,2,0,6,0,0,0,0,0
43,35,2,2,1,6,1,0,0,0,1
27,19,2,2,0,5,1,0,0,0,1
48,41,2,2,0,5,0,0,0,0,0
33,25,2,2,0,5,1,0,0,0,1
31,22,2,3,0,6,1,0,0,0,0
32,24,2,2,0,5,1,0,0,0,1
33,25,2,2,0,5,1,0,0,0,1
27,20,2,2,1,6,0,0,0,0,0
23,15,2,2,0,5,1,0,0,0,1
31,23,2,2,0,5,1,0,0,0,1
28,21,1,2,0,4,0,0,0,0,0
48,40,4,3,2,10,0,0,0,0,0
25,17,2,2,0,5,1,0,0,0,1
42,27,3,3,2,9,1,0,0,0,0
27,19,2,2,0,5,1,0,0,0,1
23,16,2,2,0,5,0,0,0,0,0
22,14,3,2,0,6,1,0,0,0,1
21,13,2,2,0,5,1,0,0,0,1
28,21,2,2,0,5,0,0,0,0,0
25,17,2,2,0,5,1,0,0,0,1
28,20,2,2,0,5,1,0,0,0,1
30,22,2,2,0,5,1,0,0,0,1
47,38,3,3,2,9,1,0,0,0,0
27,19,2,2,0,5,1,0,0,0,1
27,19,2,2,0,5,1,0,0,0,1
25,17,2,2,0,5,1,0,0,0,1
32,17,1,3,0,5,0,0,0,0,0
44,35,2,3,3,9,1,0,0,0,0
30,22,2,2,0,5,1,0,0,0,1
47,16,1,5,0,7,1,0,0,0,0
71,9,4,5,1,14,1,1,0,0,0
26,17,2,3,1,7,1,0,0,0,0
28,21,2,2,0,5,0,0,0,0,0
25,18,2,2,0,5,0,0,0,0,0
31,23,2,2,0,5,1,0,0,0,1
31,23,2,2,0,5,1,0,0,0,1
28,20,3,2,0,6,1,0,0,0,1
24,16,3,2,0,6,1,0,0,0,1
22,14,2,2,0,5,1,0,0,0,1
58,19,2,7,1,12,1,0,0,0,0
33,19,1,3,0,5,1,0,0,0,0
30,22,2,2,0,5,1,0,0,0,1
34,27,2,2,0,5,0,0,0,0,0
38,30,2,2,0,5,1,0,0,0,1
26,18,2,2,0,5,1,0,0,0,1
25,18,2,2,0,5,0,0,0,0,0
48,41,2,2,0,5,0,0,0,0,0
27,20,2,2,1,6,0,0,0,0,0
29,21,2,2,0,5,1,0,0,0,1
26,19,2,2,0,5,0,0,0,0,0
94,39,2,7,4,14,1,0,0,1,0
35,26,2,3,0,6,1,0,0,0,0
33,25,2,2,0,5,1,0,0,0,1
22,14,2,2,0,5,1,0,0,0,1
32,25,2,2,0,5,0,0,0,0,0
28,20,2,2,0,5,1,0,0,0,1
19,11,1,3,0,5,0,0,0,0,0
18,10,2,2,0,5,1,0,0,0,1
27,19,2,2,0,5,1,0,0,0,1
53,24,2,3,1,8,0,0,0,0,0
25,17,2,2,0,5,1,0,0,0,1
27,19,2,2,0,5,1,0,0,0,1
23,15,2,2,0,5,1,0,0,0,1
29,21,3,2,0,6,1,0,0,0,1
23,16,3,2,0,6,0,0,0,0,0
21,14,2,2,0,5,0,0,0,0,0
29,22,2,2,0,5,0,0,0,1,0
27,19,2,2,0,5,1,0,0,0,1
23,15,2,2,0,5,1,0,0,0,1
32,25,2,2,0,5,0,0,0,0,0
25,18,2,2,0,5,0,0,0,0,0
27,20,3,2,0,6,0,0,0,0,0
33,26,4,2,0,7,0,0,0,0,0
27,19,2,2,1,6,1,0,0,0,1
20,12,2,2,0,5,1,0,0,0,1
34,25,2,3,1,7,1,0,0,0,0
31,23,2,2,0,5,1,0,0,0,1
21,14,2,2,0,5,0,0,0,0,0
28,20,2,2,0,5,1,0,0,0,1
26,18,2,2,0,5,1,0,0,0,1
21,13,2,2,0,5,1,0,0,0,1
21,13,2,2,0,5,1,0,0,0,1
27,20,2,2,0,5,0,0,0,0,0
29,21,2,2,0,5,1,0,0,0,1
21,13,2,2,0,5,1,0,0,0,1
31,23,3,2,2,8,1,0,0,0,1
27,20,2,2,0,5,0,0,0,0,0
55,47,3,2,4,10,1,0,0,0,0
23,16,2,2,0,5,0,0,0,0,0
32,25,2,2,0,5,0,0,0,0,0
28,20,2,2,1,6,1,0,0,0,1
32,24,2,2,1,6,1,0,0,0,1
25,17,2,2,1,6,1,0,0,0,0
37,29,3,2,0,6,1,0,0,0,1
25,18,2,2,0,5,0,0,0,0,0
29,21,2,2,0,5,1,0,0,0,1
20,12,2,2,0,5,1,0,0,0,1
27,18,2,3,0,6,1,0,0,0,0
21,13,2,2,0,5,1,0,0,0,1
29,21,2,2,0,5,1,0,0,0,1
46,4,1,3,2,9,1,0,0,1,0
29,21,2,2,0,5,1,0,0,0,1
29,21,2,2,0,5,1,0,0,0,1
25,17,2,2,0,5,1,0,0,0,1
24,16,2,2,0,5,1,0,0,0,1
30,22,2,2,0,5,1,0,0,0,1
32,25,2,2,0,5,0,0,0,0,0
26,18,3,2,0,6,1,0,0,0,1
53,44,2,3,3,9,1,0,0,0,0
24,16,2,2,1,6,1,0,0,0,1
23,16,2,2,0,5,0,0,0,0,0
30,22,2,2,0,5,1,0,0,0,1
27,19,2,2,0,5,1,0,0,0,1
34,19,3,3,1,8,1,0,0,0,0
67,7,1,4,0,6,1,0,0,0,0
26,18,1,3,0,5,0,0,0,0,0
25,18,2,2,1,6,0,0,0,0,0
26,19,2,2,0,5,0,0,0,0,0
23,14,1,3,0,5,1,0,0,0,0
22,14,2,2,0,5,1,0,0,0,1
17,10,2,2,0,5,0,0,0,0,0
108,42,3,7,3,15,1,0,0,0,0
40,32,3,2,0,6,1,0,0,0,1
19,11,2,2,0,5,1,0,0,0,1
35,27,3,2,0,6,1,0,0,0,1
49,28,2,4,0,7,1,0,0,0,0
30,23,4,2,0,7,0,0,0,0,0
31,23,2,2,0,5,1,0,0,0,1
24,16,2,2,0,5,1,0,0,0,1
31,23,2,2,0,5,1,0,0,0,1
32,24,2,2,0,5,1,0,0,0,1
23,16,2,2,0,5,0,0,0,0,0
26,18,2,2,1,6,1,0,0,0,1
26,18,2,2,0,5,1,0,0,0,1
28,20,2,2,0,5,1,0,0,0,1
21,13,3,2,0,6,1,0,0,0,1
22,14,2,2,0,5,1,0,0,0,1
25,17,2,2,0,5,1,0,0,0,1
29,21,3,2,0,6,1,0,0,0,1
36,29,2,2,0,5,0,0,0,0,0
26,18,2,2,1,6,1,0,0,0,1
32,25,3,2,1,7,0,0,0,0,0
23,16,1,2,1,5,0,0,0,0,0
22,14,3,2,0,6,1,0,0,0,1
23,16,2,2,0,5,0,0,0,0,0
28,20,2,2,0,5,1,0,0,0,1
20,12,2,2,0,5,1,0,0,0,1
27,20,3,2,0,6,0,0,0,0,0
41,32,2,3,1,7,1,0,0,0,0
29,21,2,2,0,5,1,0,0,0,1
29,22,2,2,1,6,0,0,0,0,0
26,19,2,2,0,5,0,0,0,0,0
25,17,2,2,0,5,1,0,0,0,1
35,28,2,2,0,5,0,0,0,1,0
21,14,2,2,0,5,0,0,0,0,0
27,20,3,2,0,6,0,0,0,0,0
23,15,2,2,0,5,1,0,0,0,1
31,22,2,3,0,6,1,0,0,0,0
29,21,2,2,0,5,1,0,0,0,1
27,19,2,2,0,5,1,0,0,0,1
72,17,1,5,1,8,1,0,0,0,0
20,13,2,2,0,5,0,0,0,0,0
86,19,3,4,5,13,1,0,0,0,0
49,42,6,2,0,9,0,0,0,0,0
33,24,2,3,0,6,1,0,0,0,0
27,20,2,2,0,5,0,0,0,0,0
23,15,2,2,0,5,1,0,0,0,1
26,18,2,2,0,5,1,0,0,0,1
26,18,2,2,1,6,1,0,0,0,1
20,13,2,2,0,5,0,0,0,0,0
27,19,2,2,0,5,1,0,0,0,1
76,19,5,6,0,12,0,0,0,1,0
23,16,2,2,0,5,0,0,0,0,0
24,16,2,2,0,5,1,0,0,0,1
32,24,2,2,0,5,1,0,0,0,1
31,23,3,2,0,6,1,0,0,0,1
35,27,2,2,0,5,1,0,0,0,1
21,13,2,2,0,5,1,0,0,0,1
35,28,2,2,0,5,0,0,0,0,0
59,51,4,2,4,11,1,0,0,0,0
44,35,3,3,4,11,1,0,0,0,0
25,18,2,2,1,6,0,0,0,0,0
38,12,2,4,0,7,1,0,0,0,0
22,14,2,2,0,5,1,0,0,0,1
36,27,2,3,0,6,1,0,0,0,0
25,16,1,3,0,5,1,0,0,0,0
33,25,2,2,0,5,1,0,0,0,1
25,17,2,2,1,6,1,0,0,0,1
24,16,3,2,0,6,1,0,0,0,1
21,13,3,2,0,6,1,0,0,0,1
40,24,2,3,1,7,1,0,0,0,0
34,26,2,3,0,6,0,0,0,0,0
71,23,1,4,0,6,1,0,0,0,0
26,18,2,2,0,5,1,0,0,0,1
35,27,2,2,0,5,1,0,0,0,1
34,27,2,2,1,6,0,0,0,0,0
28,20,2,2,0,5,1,0,0,0,1
34,26,2,2,0,5,1,0,0,0,1
28,20,2,2,0,5,1,0,0,0,1
27,20,2,2,0,5,0,0,0,0,0
31,23,2,2,0,5,1,0,0,0,1
27,19,2,2,0,5,1,0,0,0,1
18,10,2,2,0,5,1,0,0,0,1
30,22,2,2,0,5,1,0,0,0,1
23,14,2,3,0,6,1,0,0,0,0
33,25,2,2,0,5,1,0,0,0,1
31,23,2,2,0,5,1,0,0,0,1
29,21,2,2,0,5,1,0,0,0,1
19,11,2,2,0,5,1,0,0,0,1
25,17,2,2,0,5,1,0,0,0,1
35,27,2,2,0,5,1,0,0,0,1
29,21,2,2,0,5,1,0,0,0,1
20,12,2,2,0,5,1,0,0,0,1
26,19,2,2,0,5,0,0,0,0,0
28,21,2,2,1,6,0,0,0,0,0
27,19,2,2,0,5,1,0,0,0,1
27,19,2,2,0,5,1,0,0,0,1
26,18,2,2,0,5,1,0,0,0,1
28,20,3,2,0,6,1,0,0,0,1
14,7,1,2,0,4,0,0,0,0,0
25,17,2,2,0,5,1,0,0,0,1
22,15,2,2,0,5,0,0,0,0,0
26,19,2,2,1,6,0,0,0,0,0
24,16,2,2,0,5,1,0,0,0,1
27,15,1,3,0,5,1,0,0,0,0
20,12,2,2,0,5,1,0,0,0,1
33,25,4,2,0,7,1,0,0,0,1
28,20,2,2,0,5,1,0,0,0,1
32,24,3,2,0,6,1,0,0,0,1
22,14,3,2,0,6,1,0,0,0,1
35,27,2,3,1,7,0,0,0,0,0
31,23,2,2,0,5,1,0,0,0,1
21,13,2,2,0,5,1,0,0,0,1
32,24,2,2,0,5,1,0,0,0,1
26,19,3,2,0,6,0,0,0,0,0
30,22,2,2,0,5,1,0,0,0,1
33,24,1,3,0,5,1,0,0,0,0
24,16,2,2,0,5,1,0,0,0,1
31,24,3,2,0,6,0,0,0,0,0
25,18,2,2,1,6,0,0,0,0,0
30,23,3,2,0,6,0,0,0,0,0
41,33,2,2,0,5,1,0,0,0,1
25,18,3,2,0,6,0,0,0,0,0
25,18,2,2,0,5,0,0,0,0,0
23,16,2,2,0,5,0,0,0,0,0
42,30,2,3,0,8,0,0,0,1,0
37,29,2,2,0,5,1,0,0,0,1
38,31,3,2,0,6,0,0,0,0,0
25,18,2,2,0,5,0,0,0,0,0
26,18,2,2,0,5,1,0,0,0,1
29,21,2,2,0,5,1,0,0,0,1
29,21,3,2,0,6,1,0,0,0,1
34,26,2,2,0,5,1,0,0,0,1
28,20,2,2,0,5,1,0,0,0,1
83,15,3,6,3,13,0,0,0,1,0
39,30,2,3,0,6,1,0,0,0,0
22,14,2,2,0,5,1,0,0,0,1
30,22,2,2,0,5,1,0,0,0,1
27,19,2,2,0,5,1,0,0,0,1
27,19,2,2,0,5,1,0,0,0,1
25,17,2,2,0,5,1,0,0,0,1
39,31,2,2,0,5,1,0,0,0,1
25,17,2,2,0,5,1,0,0,0,1
29,21,2,2,0,5,1,0,0,0,1
26,19,3,2,0,6,0,0,0,0,0
32,23,2,3,0,6,1,0,0,0,0
30,23,4,2,0,7,0,0,0,0,0
32,24,2,2,0,5,1,0,0,0,1
32,25,2,2,0,5,0,0,0,0,0
31,23,2,2,1,6,1,0,0,0,1
34,26,2,2,0,5,1,0,0,0,1
21,14,2,2,0,5,0,0,0,0,0
20,12,2,2,0,5,1,0,0,0,1
36,28,3,2,0,6,1,0,0,0,1
26,18,2,2,0,5,1,0,0,0,1
21,14,2,2,0,5,0,0,0,0,0
24,16,2,2,0,5,1,0,0,0,1
23,15,3,2,0,6,1,0,0,0,1
23,15,3,2,0,6,1,0,0,0,1
21,13,2,2,0,5,1,0,0,0,1
23,15,2,2,0,5,1,0,0,0,1
24,17,2,2,0,5,0,0,0,0,0
27,19,3,2,0,6,1,0,0,0,1
21,13,2,2,0,5,1,0,0,0,1
23,16,2,2,0,5,0,0,0,0,0
24,16,3,2,0,6,1,0,0,0,1
27,20,2,2,0,5,0,0,0,0,0
45,22,2,3,1,7,1,0,0,1,0
29,21,2,2,0,5,1,0,0,0,1
15,8,2,2,0,5,0,0,0,0,0
25,17,2,2,0,5,1,0,0,0,1
25,18,2,2,1,6,0,0,0,0,0
32,24,2,2,0,5,1,0,0,0,1
27,19,2,2,0,5,1,0,0,0,1
27,19,2,2,0,5,1,0,0,0,1
60,27,2,4,0,7,0,0,0,0,0
23,15,2,2,0,5,1,0,0,0,1
22,15,3,2,0,6,0,0,0,0,0
24,16,2,2,0,5,1,0,0,0,1
25,18,3,2,0,6,0,0,0,0,0
26,18,2,2,0,5,1,0,0,0,1
20,12,2,2,0,5,1,0,0,0,1
63,16,2,5,0,8,1,0,0,0,0
22,14,2,2,0,5,1,0,0,0,1
26,17,2,3,1,7,1,0,0,0,0
81,7,1,5,0,7,1,0,0,0,0
18,11,2,2,0,5,0,0,0,0,0
28,20,2,2,0,5,1,0,0,0,1
23,15,2,2,0,5,1,0,0,0,1
27,18,2,3,0,6,1,0,0,0,0
38,13,2,5,0,8,1,0,0,0,0
25,17,2,2,0,5,1,0,0,0,1
23,15,2,2,0,5,1,0,0,0,1
244,21,2,4,5,15,1,0,0,0,0
23,16,2,2,0,5,0,0,0,0,0
23,16,2,2,0,5,0,0,0,0,0
24,16,2,2,0,5,1,0,0,0,1
21,13,2,2,0,5,1,0,0,0,1
35,27,2,2,0,5,1,0,0,0,1
26,18,3,2,0,6,1,0,0,0,1
27,19,2,2,0,5,1,0,0,0,1
24,17,2,2,0,5,0,0,0,0,0
30,23,2,2,0,5,0,0,0,0,0
29,21,2,2,0,5,1,0,0,0,1
28,21,2,2,0,5,0,0,0,0,0
20,13,2,2,1,6,0,0,0,0,0
33,25,2,2,0,5,1,0,0,0,1
34,26,2,2,0,5,1,0,0,1,0
30,22,2,2,0,5,1,0,0,0,1
40,31,2,3,1,7,1,0,0,0,0
25,17,2,2,1,6,1,0,0,0,1
25,17,2,2,0,5,1,0,0,0,1
26,19,2,2,0,5,0,0,0,0,0
27,19,2,2,0,5,1,0,0,0,1
25,18,2,2,0,5,0,0,0,0,0
36,28,3,2,0,6,1,0,0,0,1
25,17,3,2,0,6,1,0,0,0,1
30,22,2,2,0,5,1,0,0,0,1
25,18,2,2,0,5,0,0,0,0,0
27,19,2,2,0,5,1,0,0,0,1
43,35,2,2,0,5,1,0,0,0,1
31,13,1,4,1,7,1,0,0,0,0
30,22,2,2,0,5,1,0,0,0,1
26,18,2,2,0,5,1,0,0,0,1
39,31,3,2,0,6,1,0,0,0,1
23,16,2,2,0,5,0,0,0,0,0
29,21,2,2,0,5,1,0,0,0,1
27,19,3,2,0,6,1,0,0,0,1
27,18,1,3,0,5,1,0,0,0,0
23,15,2,2,0,5,1,0,0,0,1
23,16,1,2,0,4,0,0,0,0,0
26,18,2,2,0,5,1,0,0,0,1
19,11,2,2,0,5,1,0,0,0,0
35,27,2,2,1,6,1,0,0,0,1
26,18,2,2,0,5,1,0,0,0,1
22,14,3,2,0,6,1,0,0,0,1
19,11,2,2,0,5,1,0,0,0,1
25,17,2,2,1,6,1,0,0,0,1
50,31,6,4,0,11,0,0,0,0,0
27,19,3,2,0,6,1,0,0,0,1
36,27,2,3,0,6,1,0,0,0,0
23,15,2,2,0,5,1,0,0,0,1
28,19,2,3,0,6,1,0,0,0,0
35,26,2,3,0,6,1,0,0,0,0
35,28,3,2,0,6,0,0,0,0,0
26,18,2,2,0,5,1,0,0,0,1
36,28,3,2,0,6,1,0,0,0,1
19,12,2,2,0,5,0,0,0,0,0
18,11,2,2,0,5,0,0,0,0,0
21,14,2,2,0,5,0,0,0,0,0
27,19,2,2,0,5,1,0,0,0,1
24,17,2,2,0,5,0,0,0,0,0
25,18,2,2,1,6,0,0,0,0,0
19,11,2,2,0,5,1,0,0,0,1
27,20,2,2,0,5,0,0,0,0,0
29,21,3,2,0,6,1,0,0,0,1
19,11,2,2,0,5,1,0,0,0,1
24,17,2,2,0,5,0,0,0,0,0
31,22,2,3,0,6,1,0,0,0,0
32,24,2,2,0,5,1,0,0,0,1
25,18,2,2,0,5,0,0,0,0,0
31,24,2,2,1,6,0,0,0,0,0
26,19,2,2,0,5,0,0,0,0,0
32,24,2,2,0,5,1,0,0,0,1
27,19,2,2,1,6,1,0,0,0,1
22,14,2,2,0,5,1,0,0,0,1
27,19,3,2,0,6,1,0,0,0,1
24,17,2,2,0,5,0,0,0,0,0
22,14,2,2,0,5,1,0,0,0,1
23,16,2,2,0,5,0,0,0,0,0
27,19,2,2,0,5,1,0,0,0,1
24,16,2,2,0,5,1,0,0,0,1
34,25,2,3,1,7,1,0,0,0,0
30,22,2,2,0,5,1,0,0,0,1
25,17,3,2,0,6,1,0,0,0,1
29,21,3,2,0,6,1,0,0,0,1
29,21,4,2,0,7,1,0,0,0,1
25,17,2,2,0,5,1,0,0,0,1
37,29,2,3,0,6,0,0,0,1,0
28,20,2,2,0,5,1,0,0,0,1
27,19,2,2,0,5,1,0,0,0,1
23,16,2,2,0,5,0,0,0,0,0
27,19,3,2,0,6,1,0,0,0,1
26,18,2,2,0,5,1,0,0,0,1
40,31,2,3,0,6,1,0,0,0,0
22,14,2,2,0,5,1,0,0,0,1
32,24,2,2,0,5,1,0,0,0,1
29,22,2,2,0,5,0,0,0,0,0
28,20,2,2,0,5,1,0,0,0,1
43,35,2,3,1,7,0,0,0,1,0
23,15,2,2,0,5,1,0,0,0,1
53,40,3,4,4,12,0,0,0,0,0
18,10,2,2,0,5,1,0,0,0,1
23,15,2,2,0,5,1,0,0,0,1
67,7,1,4,0,6,1,0,0,0,0
28,20,3,2,0,6,1,0,0,0,1
28,20,2,2,0,5,1,0,0,0,1
20,13,2,2,0,5,0,0,0,0,0
23,8,1,3,0,5,1,0,0,0,0
29,21,2,2,0,5,1,0,0,0,1
41,33,2,2,0,5,1,0,0,0,1
26,14,1,4,0,6,1,0,0,0,0
437,36,3,6,7,25,1,0,0,0,0
25,17,2,2,0,5,1,0,0,0,1
24,17,1,2,0,4,0,0,0,0,0
46,37,2,3,2,8,1,0,0,0,0
26,15,2,3,0,6,1,0,0,0,0
25,18,2,2,0,5,0,0,0,0,0
25,16,2,3,1,7,1,0,0,0,0
20,13,2,2,0,5,0,0,0,0,0
52,43,1,3,4,9,1,0,0,0,0
31,23,2,2,0,5,1,0,0,0,1
41,14,2,4,0,10,1,1,0,0,0
39,32,2,2,0,5,0,0,0,0,0
83,20,3,4,5,13,1,0,0,0,0
38,29,2,3,1,7,1,0,0,0,0
55,20,3,5,0,9,1,0,0,0,0
37,30,3,2,1,7,0,0,0,0,0
24,16,2,2,1,6,1,0,0,0,1
27,19,2,2,0,5,1,0,0,0,1
19,12,3,2,0,6,0,0,0,0,0
34,26,2,2,0,5,1,0,0,0,1
24,16,2,2,0,5,1,0,0,0,1
29,22,2,2,1,6,0,0,0,0,0
23,15,2,2,0,5,1,0,0,0,1
28,20,2,2,0,5,1,0,0,0,1
26,18,2,2,0,5,1,0,0,0,1
26,18,2,2,0,5,1,0,0,0,1
25,17,2,2,0,5,1,0,0,0,1
46,37,2,3,2,8,1,0,0,0,0
24,16,2,2,0,5,1,0,0,0,1
28,20,2,2,1,6,1,0,0,0,1
24,16,2,2,0,5,1,0,0,0,1
24,16,2,2,0,5,1,0,0,0,1
21,13,2,2,0,5,1,0,0,0,1
26,18,2,2,1,6,1,0,0,0,1
22,14,2,2,0,5,1,0,0,0,1
27,20,3,2,1,7,0,0,0,0,0
20,13,2,2,0,5,0,0,0,0,0
50,41,2,3,2,8,1,0,0,0,0
30,22,2,2,0,5,1,0,0,0,1
24,17,2,2,0,5,0,0,0,0,0
27,19,2,2,0,5,1,0,0,0,1
31,24,2,2,0,5,0,0,0,0,0
31,23,2,2,0,5,1,0,0,0,1
21,13,2,2,0,5,1,0,0,0,1
27,19,1,3,0,5,0,0,0,0,0
30,22,2,2,0,5,1,0,0,0,1
75,28,2,4,0,7,0,0,0,0,0
29,21,2,2,0,5,1,0,0,0,1
28,20,2,2,0,5,1,0,0,0,1
27,19,2,2,0,5,1,0,0,0,1
31,24,2,2,0,5,0,0,0,0,0
40,14,2,5,0,8,1,0,0,0,0
24,16,3,2,0,6,1,0,0,0,1
27,19,2,2,0,5,1,0,0,0,1
26,19,2,2,0,5,0,0,0,0,0
34,25,2,3,1,7,1,0,0,0,0
28,20,3,2,0,6,1,0,0,0,1
29,21,2,2,0,5,1,0,0,0,1
25,17,2,2,0,5,1,0,0,0,1
39,31,2,2,0,5,1,0,0,0,1
24,17,2,2,0,5,0,0,0,0,0
66,21,3,4,0,9,0,0,0,0,0
22,15,2,2,0,5,0,0,0,0,0
178,15,3,7,1,20,1,0,0,0,0
31,23,2,2,0,5,1,0,0,0,1
25,17,2,2,0,5,1,0,0,0,1
26,18,2,2,0,5,1,0,0,0,1
31,23,2,2,0,5,1,0,0,0,1
29,22,2,2,0,5,0,0,0,0,0
27,18,2,3,0,6,1,0,0,0,0
31,23,3,2,0,6,1,0,0,0,1
26,18,2,2,0,5,1,0,0,0,1
50,42,4,3,2,10,0,0,0,0,0
27,18,2,3,0,6,1,0,0,0,0
102,9,3,5,0,12,1,1,0,0,0
24,16,3,2,0,6,1,0,0,0,1
44,22,2,3,0,8,1,0,0,0,0
33,25,2,2,0,5,1,0,0,0,1
34,27,2,2,0,5,0,0,0,0,0
108,43,4,8,2,15,1,0,0,0,0
19,12,2,2,0,5,0,0,0,0,0
42,33,2,3,3,9,1,0,0,0,0
27,19,2,2,0,5,1,0,0,0,1
27,20,3,2,0,6,0,0,0,0,0
37,20,3,3,0,7,0,0,0,0,0
22,14,2,2,0,5,1,0,0,0,1
22,14,2,2,0,5,1,0,0,0,1
21,14,2,2,0,5,0,0,0,0,0
30,22,3,2,0,6,1,0,0,0,1
26,18,2,2,0,5,1,0,0,0,1
31,24,2,2,0,5,0,0,0,0,0
23,15,2,2,0,5,1,0,0,0,1
22,14,2,2,0,5,1,0,0,0,1
32,24,2,2,0,5,1,0,0,0,1
29,22,2,2,1,6,0,0,0,0,0
26,18,2,2,0,5,1,0,0,0,1
29,21,2,2,0,5,1,0,0,0,1
20,12,2,2,0,5,1,0,0,0,1
24,17,3,2,0,6,0,0,0,0,0
28,21,2,2,0,5,0,0,0,0,0
28,20,2,2,1,6,1,0,0,0,1
32,24,2,2,0,5,1,0,0,0,1
25,17,2,2,0,5,1,0,0,0,1
30,23,2,2,0,5,0,0,0,0,0
32,24,2,2,1,6,1,0,0,0,1
31,23,2,2,1,6,1,0,0,0,1
38,30,3,2,0,6,1,0,0,0,1
19,11,2,2,0,5,1,0,0,0,1
27,20,2,2,0,5,0,0,0,0,0
27,20,3,2,0,6,0,0,0,0,0
25,18,2,2,0,5,0,0,0,0,0
26,18,2,2,0,5,1,0,0,0,1
37,28,3,3,0,7,1,0,0,0,0
32,23,2,3,1,7,1,0,0,0,0
27,20,3,2,0,6,0,0,0,0,0
25,18,2,2,1,6,0,0,0,0,0
27,20,3,2,0,6,0,0,0,0,0
25,17,2,2,0,5,1,0,0,0,1
34,22,2,4,1,8,0,0,0,0,0
24,17,2,2,0,5,0,0,0,0,0
20,12,2,2,0,5,1,0,0,0,1
24,16,2,2,0,5,1,0,0,0,1
30,22,3,2,0,6,1,0,0,0,1
33,26,1,2,1,5,0,0,0,0,0
22,14,2,2,0,5,1,0,0,0,1
29,21,2,2,0,5,1,0,0,0,1
36,28,3,2,1,7,1,0,0,0,1
45,36,3,3,0,7,1,0,0,0,0
24,16,2,2,0,5,1,0,0,0,1
26,18,2,2,0,5,1,0,0,0,1
27,20,2,2,0,5,0,0,0,0,0
21,13,2,2,0,5,1,0,0,0,1
28,20,2,2,0,5,1,0,0,0,1
27,19,2,2,0,5,1,0,0,0,1
30,22,2,2,0,5,1,0,0,0,1
21,14,2,2,0,5,0,0,0,0,0
28,20,2,3,0,6,0,0,0,0,0
29,21,2,2,0,5,1,0,0,0,1
20,12,2,2,0,5,1,0,0,0,1
27,19,2,2,0,5,1,0,0,0,1
24,16,2,2,0,5,1,0,0,0,1
30,22,2,2,0,5,1,0,0,0,1
28,20,2,2,0,5,1,0,0,0,1
28,20,2,2,0,5,1,0,0,0,1
30,22,2,2,0,5,1,0,0,0,1
34,25,2,3,1,7,1,0,0,0,0
25,17,2,2,0,5,1,0,0,0,1
26,18,2,2,0,5,1,0,0,0,1
26,18,2,2,0,5,1,0,0,0,1
33,25,3,2,0,6,1,0,0,0,1
31,23,2,2,0,5,1,0,0,0,1
20,5,1,3,0,5,1,0,0,0,0
21,14,3,2,0,6,0,0,0,0,0
32,24,2,2,0,5,1,0,0,0,1
28,20,2,2,0,5,1,0,0,0,1
40,32,3,2,0,6,1,0,0,0,1
35,28,2,2,0,5,0,0,0,0,0
26,19,3,2,0,6,0,0,0,0,0
25,17,2,2,0,5,1,0,0,0,1
34,25,2,3,1,7,1,0,0,0,0
37,29,2,2,0,5,1,0,0,0,1
30,22,2,2,0,5,1,0,0,0,1
26,19,2,2,0,5,0,0,0,0,0
42,34,2,2,0,5,1,0,0,0,1
32,25,3,2,0,6,0,0,0,0,0
43,34,3,3,1,8,1,0,0,0,0
24,16,3,2,0,6,1,0,0,0,1
29,21,2,2,0,5,1,0,0,0,1
33,25,2,3,0,6,0,0,0,0,0
36,29,3,2,0,6,0,0,0,0,0
30,23,3,2,0,6,0,0,0,0,0
29,21,2,2,0,5,1,0,0,0,1
23,15,2,2,0,5,1,0,0,0,1
23,15,2,2,0,5,1,0,0,0,1
32,24,2,2,0,5,1,0,0,0,1
25,17,2,2,0,5,1,0,0,0,1
21,14,2,2,0,5,0,0,0,0,0
25,17,2,2,1,6,1,0,0,0,1
24,17,2,2,1,6,0,0,0,0,0
36,28,2,2,1,6,1,0,0,0,1
41,32,2,3,0,6,1,0,0,0,0
25,17,2,2,0,5,1,0,0,0,1
28,21,2,2,0,5,0,0,0,0,0
28,21,2,2,0,5,0,0,0,0,0
31,23,2,2,0,5,1,0,0,0,1
27,13,1,5,0,7,0,0,0,0,0
25,17,3,2,0,6,1,0,0,0,1
36,28,2,2,1,6,1,0,0,0,1
30,22,2,2,0,5,1,0,0,0,1
20,12,2,2,0,5,1,0,0,0,1
23,15,3,2,0,6,1,0,0,0,1
25,17,2,2,0,5,1,0,0,0,1
30,23,4,2,0,7,0,0,0,0,0
71,25,6,4,2,14,0,0,0,1,0
30,22,2,2,0,5,1,0,0,0,1
22,14,3,2,0,6,1,0,0,0,1
25,18,2,2,0,5,0,0,0,0,0
20,13,2,2,0,5,0,0,0,0,0
24,16,2,2,0,5,1,0,0,0,1
30,22,2,2,0,5,1,0,0,0,1
21,13,2,2,0,5,1,0,0,0,1
27,20,2,2,0,5,0,0,0,0,0
27,19,2,2,1,6,1,0,0,0,1
24,16,2,2,1,6,1,0,0,0,1
220,44,2,3,5,18,1,0,0,1,0
31,24,2,2,0,5,0,0,0,0,0
24,17,2,2,1,6,0,0,0,0,0
34,27,2,2,1,6,0,0,0,0,0
34,20,2,3,0,6,1,0,0,1,0
20,12,3,2,0,6,1,0,0,0,1
27,19,2,2,0,5,1,0,0,0,1
29,21,3,2,0,6,1,0,0,0,1
24,16,2,2,0,5,1,0,0,0,1
29,21,3,2,0,6,1,0,0,0,1
26,18,2,2,0,5,1,0,0,0,1
126,13,6,9,0,24,1,0,0,1,0
28,20,2,2,0,5,1,0,0,0,1
27,19,2,2,0,5,1,0,0,0,1
29,21,2,2,0,5,1,0,0,0,1
23,15,2,2,0,5,1,0,0,0,1
42,34,4,2,0,7,1,0,0,0,1
21,13,2,2,0,5,1,0,0,0,1
27,19,2,2,0,5,1,0,0,0,1
28,20,3,2,0,6,1,0,0,0,1
28,20,2,2,0,5,1,0,0,0,1
32,24,2,2,0,5,1,0,0,0,1
23,15,2,2,0,5,1,0,0,0,1
32,24,1,3,0,5,0,0,0,0,0
33,25,2,2,0,5,1,0,0,0,1
27,20,3,2,0,6,0,0,0,0,0
27,20,3,2,0,6,0,0,0,0,0
28,20,2,2,0,5,1,0,0,0,1
32,24,2,2,0,5,1,0,0,0,1
41,32,2,3,0,6,1,0,0,1,0
24,16,2,2,0,5,1,0,0,0,1
27,19,4,2,0,7,1,0,0,0,1
24,17,2,2,0,5,0,0,0,0,0
26,18,2,2,0,5,1,0,0,0,1
26,18,2,2,0,5,1,0,0,0,1
55,46,6,3,0,10,1,0,0,1,0
29,21,2,2,0,5,1,0,0,0,1
43,36,4,2,0,7,0,0,0,0,0
21,13,3,2,0,6,1,0,0,0,1
27,19,2,2,0,5,1,0,0,0,1
29,21,2,2,2,7,1,0,0,0,1
22,14,2,2,0,5,1,0,0,0,1
26,18,2,2,0,5,1,0,0,0,1
47,38,2,3,2,8,1,0,0,0,0
36,28,2,2,1,6,1,0,0,0,1
28,20,2,2,0,5,1,0,0,0,1
23,8,1,3,0,5,1,0,0,0,0
19,12,2,2,0,5,0,0,0,0,0
207,52,4,7,2,34,0,0,0,1,0
38,29,2,3,1,7,1,0,0,0,0
29,21,2,2,0,5,1,0,0,0,1
27,19,3,2,0,6,1,0,0,0,1
32,24,2,2,0,5,1,0,0,0,1
24,17,2,2,0,5,0,0,0,0,0
48,41,2,2,0,5,0,0,0,0,0
22,14,2,2,0,5,1,0,0,0,1
30,22,2,2,0,5,1,0,0,0,1
26,18,2,2,0,5,1,0,0,0,1
28,20,2,2,0,5,1,0,0,0,1
30,23,2,2,0,5,0,0,0,0,0
24,17,2,2,0,5,0,0,0,0,0
30,23,2,2,0,5,0,0,0,0,0
26,18,2,2,0,5,1,0,0,0,1
26,18,2,2,0,5,1,0,0,0,1
35,28,2,2,0,5,0,0,0,0,0
29,21,2,2,0,5,1,0,0,0,1
31,24,2,2,0,5,0,0,0,0,0
30,22,3,2,0,6,1,0,0,0,1
34,26,2,2,0,5,1,0,0,0,1
24,16,2,2,0,5,1,0,0,0,1
27,19,2,2,0,5,1,0,0,0,1
31,23,2,2,1,6,1,0,0,0,1
33,26,3,2,0,6,0,0,0,0,0
37,29,2,3,0,6,0,0,0,0,0
31,23,1,3,0,5,0,0,0,0,0
29,21,2,2,0,5,1,0,0,0,1
29,21,2,2,0,5,1,0,0,0,1
49,12,2,4,0,7,0,0,0,0,0
29,21,2,2,1,6,1,0,0,0,1
29,21,2,2,0,5,1,0,0,0,1
21,13,2,2,0,5,1,0,0,0,1
23,16,2,2,0,5,0,0,0,0,0
27,19,2,2,0,5,1,0,0,0,1
26,18,2,2,0,5,1,0,0,0,1
34,27,4,2,0,7,0,0,0,0,0
39,31,2,2,2,7,1,0,0,0,1
54,36,4,4,2,11,1,0,0,1,0
39,31,4,3,0,8,0,0,0,0,0
35,19,1,3,0,5,1,0,0,0,0
21,14,2,2,0,5,0,0,0,0,0
24,16,2,2,0,5,1,0,0,0,1
53,28,4,4,4,13,0,0,0,0,0
31,24,4,2,0,7,0,0,0,0,0
26,19,3,2,0,6,0,0,0,0,0
28,20,2,2,0,5,1,0,0,0,1
25,17,3,2,0,6,1,0,0,0,1
27,20,3,2,0,6,0,0,0,0,0
55,47,3,2,4,10,1,0,0,0,0
28,20,2,2,0,5,1,0,0,0,1
29,21,2,2,0,5,1,0,0,0,1
24,16,3,2,0,6,1,0,0,0,1
33,24,1,3,0,5,1,0,0,0,0
23,15,2,2,0,5,1,0,0,0,1
30,23,2,2,0,5,0,0,0,0,0
21,13,3,2,0,6,1,0,0,0,1
33,25,2,2,0,5,1,0,0,0,1
31,23,2,2,0,5,1,0,0,0,1
21,14,2,2,0,5,0,0,0,0,0
26,18,2,2,0,5,1,0,0,0,1
28,20,2,2,0,5,1,0,0,0,1
43,28,3,3,2,9,1,0,0,0,0
19,11,2,2,0,5,1,0,0,0,1
37,30,2,2,0,5,0,0,0,0,0
32,24,2,2,0,5,1,0,0,0,1
34,26,2,2,0,5,1,0,0,0,1
23,15,2,2,0,5,1,0,0,0,0
24,17,2,2,1,6,0,0,0,0,0
29,21,2,2,1,6,1,0,0,0,1
35,26,2,3,0,6,1,0,0,0,0
22,14,2,2,0,5,1,0,0,0,1
20,12,2,2,0,5,1,0,0,0,1
19,11,2,2,0,5,1,0,0,0,1
30,21,3,3,0,7,1,0,0,0,0
25,18,3,2,0,6,0,0,0,0,0
21,14,2,2,0,5,0,0,0,0,0
23,15,3,2,0,6,1,0,0,0,1
28,20,2,2,0,5,1,0,0,0,1
26,18,2,2,0,5,1,0,0,0,1
19,12,2,2,0,5,0,0,0,0,0
26,19,2,2,0,5,0,0,0,0,0
29,21,2,2,0,5,1,0,0,0,1
25,17,2,2,0,5,1,0,0,0,1
31,23,2,2,0,5,1,0,0,0,1
32,24,2,2,0,5,1,0,0,0,1
24,16,2,2,1,6,1,0,0,0,1
27,20,2,2,1,6,0,0,0,0,0
50,42,3,2,3,9,1,0,0,0,1
32,23,2,3,1,7,1,0,0,0,0
38,30,2,2,0,5,1,0,0,0,1
19,11,2,2,0,5,1,0,0,0,1
21,13,2,2,0,5,1,0,0,0,1
20,13,2,2,0,5,0,0,0,0,0
54,47,3,2,4,10,0,0,0,0,0
27,20,3,2,0,6,0,0,0,0,0
21,13,2,2,0,5,1,0,0,0,1
24,16,2,2,0,5,1,0,0,0,1
22,14,3,2,0,6,1,0,0,0,1
23,15,2,2,0,5,1,0,0,0,1
59,25,4,5,0,11,1,0,0,0,0
23,16,2,2,0,5,0,0,0,0,0
25,18,2,2,1,6,0,0,0,0,0
51,42,5,3,0,9,1,0,0,0,0
27,19,2,2,1,6,1,0,0,0,1
25,17,2,2,0,5,1,0,0,0,1
33,25,2,2,0,5,1,0,0,0,1
26,9,2,3,0,6,1,0,0,0,0
28,20,2,2,0,5,1,0,0,0,1
25,17,2,2,0,5,1,0,0,0,1
26,19,3,2,0,6,0,0,0,0,0
36,28,2,2,0,5,1,0,0,0,1
28,21,2,2,0,5,0,0,0,0,0
27,19,2,2,0,5,1,0,0,0,1
19,11,2,2,0,5,1,0,0,0,1
35,27,2,2,0,5,1,0,0,0,1
24,16,2,2,0,5,1,0,0,0,1
19,12,2,2,0,5,0,0,0,0,0
34,26,2,2,0,5,1,0,0,0,1
28,20,2,2,1,6,1,0,0,0,1
38,29,2,3,1,7,1,0,0,0,0
22,15,2,2,1,6,0,0,0,0,0
53,44,2,3,2,8,1,0,0,0,0
27,19,2,2,0,5,1,0,0,0,1
24,16,2,2,0,5,1,0,0,0,1
27,20,2,2,1,6,0,0,0,0,0
27,19,1,2,1,5,1,0,0,0,0
26,18,2,2,0,5,1,0,0,0,1
29,21,2,2,0,5,1,0,0,0,1
81,73,3,3,0,7,0,0,0,0,0
30,23,2,2,0,5,0,0,0,0,0
29,21,2,2,0,5,1,0,0,0,1
24,16,2,2,0,5,1,0,0,0,1
22,14,2,2,0,5,1,0,0,0,1
26,18,2,2,0,5,1,0,0,0,1
25,17,2,2,0,5,1,0,0,0,1
91,7,2,5,0,8,1,0,0,0,0
21,13,2,2,0,5,1,0,0,0,1
20,12,2,2,0,5,1,0,0,0,1
34,27,3,2,0,6,0,0,0,0,0
32,24,2,2,0,5,1,0,0,0,1
24,17,2,2,0,5,0,0,0,0,0
30,22,3,2,0,6,1,0,0,0,1
24,16,2,2,0,5,1,0,0,0,1
31,23,2,2,0,5,1,0,0,0,1
32,25,3,2,0,6,0,0,0,0,0
27,19,2,2,0,5,1,0,0,0,1
41,33,3,2,0,6,1,0,0,0,0
20,13,2,2,0,5,0,0,0,0,0
40,33,3,2,1,7,0,0,0,0,0
27,19,2,2,0,5,1,0,0,0,1
44,35,2,3,2,8,1,0,0,0,0
25,17,2,2,0,5,1,0,0,0,1
20,13,2,2,0,5,0,0,0,0,0
27,19,2,2,0,5,1,0,0,0,1
23,16,2,2,0,5,0,0,0,0,0
54,23,3,4,0,8,0,0,0,0,0
27,19,2,2,0,5,1,0,0,0,1
27,20,3,2,0,6,0,0,0,0,0
24,16,2,2,0,5,1,0,0,0,1
25,18,2,2,0,5,0,0,0,0,0
26,19,2,2,0,5,0,0,0,0,0
23,16,2,2,0,5,0,0,0,0,0
25,18,2,2,0,5,0,0,0,1,0
37,29,2,2,0,5,1,0,0,1,1
31,24,2,2,0,5,0,0,0,0,0
20,12,2,2,0,5,1,0,0,0,1
28,20,2,2,0,5,1,0,0,0,1
21,14,2,2,0,5,0,0,0,0,0
33,25,2,2,0,5,1,0,0,0,1
33,26,3,2,0,6,0,0,0,0,0
23,16,2,2,0,5,0,0,0,0,0
25,18,2,2,0,5,0,0,0,0,0
29,21,2,2,0,5,1,0,0,0,1
22,14,2,2,1,6,1,0,0,0,1
40,31,2,3,2,8,1,0,0,0,0
27,20,2,2,0,5,0,0,0,0,0
86,20,5,3,1,15,1,0,0,0,0
21,14,2,2,0,5,0,0,0,0,0
24,16,2,2,0,5,1,0,0,0,1
27,19,2,2,0,5,1,0,0,0,1
30,23,2,2,0,5,0,0,0,0,0
38,29,2,3,1,7,1,0,0,0,0
44,35,2,3,1,7,1,0,0,1,0
30,22,2,2,0,5,1,0,0,0,1
29,21,2,2,0,5,1,0,0,0,1
28,20,2,2,1,6,1,0,0,0,1
17,10,2,2,0,5,0,0,0,0,0
22,15,2,2,1,6,0,0,0,0,0
36,27,2,3,0,6,1,0,0,0,0
25,18,3,2,0,6,0,0,0,0,0
27,20,2,2,0,5,0,0,0,0,0
32,24,2,2,0,5,1,0,0,0,1
31,23,2,2,0,5,1,0,0,0,1
22,14,2,2,0,5,1,0,0,0,1
26,19,2,2,0,5,0,0,0,0,0
44,37,4,2,2,9,0,0,0,0,0
24,16,2,2,0,5,1,0,0,0,1
48,25,3,4,1,9,1,0,0,0,0
40,29,3,4,0,8,0,0,0,0,0
20,12,2,2,0,5,1,0,0,0,1
23,16,2,2,0,5,0,0,0,0,0
52,33,4,3,0,8,1,0,0,0,0
29,21,2,2,1,6,1,0,0,0,1
34,25,2,3,1,7,1,0,0,0,0
36,27,2,3,2,8,1,0,0,0,0
31,23,3,2,0,6,1,0,0,0,1
50,43,4,2,3,10,0,0,0,0,0
25,18,2,2,1,6,0,0,0,0,0
23,16,2,2,0,5,0,0,0,0,0
21,13,2,2,0,5,1,0,0,0,1
30,23,2,2,0,5,0,0,0,0,0
33,25,2,2,0,5,1,0,0,0,1
20,12,2,2,0,5,1,0,0,0,1
62,17,1,3,4,9,1,0,0,0,0
25,18,2,2,0,5,0,0,0,0,0
31,23,2,2,0,5,1,0,0,0,1
81,24,3,8,1,13,1,0,0,0,0
20,12,2,2,0,5,1,0,0,0,1
31,22,2,3,0,6,1,0,0,0,0
33,26,3,2,0,6,0,0,0,0,0
43,30,2,4,1,8,1,0,0,0,0
29,21,2,2,0,5,1,0,0,0,1
32,24,2,2,0,5,1,0,0,0,1
20,12,2,2,0,5,1,0,0,0,1
54,24,2,3,1,10,1,0,0,0,0
26,18,2,2,0,5,1,0,0,0,1
36,28,2,2,0,5,1,0,0,0,1
26,19,2,2,1,6,0,0,0,0,0
30,22,2,2,0,5,1,0,0,0,1
23,15,2,2,1,6,1,0,0,0,1
44,24,3,3,0,7,1,0,0,0,0
43,34,2,3,3,9,1,0,0,0,0
107,22,1,9,3,14,0,0,0,0,0
26,18,2,2,1,6,1,0,0,0,1
31,23,2,2,0,5,1,0,0,0,1
24,17,3,2,0,6,0,0,0,0,0
23,15,2,2,0,5,1,0,0,0,1
26,18,3,2,0,6,1,0,0,0,1
30,22,2,2,0,5,1,0,0,0,1
18,11,2,2,0,5,0,0,0,0,0
31,23,2,2,0,5,1,0,0,0,1
189,23,2,8,1,15,1,0,0,1,0
28,20,2,2,0,5,1,0,0,0,1
24,16,2,2,0,5,1,0,0,0,1
28,20,2,2,0,5,1,0,0,0,1
23,15,2,2,1,6,1,0,0,0,1
27,18,2,3,0,6,1,0,0,0,0
27,19,2,2,0,5,1,0,0,0,1
36,28,2,2,0,5,1,0,0,0,1
27,19,2,2,0,5,1,0,0,0,1
135,11,9,11,1,26,0,1,0,0,0
24,17,2,2,1,6,0,0,0,0,0
31,24,2,2,0,5,0,0,0,0,0
27,20,2,2,0,5,0,0,0,0,0
21,14,2,2,0,5,0,0,0,0,0
22,15,2,2,0,5,0,0,0,0,0
52,17,1,4,0,6,0,0,0,0,0
27,18,2,3,0,6,1,0,0,0,0
65,50,2,4,4,11,1,0,0,0,0
23,16,2,2,0,5,0,0,0,0,0
108,37,3,8,6,18,1,0,0,1,0
30,22,2,2,2,7,1,0,0,0,0
23,16,2,2,0,5,0,0,0,0,0
36,18,1,4,2,8,0,0,0,0,0
31,23,4,2,0,7,1,0,0,0,1
46,37,2,3,2,8,1,0,0,1,0
20,12,2,2,0,5,1,0,0,0,1
32,24,2,2,1,6,1,0,0,0,1
31,24,2,2,0,5,0,0,0,0,0
42,35,2,2,1,6,0,0,0,0,0
25,17,2,2,0,5,1,0,0,0,1
29,22,3,2,0,6,0,0,0,0,0
26,18,2,2,0,5,1,0,0,0,1
33,25,2,2,0,5,1,0,0,0,1
83,73,3,3,0,8,1,0,0,0,0
26,19,2,2,0,5,0,0,0,0,0
23,16,2,2,0,5,0,0,0,0,0
30,23,2,2,0,5,0,0,0,0,0
30,22,2,2,0,5,1,0,0,0,1
34,25,2,3,1,7,1,0,0,0,0
27,19,2,2,0,5,1,0,0,0,1
33,24,2,3,1,7,1,0,0,0,0
59,42,2,4,2,9,1,0,0,1,0
23,16,2,2,1,6,0,0,0,0,0
21,14,2,2,0,5,0,0,0,0,0
21,13,2,2,0,5,1,0,0,0,1
33,26,2,2,0,5,0,0,0,0,0
25,17,2,2,0,5,1,0,0,0,1
33,25,2,2,0,5,1,0,0,0,1
28,17,2,3,0,6,1,0,0,0,0
24,16,3,2,0,6,1,0,0,0,1
44,27,2,4,0,7,1,0,0,0,0
28,20,2,2,0,5,1,0,0,0,1
24,17,3,2,0,6,0,0,0,0,0
77,7,2,5,0,8,1,0,0,0,0
18,11,2,2,0,5,0,0,0,0,0
102,30,1,6,1,14,1,0,0,0,0
31,23,4,2,0,7,1,0,0,0,1
23,15,2,2,0,5,1,0,0,0,1
25,17,2,2,0,5,1,0,0,0,1
17,10,2,2,0,5,0,0,0,0,0
22,15,2,2,0,5,0,0,0,0,0
38,18,2,4,0,8,1,0,0,0,0
21,14,2,2,0,5,0,0,0,0,0
27,19,2,2,0,5,1,0,0,0,1
25,17,3,2,0,6,1,0,0,0,1
22,15,2,2,0,5,0,0,0,0,0
61,33,2,3,0,9,1,0,0,0,0
50,31,6,4,0,11,0,0,0,0,0
30,22,2,2,0,5,1,0,0,0,1
24,17,2,2,0,5,0,0,0,0,0
26,19,3,2,0,6,0,0,0,0,0
24,16,2,2,0,5,1,0,0,0,1
34,25,2,3,1,7,1,0,0,0,0
28,21,2,2,1,6,0,0,0,0,0
33,25,2,2,0,5,1,0,0,0,1
43,34,3,3,0,7,1,0,0,0,0
25,17,3,2,0,6,1,0,0,0,1
34,26,2,2,1,6,1,0,0,0,1
22,14,2,2,0,5,1,0,0,0,1
25,18,2,2,0,5,0,0,0,0,0
35,27,3,2,0,6,1,0,0,0,1
71,32,2,4,0,11,0,0,0,0,0
21,13,2,2,0,5,1,0,0,0,1
24,16,2,2,0,5,1,0,0,0,1
28,20,2,2,0,5,1,0,0,0,1
22,14,2,2,0,5,1,0,0,0,1
38,29,1,3,2,7,1,0,0,0,0
26,19,2,2,1,6,0,0,0,0,0
50,31,6,4,0,11,0,0,0,0,0
21,14,2,2,0,5,0,0,0,0,0
34,26,4,2,0,7,1,0,0,0,1
29,21,2,2,0,5,1,0,0,0,1
46,37,3,3,0,7,1,0,0,0,0
34,25,2,3,1,7,1,0,0,0,0
29,21,2,2,0,5,1,0,0,0,1
31,23,2,2,1,6,1,0,0,0,1
29,21,2,2,0,5,1,0,0,0,1
22,14,3,2,0,6,1,0,0,0,1
22,14,2,2,0,5,1,0,0,0,1
30,22,2,2,0,5,1,0,0,0,1
27,19,2,2,0,5,1,0,0,0,1
28,20,2,2,0,5,1,0,0,0,1
21,13,2,2,0,5,1,0,0,0,1
27,20,3,2,1,7,0,0,0,0,0
22,14,3,2,0,6,1,0,0,0,1
20,12,2,2,0,5,1,0,0,0,1
28,20,2,2,0,5,1,0,0,0,1
29,22,2,2,0,5,0,0,0,0,0
28,20,2,2,0,5,1,0,0,0,1
35,27,3,3,1,8,0,0,0,0,0
34,18,3,3,0,7,1,0,0,0,0
30,22,2,2,0,5,1,0,0,0,1
30,15,3,3,0,7,1,0,0,0,0
26,18,2,2,0,5,1,0,0,0,1
29,21,4,2,0,7,1,0,0,0,1
21,13,3,2,0,6,1,0,0,0,1
20,12,2,2,0,5,1,0,0,0,1
29,21,2,2,0,5,1,0,0,0,1
24,17,2,2,0,5,0,0,0,0,0
25,17,2,2,0,5,1,0,0,0,1
21,13,2,2,0,5,1,0,0,0,1
26,18,2,2,0,5,1,0,0,0,1
58,27,5,4,0,10,1,0,0,0,0
29,22,2,2,0,5,0,0,0,0,0
25,16,2,3,1,7,1,0,0,0,0
29,21,2,2,0,5,1,0,0,0,1
32,24,2,2,0,5,1,0,0,0,1
27,19,2,2,0,5,1,0,0,0,1
27,19,2,2,1,6,1,0,0,0,1
31,23,2,2,0,5,1,0,0,0,1
31,23,2,2,0,5,1,0,0,0,1
43,34,3,3,1,8,1,0,0,1,0
34,27,2,2,0,5,0,0,0,0,0
24,16,3,2,0,6,1,0,0,0,1
33,26,3,2,0,6,0,0,0,0,0
22,14,1,3,0,5,0,0,0,0,0
52,26,1,6,0,8,1,0,0,0,0
24,17,2,2,0,5,0,0,0,0,0
29,21,2,2,1,6,1,0,0,0,1
33,25,3,2,0,6,1,0,0,0,1
30,22,2,2,0,5,1,0,0,0,1
23,15,2,2,0,5,1,0,0,0,1
40,32,3,2,0,6,1,0,0,0,1
24,17,2,2,0,5,0,0,0,0,0
54,45,2,3,6,12,1,0,0,1,0
32,23,2,3,1,7,1,0,0,0,0
26,18,3,2,0,6,1,0,0,0,1
27,19,2,3,0,6,0,0,0,0,0
89,16,3,5,0,10,1,0,0,0,0
23,16,2,2,0,5,0,0,0,0,0
20,12,2,2,0,5,1,0,0,0,1
29,22,3,2,0,6,0,0,0,0,0
32,23,2,3,1,7,1,0,0,0,0
39,30,2,3,2,8,1,0,0,0,0
40,14,3,4,0,8,0,0,0,0,0
36,28,2,2,0,5,1,0,0,0,1
22,15,2,2,0,5,0,0,0,0,0
27,19,2,2,0,5,1,0,0,0,1
21,13,2,2,0,5,1,0,0,0,1
20,12,2,2,0,5,1,0,0,0,1
25,18,3,2,0,6,0,0,0,0,0
25,17,2,2,0,5,1,0,0,0,1
39,30,2,3,2,8,1,0,0,0,0
27,19,2,2,0,5,1,0,0,0,1
22,15,2,2,0,5,0,0,0,0,0
47,27,3,3,0,7,1,0,0,0,0
35,26,4,3,1,9,1,0,0,0,0
25,17,2,2,0,5,1,0,0,0,1
27,19,3,2,0,6,1,0,0,0,0
29,22,2,2,1,6,0,0,0,0,0
25,17,2,2,0,5,1,0,0,0,1
29,22,2,2,0,5,0,0,0,0,0
71,22,2,8,1,12,0,0,0,0,0
26,19,3,2,0,6,0,0,0,0,0
113,15,2,7,2,15,1,0,0,0,0
32,24,3,2,0,6,1,0,0,0,1
27,19,2,2,0,5,1,0,0,0,1
50,20,1,4,0,6,0,0,0,0,0
31,23,2,2,0,5,1,0,0,0,1
28,20,2,2,0,5,1,0,0,0,1
33,25,2,2,0,5,1,0,0,0,1
24,16,2,2,0,5,1,0,0,0,1
42,33,3,3,0,7,1,0,0,0,0
20,12,2,2,0,5,1,0,0,0,1
31,23,2,2,0,5,1,0,0,0,1
25,17,2,2,0,5,1,0,0,0,1
28,20,2,2,0,5,1,0,0,0,1
23,14,1,3,0,5,1,0,0,0,0
41,34,2,2,0,5,0,0,0,0,0
28,20,3,2,0,6,1,0,0,0,1
23,15,2,2,0,5,1,0,0,0,1
26,19,2,2,1,6,0,0,0,0,0
20,13,2,2,0,5,0,0,0,0,0
24,16,2,2,0,5,1,0,0,0,1
38,30,2,2,0,5,1,0,0,0,1
38,30,4,2,0,7,1,0,0,0,1
74,13,2,5,0,8,1,0,0,0,0
28,19,2,3,1,7,1,0,0,0,0
45,36,3,3,2,9,1,0,0,0,0
30,23,2,2,2,7,0,0,0,0,0
27,19,2,2,0,5,1,0,0,0,1
25,17,2,2,0,5,1,0,0,0,1
27,19,2,2,0,5,1,0,0,0,1
82,73,3,3,0,7,1,0,0,0,0
43,36,2,2,0,5,0,0,0,0,0
35,27,2,2,0,5,1,0,0,0,1
27,19,2,2,0,5,1,0,0,0,1
31,23,2,2,0,5,1,0,0,0,1
22,15,2,2,0,5,0,0,0,0,0
22,14,2,2,0,5,1,0,0,0,1
35,27,2,2,0,5,1,0,0,0,1
27,19,2,2,1,6,1,0,0,0,1
45,4,1,3,2,9,1,0,0,1,0
58,50,4,3,3,11,0,0,0,0,0
24,17,3,2,0,6,0,0,0,0,0
49,40,3,3,2,9,1,0,0,1,0
38,29,2,3,1,7,1,0,0,0,0
80,7,1,4,0,6,1,0,0,0,0
40,31,2,3,2,8,1,0,0,0,0
33,25,2,2,0,5,1,0,0,0,1
31,22,2,3,1,7,1,0,0,0,0
26,15,1,4,1,8,1,0,0,0,0
21,13,2,2,0,5,1,0,0,0,1
70,31,2,4,0,11,0,0,0,0,0
24,17,2,2,0,5,0,0,0,0,0
32,24,2,2,0,5,1,0,0,0,1
27,19,2,2,0,5,1,0,0,0,1
31,23,2,2,0,5,1,0,0,0,1
53,45,4,3,2,10,0,0,0,0,0
19,12,2,2,1,6,0,0,0,0,0
22,14,3,2,0,6,1,0,0,0,1
31,23,2,2,0,5,1,0,0,0,1
25,18,2,2,0,5,0,0,0,0,0
32,24,2,2,0,5,1,0,0,0,1
25,18,3,2,0,6,0,0,0,0,0
28,20,2,2,2,7,1,0,0,0,1
33,25,2,2,0,5,1,0,0,0,1
27,19,1,3,0,5,0,0,0,0,0
30,23,2,2,0,5,0,0,0,0,0
18,10,2,2,0,5,1,0,0,0,1
32,24,2,2,0,5,1,0,0,0,1
17,9,2,2,0,5,1,0,0,0,1
20,12,2,2,0,5,1,0,0,0,1
40,29,3,4,0,8,0,0,0,0,0
33,25,2,2,0,5,1,0,0,0,1
29,21,2,2,0,5,1,0,0,0,1
42,33,2,3,4,10,1,0,0,0,0
20,13,2,2,0,5,0,0,0,0,0
21,13,2,2,0,5,1,0,0,0,1
25,17,2,2,0,5,1,0,0,0,1
30,23,2,2,0,5,0,0,0,0,0
21,13,2,2,0,5,1,0,0,0,1
19,12,2,2,0,5,0,0,0,0,0
26,18,3,2,0,6,1,0,0,0,1
33,25,2,2,0,5,1,0,0,0,1
28,20,2,2,0,5,1,0,0,0,1
39,30,2,3,2,8,1,0,0,0,0
30,22,2,2,0,5,1,0,0,0,1
35,26,2,3,0,6,1,0,0,0,0
33,25,2,2,0,5,1,0,0,0,1
33,25,2,2,0,5,1,0,0,0,1
35,27,2,2,0,5,1,0,0,0,1
50,43,5,2,2,10,0,0,0,0,0
22,14,2,2,0,5,1,0,0,0,1
23,15,1,3,0,5,0,0,0,0,0
56,47,3,3,4,11,1,0,0,0,0
23,15,2,2,0,5,1,0,0,0,1
22,15,2,2,0,5,0,0,0,0,0
20,12,2,2,0,5,1,0,0,0,1
29,21,2,2,1,6,1,0,0,0,1
31,23,2,2,0,5,1,0,0,0,1
23,15,2,2,0,5,1,0,0,0,1
19,11,2,2,0,5,1,0,0,0,1
33,25,2,2,0,5,1,0,0,0,1
32,24,2,2,0,5,1,0,0,0,1
40,16,2,5,0,9,1,0,0,0,0
32,24,2,2,0,5,1,0,0,0,1
27,18,2,3,0,6,1,0,0,0,0
26,19,2,2,0,5,0,0,0,0,0
26,18,2,2,0,5,1,0,0,0,1
24,16,2,2,0,5,1,0,0,0,1
28,20,2,2,0,5,1,0,0,0,1
25,17,3,2,0,6,1,0,0,0,1
24,17,2,2,0,5,0,0,0,0,0
31,23,3,2,0,6,1,0,0,0,1
21,13,2,2,0,5,1,0,0,0,1
27,19,2,2,0,5,1,0,0,0,1
34,26,2,2,0,5,1,0,0,0,1
22,15,2,2,1,6,0,0,0,0,0
28,20,2,2,0,5,1,0,0,0,1
19,11,2,2,0,5,1,0,0,0,1
22,15,2,2,0,5,0,0,0,0,0
23,16,2,2,1,6,0,0,0,0,0
25,18,2,2,0,5,0,0,0,0,0
34,27,3,2,0,6,0,0,0,0,0
23,15,2,2,0,5,1,0,0,0,1
28,20,2,2,0,5,1,0,0,0,1
46,38,3,3,2,9,0,0,0,0,0
30,21,2,3,0,6,1,0,0,0,0
24,16,2,2,0,5,1,0,0,0,1
25,18,2,2,0,5,0,0,0,0,0
46,38,3,2,0,6,1,0,0,0,1
23,15,2,2,0,5,1,0,0,0,1
41,34,3,2,0,6,0,0,0,0,0
27,19,3,2,0,6,1,0,0,0,1
27,19,3,2,0,6,1,0,0,0,1
34,25,2,3,1,7,1,0,0,0,0
55,47,3,2,4,10,1,0,0,0,0
32,24,2,2,0,5,1,0,0,0,1
28,20,2,2,0,5,1,0,0,0,1
27,18,2,3,0,6,1,0,0,0,0
22,15,2,2,0,5,0,0,0,0,0
26,18,2,2,0,5,1,0,0,0,1
31,23,2,2,0,5,1,0,0,0,1
32,24,2,2,1,6,1,0,0,0,1
26,18,2,2,0,5,1,0,0,0,1
30,22,2,2,0,5,1,0,0,0,1
26,17,2,3,0,6,1,0,0,0,0
27,19,2,2,0,5,1,0,0,0,1
28,20,2,2,0,5,1,0,0,0,1
29,22,2,2,0,5,0,0,0,0,0
25,17,2,2,0,5,1,0,0,0,1
27,19,3,2,0,6,1,0,0,0,1
19,11,2,2,0,5,1,0,0,0,1
24,16,2,2,0,5,1,0,0,0,1
31,24,2,2,0,5,0,0,0,0,0
35,26,2,3,1,7,1,0,0,0,0
38,30,2,2,0,5,1,0,0,0,1
32,23,2,3,1,7,1,0,0,0,0
28,21,2,2,0,5,0,0,0,0,0
26,19,3,2,0,6,0,0,0,0,0
24,16,2,2,0,5,1,0,0,0,1
27,19,2,2,0,5,1,0,0,0,1
22,14,2,2,0,5,1,0,0,0,1
24,17,2,2,0,5,0,0,0,0,0
25,17,2,2,0,5,1,0,0,0,1
22,15,2,2,0,5,0,0,0,0,0
21,13,2,2,0,5,1,0,0,0,1
23,16,3,2,0,6,0,0,0,0,0
23,16,3,2,0,6,0,0,0,0,0
28,20,2,2,0,5,1,0,0,0,1
25,17,3,2,0,6,1,0,0,0,1
22,15,2,2,0,5,0,0,0,0,0
28,20,2,2,0,5,1,0,0,0,1
25,18,3,2,0,6,0,0,0,0,0
29,21,2,2,0,5,1,0,0,0,1
27,20,3,2,0,6,0,0,0,0,0
30,22,2,2,0,5,1,0,0,0,1
33,25,2,2,0,5,1,0,0,0,1
23,16,2,2,0,5,0,0,0,0,0
27,19,2,2,0,5,1,0,0,0,1
26,18,2,2,0,5,1,0,0,0,1
33,26,2,2,0,5,0,0,0,0,0
32,24,2,2,0,5,1,0,0,0,1
30,22,2,2,0,5,1,0,0,0,1
32,24,2,2,0,5,1,0,0,0,1
72,42,4,3,2,13,1,1,0,0,0
41,33,2,3,2,8,0,0,0,0,0
25,17,2,2,0,5,1,0,0,0,1
23,16,2,2,0,5,0,0,0,0,0
25,18,2,2,1,6,0,0,0,0,0
26,19,2,2,1,6,0,0,0,0,0
30,22,3,2,0,6,1,0,0,0,1
33,24,2,3,1,7,1,0,0,0,0
31,23,2,2,0,5,1,0,0,0,1
26,18,2,2,1,6,1,0,0,0,1
21,14,2,2,0,5,0,0,0,0,0
25,18,2,2,0,5,0,0,0,0,0
30,23,2,2,0,5,0,0,0,0,0
29,21,2,2,0,5,1,0,0,0,1
29,21,2,2,0,5,1,0,0,0,1
22,15,2,2,0,5,0,0,0,0,0
24,16,2,2,0,5,1,0,0,0,1
88,43,3,3,7,14,1,0,0,1,0
28,20,2,2,0,5,1,0,0,0,1
28,21,2,2,0,5,0,0,0,0,0
37,30,2,2,0,5,0,0,0,0,0
31,24,2,2,0,5,0,0,0,0,0
30,22,4,2,0,7,1,0,0,0,1
65,20,3,6,0,11,1,0,0,0,0
39,31,2,2,0,5,1,0,0,0,1
26,18,2,2,0,5,1,0,0,0,1
20,13,2,2,0,5,0,0,0,0,0
24,17,2,2,0,5,0,0,0,0,0
32,25,2,2,0,5,0,0,0,0,0
48,22,2,4,0,7,1,0,0,0,0
24,16,2,2,0,5,1,0,0,0,1
21,14,2,2,0,5,0,0,0,0,0
24,16,2,2,0,5,1,0,0,0,1
32,9,2,3,0,6,1,0,0,0,0
26,19,2,2,0,5,0,0,0,0,0
29,21,3,2,0,6,1,0,0,0,1
23,16,2,2,0,5,0,0,0,0,0
46,37,2,3,0,6,1,0,0,0,0
27,19,2,2,0,5,1,0,0,0,1
21,14,2,2,0,5,0,0,0,0,0
23,15,3,2,0,6,1,0,0,0,1
35,27,2,2,0,5,1,0,0,0,1
28,20,2,2,0,5,1,0,0,0,1
30,22,2,2,0,5,1,0,0,0,1
25,18,3,2,0,6,0,0,0,0,0
22,14,2,2,0,5,1,0,0,0,1
34,26,2,2,0,5,1,0,0,0,1
28,20,2,2,0,5,1,0,0,0,1
27,19,2,2,0,5,1,0,0,0,1
37,29,3,2,0,6,1,0,0,0,1
20,12,3,2,0,6,1,0,0,0,1
40,31,2,3,0,6,1,0,0,0,0
37,29,2,2,0,5,1,0,0,0,1
50,31,6,4,0,11,0,0,0,0,0
20,12,2,2,0,5,1,0,0,0,1
24,16,2,2,1,6,1,0,0,0,1
26,18,2,2,0,5,1,0,0,0,1
28,20,2,2,0,5,1,0,0,0,1
27,19,2,2,0,5,1,0,0,0,1
27,19,2,2,0,5,1,0,0,0,1
23,15,2,2,0,5,1,0,0,0,1
26,18,2,2,0,5,1,0,0,0,1
23,15,2,2,0,5,1,0,0,0,1
40,31,5,3,0,9,1,0,0,0,0
251,52,4,7,2,45,0,0,0,1,0
81,16,3,5,0,10,1,0,0,0,0
21,14,3,2,0,6,0,0,0,0,0
22,14,2,2,0,5,1,0,0,0,1
21,14,2,2,1,6,0,0,0,0,0
24,17,3,2,0,6,0,0,0,0,0
25,17,2,2,0,5,1,0,0,0,1
30,23,2,2,0,5,0,0,0,0,0
89,7,2,4,0,9,1,0,0,0,0
33,26,2,2,1,6,0,0,0,0,0
27,19,2,2,0,5,1,0,0,0,1
30,22,2,2,0,5,1,0,0,0,1
26,18,3,2,0,6,1,0,0,0,1
34,25,2,3,1,7,1,0,0,0,0
29,21,3,2,0,6,1,0,0,0,1
42,33,2,3,3,9,1,0,0,0,0
30,23,2,2,2,7,0,0,0,0,0
30,22,2,2,0,5,1,0,0,0,1
21,13,2,2,0,5,1,0,0,0,1
59,30,1,6,1,9,1,0,0,0,0
43,26,2,3,0,6,1,0,0,0,0
38,30,2,2,0,5,1,0,0,0,1
59,42,2,4,2,9,1,0,0,1,0
25,17,4,2,0,7,1,0,0,0,1
21,14,2,2,0,5,0,0,0,0,0
21,13,1,2,0,4,1,0,0,0,0
25,18,3,2,0,6,0,0,0,0,0
28,19,3,3,0,7,1,0,0,0,0
24,17,3,2,0,6,0,0,0,0,0
22,15,2,2,0,5,0,0,0,0,0
30,23,3,2,0,6,0,0,0,0,0
22,14,2,2,0,5,1,0,0,0,1
33,25,3,3,0,7,0,0,0,0,0
20,12,2,2,0,5,1,0,0,0,1
34,25,2,3,2,8,1,0,0,0,0
37,29,1,3,0,5,0,0,0,0,0
123,31,6,7,2,18,1,1,0,0,0
29,20,2,3,0,6,1,0,0,0,0
26,17,2,3,0,6,1,0,0,0,0
26,18,2,2,1,6,1,0,0,0,1
27,19,2,2,1,6,1,0,0,0,1
25,17,2,2,1,6,1,0,0,0,1
23,15,2,2,0,5,1,0,0,0,1
24,17,2,2,0,5,0,0,0,0,0
88,19,3,5,5,14,1,0,0,0,0
23,16,2,2,0,5,0,0,0,0,0
22,14,2,2,0,5,1,0,0,0,1
25,17,2,2,0,5,1,0,0,1,1
28,20,2,2,0,5,1,0,0,0,1
24,17,2,2,0,5,0,0,0,0,0
29,21,2,2,0,5,1,0,0,0,1
30,22,2,2,0,5,1,0,0,0,1
31,24,3,2,0,6,0,0,0,0,0
21,13,3,2,0,6,1,0,0,0,1
23,16,2,2,0,5,0,0,0,0,0
26,18,2,2,0,5,1,0,0,0,1
25,18,2,2,0,5,0,0,0,0,0
18,10,2,2,0,5,1,0,0,0,1
26,18,2,2,0,5,1,0,0,0,1
30,22,2,2,0,5,1,0,0,0,1
21,14,2,2,0,5,0,0,0,0,0
26,17,2,3,0,6,1,0,0,0,0
21,14,2,2,0,5,0,0,0,0,0
29,21,2,2,0,5,1,0,0,0,1
33,25,3,2,0,6,1,0,0,0,1
28,20,2,2,0,5,1,0,0,0,1
27,19,3,2,0,6,1,0,0,0,1
76,46,6,5,3,15,0,0,0,0,0
29,21,2,2,0,5,1,0,0,0,1
24,16,2,2,0,5,1,0,0,0,1
26,18,2,2,0,5,1,0,0,0,1
35,28,2,2,0,5,0,0,0,0,0
207,37,2,3,1,11,1,0,0,0,0
31,24,2,2,0,5,0,0,0,0,0
67,28,3,4,0,12,0,0,0,0,0
27,19,3,2,0,6,1,0,0,0,1
261,22,15,6,1,47,0,0,0,1,0
32,23,2,3,0,6,1,0,0,0,0
21,14,2,2,0,5,0,0,0,0,0
40,31,2,3,1,7,1,0,0,1,0
25,17,3,2,0,6,1,0,0,0,1
27,19,2,2,0,5,1,0,0,0,1
56,47,3,3,4,11,1,0,0,0,0
30,22,2,2,0,5,1,0,0,0,1
24,16,2,2,1,6,1,0,0,0,1
27,19,2,2,0,5,1,0,0,0,1
30,22,2,2,0,5,1,0,0,0,1
25,17,2,2,0,5,1,0,0,0,1
26,18,2,2,0,5,1,0,0,0,1
29,21,2,2,1,6,1,0,0,0,1
44,35,2,3,2,8,1,0,0,0,0
25,17,2,2,0,5,1,0,0,0,1
22,14,3,2,0,6,1,0,0,0,1
244,21,2,4,1,11,1,0,0,0,0
22,15,3,2,0,6,0,0,0,0,0
46,39,2,2,0,5,0,0,0,0,0
31,23,4,2,0,7,1,0,0,0,1
27,20,2,2,0,5,0,0,0,0,0
31,23,2,2,0,5,1,0,0,0,1
51,42,2,3,5,11,1,0,0,0,0
38,29,2,3,1,7,1,0,0,0,0
35,7,2,4,0,7,1,0,0,0,0
27,20,2,2,0,5,0,0,0,0,0
33,25,2,2,0,5,1,0,0,0,1
24,16,2,2,0,5,1,0,0,0,1
33,26,3,2,0,6,0,0,0,0,0
61,26,1,5,0,7,1,0,0,0,0
53,44,2,3,2,8,1,0,0,0,0
55,38,4,3,0,8,1,0,0,0,0
23,15,2,2,0,5,1,0,0,0,1
24,16,2,2,0,5,1,0,0,0,1
20,12,2,2,0,5,1,0,0,0,1
28,20,2,2,0,5,1,0,0,0,1
31,24,2,2,0,5,0,0,0,0,0
31,23,2,2,0,5,1,0,0,0,1
29,21,2,2,1,6,1,0,0,0,1
30,22,2,2,0,5,1,0,0,0,1
77,51,6,4,3,14,1,0,0,1,0
21,13,2,2,0,5,1,0,0,0,1
22,14,2,2,0,5,1,0,0,0,1
46,38,2,2,0,5,1,0,0,0,1
24,17,2,2,0,5,0,0,0,0,0
23,16,2,2,2,7,0,0,0,0,0
33,25,2,2,0,5,1,0,0,0,1
32,24,2,2,0,5,1,0,0,0,1
33,25,2,2,0,5,1,0,0,0,1
23,16,3,2,0,6,0,0,0,0,0
29,22,2,2,0,5,0,0,0,0,0
23,15,2,2,0,5,1,0,0,0,1
29,21,3,2,0,6,1,0,0,0,1
36,28,2,2,1,6,1,0,0,0,1
26,18,3,2,0,6,1,0,0,0,1
42,34,2,3,0,6,0,0,0,0,0
27,20,2,2,0,5,0,0,0,0,0
24,16,2,2,0,5,1,0,0,0,1
23,15,2,2,0,5,1,0,0,0,1
37,29,2,2,0,5,1,0,0,0,1
27,13,1,3,0,5,1,0,0,0,0
27,18,2,3,0,6,1,0,0,0,0
31,23,2,2,0,5,1,0,0,0,1
24,16,2,2,0,5,1,0,0,0,1
20,12,2,2,0,5,1,0,0,0,1
41,32,2,3,1,7,1,0,0,0,0
44,4,1,3,2,8,1,0,0,1,0
32,24,2,2,0,5,1,0,0,0,1
18,11,2,2,0,5,0,0,0,0,0
34,26,3,2,2,8,1,0,0,0,1
26,18,2,2,0,5,1,0,0,0,1
25,13,1,3,0,5,1,0,0,0,0
36,28,3,2,0,6,1,0,0,0,1
66,14,3,5,0,12,1,1,0,0,0
30,22,2,2,0,5,1,0,0,0,1
28,20,4,2,0,7,1,0,0,0,1
35,26,2,3,0,6,1,0,0,0,0
21,13,2,2,0,5,1,0,0,0,1
17,9,1,3,0,5,0,0,0,0,0
38,16,1,4,0,6,1,0,0,0,0
55,47,3,2,4,10,1,0,0,0,0
24,16,3,2,0,6,1,0,0,0,1
23,16,2,2,1,6,0,0,0,0,0
28,21,2,2,2,7,0,0,0,0,0
19,11,2,2,0,5,1,0,0,0,1
26,18,3,2,0,6,1,0,0,0,1
22,15,3,2,0,6,0,0,0,0,0
36,29,3,2,0,6,0,0,0,0,0
32,24,2,2,0,5,1,0,0,0,1
32,24,2,2,0,5,1,0,0,0,1
26,18,2,2,0,5,1,0,0,0,1
43,35,2,2,2,7,1,0,0,0,0
29,21,2,2,0,5,1,0,0,0,1
28,20,2,2,0,5,1,0,0,0,1
30,22,2,2,0,5,1,0,0,0,1
41,20,1,5,1,8,1,0,0,0,0
34,25,2,3,0,6,1,0,0,1,0
29,21,2,2,0,5,1,0,0,0,1
30,23,4,2,0,7,0,0,0,0,0
21,13,2,2,0,5,1,0,0,0,1
20,13,2,2,0,5,0,0,0,0,0
25,17,2,2,0,5,1,0,0,0,1
24,17,2,2,0,5,0,0,0,0,0
17,10,2,2,0,5,0,0,0,0,0
33,25,2,2,0,5,1,0,0,0,1
33,24,2,3,0,6,1,0,0,0,0
20,13,2,2,1,6,0,0,0,0,0
27,19,2,2,0,5,1,0,0,0,1
24,16,2,2,0,5,1,0,0,0,1
24,16,2,2,0,5,1,0,0,0,1
29,22,2,2,1,6,0,0,0,0,0
23,15,2,2,0,5,1,0,0,0,1
21,13,2,2,0,5,1,0,0,0,1
19,11,2,2,0,5,1,0,0,0,1
36,28,2,2,0,5,1,0,0,0,1
25,18,3,2,0,6,0,0,0,0,0
69,49,3,4,5,15,0,1,0,1,0
22,14,2,2,0,5,1,0,0,0,1
27,19,2,2,0,5,1,0,0,0,1
23,16,2,2,0,5,0,0,0,0,0
25,17,2,2,0,5,1,0,0,0,1
18,11,2,2,0,5,0,0,0,0,0
23,15,2,2,0,5,1,0,0,0,1
31,23,2,2,0,5,1,0,0,0,1
29,21,3,2,0,6,1,0,0,0,1
26,18,2,2,0,5,1,0,0,0,1
30,22,2,2,0,5,1,0,0,0,1
25,17,2,2,1,6,1,0,0,0,1
22,14,2,2,0,5,1,0,0,0,1
32,24,2,2,1,6,1,0,0,0,1
34,26,2,2,0,5,1,0,0,0,1
33,24,2,3,1,7,1,0,0,0,0
27,19,3,2,0,6,1,0,0,0,1
27,20,3,2,0,6,0,0,0,0,0
31,23,2,2,0,5,1,0,0,0,1
21,13,2,2,0,5,1,0,0,0,1
31,22,2,3,0,6,1,0,0,0,0
54,23,4,6,0,11,1,0,0,0,0
25,18,2,2,1,6,0,0,0,0,0
28,20,3,2,0,6,1,0,0,0,1
29,21,3,2,0,6,1,0,0,0,1
29,22,2,2,0,5,0,0,0,0,0
25,17,2,2,0,5,1,0,0,0,1
30,22,2,2,0,5,1,0,0,0,1
34,26,2,2,0,5,1,0,0,0,1
30,22,2,2,0,5,1,0,0,0,1
28,20,2,3,1,7,0,0,0,0,0
35,27,2,2,0,5,1,0,0,0,1
31,23,3,2,0,6,1,0,0,0,1
33,25,2,2,0,5,1,0,0,0,1
25,17,2,2,0,5,1,0,0,0,1
25,17,2,2,0,5,1,0,0,0,1
20,13,2,2,0,5,0,0,0,0,0
41,32,2,3,0,6,1,0,0,0,0
26,18,2,2,0,5,1,0,0,0,1
19,11,2,2,0,5,1,0,0,0,1
35,27,2,2,0,5,1,0,0,0,1
21,14,2,2,0,5,0,0,0,0,0
29,21,3,2,0,6,1,0,0,0,1
25,18,3,2,0,6,0,0,0,0,0
28,20,2,2,0,5,1,0,0,0,1
25,14,1,3,0,5,1,0,0,0,0
27,19,2,2,0,5,1,0,0,0,1
33,25,2,2,0,5,1,0,0,0,1
23,15,2,2,0,5,1,0,0,0,1
43,34,2,3,2,8,1,0,0,0,0
20,12,2,2,0,5,1,0,0,0,1
20,13,2,2,0,5,0,0,0,0,0
23,15,3,2,0,6,1,0,0,0,1
82,31,4,3,1,12,1,0,0,0,0
35,27,2,2,0,5,1,0,0,0,1
62,53,4,3,3,11,1,0,0,0,0
42,33,2,3,1,7,1,0,0,0,0
27,19,2,2,0,5,1,0,0,0,1
33,25,2,2,0,5,1,0,0,0,1
27,19,2,2,0,5,1,0,0,0,1
34,25,2,3,1,7,1,0,0,0,0
22,14,2,2,0,5,1,0,0,0,1
24,17,2,2,0,5,0,0,0,0,0
58,16,1,5,2,9,0,0,0,0,0
39,30,2,3,1,7,1,0,0,0,0
23,16,3,2,0,6,0,0,0,0,0
24,16,2,2,0,5,1,0,0,0,1
19,11,2,2,0,5,1,0,0,0,1
29,21,4,2,0,7,1,0,0,0,1
24,16,2,2,0,5,1,0,0,0,1
25,17,2,2,0,5,1,0,0,0,1
32,24,2,2,0,5,1,0,0,0,1
22,15,2,2,0,5,0,0,0,0,0
26,18,2,2,0,5,1,0,0,0,1
25,17,2,2,0,5,1,0,0,0,1
26,18,2,2,1,6,1,0,0,0,1
34,26,2,2,0,5,1,0,0,0,1
21,13,2,2,0,5,1,0,0,0,1
25,17,2,2,0,5,1,0,0,0,1
22,14,2,2,0,5,1,0,0,0,1
18,10,2,2,0,5,1,0,0,0,1
33,25,2,2,0,5,1,0,0,0,1
33,25,2,2,0,5,1,0,0,0,1
27,19,2,2,0,5,1,0,0,0,1
41,32,2,3,3,9,1,0,0,1,0
23,15,2,2,0,5,1,0,0,0,1
19,11,2,2,0,5,1,0,0,0,1
27,19,2,2,0,5,1,0,0,0,1
30,22,2,2,0,5,1,0,0,0,1
22,15,2,2,0,5,0,0,0,0,0
22,15,2,2,0,5,0,0,0,0,0
32,24,2,2,0,5,1,0,0,0,1
149,45,4,4,5,16,0,0,0,0,0
22,14,2,2,0,5,1,0,0,0,1
25,17,2,2,0,5,1,0,0,0,1
31,23,2,2,0,5,1,0,0,0,1
50,31,6,4,0,11,0,0,0,0,0
26,19,2,2,0,5,0,0,0,0,0
28,20,3,2,0,6,1,0,0,0,1
30,23,2,2,0,5,0,0,0,0,0
34,25,2,3,1,7,1,0,0,0,0
31,23,2,2,0,5,1,0,0,0,1
25,18,2,2,0,5,0,0,0,0,0
23,15,2,2,0,5,1,0,0,0,1
42,34,2,3,0,6,0,0,0,0,0
48,41,2,2,0,5,0,0,0,0,0
43,36,4,2,1,8,0,0,0,0,0
30,22,2,2,0,5,1,0,0,0,1
35,27,2,2,0,5,1,0,0,0,1
32,25,2,2,0,5,0,0,0,0,0
27,19,2,2,0,5,1,0,0,0,1
34,26,2,2,0,5,1,0,0,0,1
30,22,2,2,0,5,1,0,0,0,1
29,21,2,2,0,5,1,0,0,0,1
22,14,3,2,0,6,1,0,0,0,1
20,12,2,2,0,5,1,0,0,0,1
32,24,2,2,0,5,1,0,0,0,1
58,51,2,2,2,7,0,0,0,0,0
29,21,2,2,0,5,1,0,0,0,1
26,18,2,2,0,5,1,0,0,0,1
35,15,2,3,0,6,0,0,0,0,0
28,20,2,2,0,5,1,0,0,0,1
45,37,2,3,3,9,0,0,0,0,0
27,19,3,2,0,6,1,0,0,0,1
29,22,2,2,0,5,0,0,0,0,0
34,26,2,2,0,5,1,0,0,0,1
41,29,3,4,0,8,0,0,0,0,0
29,20,1,3,0,5,1,0,0,0,0
23,15,2,2,0,5,1,0,0,0,1
30,22,2,2,0,5,1,0,0,0,1
23,15,2,2,0,5,1,0,0,0,1
23,15,2,2,0,5,1,0,0,0,1
32,25,2,2,0,5,0,0,0,0,0
33,25,3,2,0,6,1,0,0,0,1
19,11,2,2,0,5,1,0,0,0,1
30,22,2,2,0,5,1,0,0,0,1
52,9,1,5,0,10,1,0,0,0,0
24,16,3,2,0,6,1,0,0,0,1
24,16,2,2,0,5,1,0,0,0,1
26,18,2,2,0,5,1,0,0,0,1
31,23,3,2,0,6,1,0,0,0,1
19,12,2,2,0,5,0,0,0,0,0
29,21,2,2,1,6,1,0,0,0,1
21,13,2,2,0,5,1,0,0,0,1
25,16,2,3,0,6,1,0,0,0,0
30,22,2,2,0,5,1,0,0,0,1
26,18,2,2,0,5,1,0,0,0,1
21,14,2,2,0,5,0,0,0,0,0
28,20,3,2,0,6,1,0,0,0,1
29,22,2,2,0,5,0,0,0,0,0
37,30,3,2,0,6,0,0,0,0,0
29,21,2,2,0,5,1,0,0,0,1
52,43,3,3,0,7,1,0,0,0,0
21,14,2,2,0,5,0,0,0,0,0
26,18,2,2,0,5,1,0,0,0,1
26,18,2,2,0,5,1,0,0,0,1
27,20,2,2,0,5,0,0,0,0,0
37,28,2,3,0,6,1,0,0,0,0
23,16,2,2,0,5,0,0,0,0,0
30,22,2,2,0,5,1,0,0,0,1
37,29,2,2,0,5,1,0,0,0,1
35,27,3,3,1,8,0,0,0,0,0
33,25,2,2,0,5,1,0,0,0,1
21,13,3,2,0,6,1,0,0,0,1
31,23,2,2,0,5,1,0,0,0,1
29,21,2,2,0,5,1,0,0,0,1
48,17,5,4,0,10,1,0,0,0,0
36,28,3,2,0,6,1,0,0,0,1
25,17,2,2,0,5,1,0,0,0,1
37,24,2,3,0,6,1,0,0,0,0
91,23,4,4,6,15,1,0,0,0,0
30,22,3,2,1,7,1,0,0,0,1
20,11,1,3,0,5,1,0,0,0,0
22,15,2,2,1,6,0,0,0,0,0
22,15,2,2,0,5,0,0,0,0,0
21,13,2,2,0,5,1,0,0,0,1
34,26,4,2,0,7,1,0,0,0,1
50,36,3,3,0,7,1,0,0,1,0
58,21,2,6,0,9,0,0,0,0,0
25,17,2,2,0,5,1,0,0,0,1
26,19,3,2,0,6,0,0,0,0,0
31,24,2,2,0,5,0,0,0,0,0
27,20,3,2,0,6,0,0,0,0,0
55,46,3,3,0,7,1,0,0,0,0
27,19,3,2,0,6,1,0,0,0,1
19,11,2,2,0,5,1,0,0,0,1
29,21,2,2,0,5,1,0,0,0,1
24,17,2,2,0,5,0,0,0,0,0
27,18,2,3,0,6,1,0,0,0,0
18,10,2,2,0,5,1,0,0,0,1
20,12,2,2,0,5,1,0,0,0,1
27,19,2,2,0,5,1,0,0,0,1
31,23,2,2,0,5,1,0,0,0,1
31,16,3,3,1,8,1,0,0,0,0
23,16,2,2,0,5,0,0,0,0,0
24,16,2,2,0,5,1,0,0,0,1
27,20,2,2,0,5,0,0,0,0,0
26,18,4,2,0,7,1,0,0,0,1
39,31,2,3,2,8,0,0,0,0,0
24,16,3,2,0,6,1,0,0,0,1
56,47,3,3,4,11,1,0,0,0,0
22,14,3,2,0,6,1,0,0,0,1
20,12,2,2,0,5,1,0,0,0,1
26,19,2,2,0,5,0,0,0,0,0
24,17,2,2,0,5,0,0,0,0,0
20,12,2,2,0,5,1,0,0,0,1
38,29,2,3,2,8,1,0,0,0,0
18,10,2,2,0,5,1,0,0,0,1
24,16,2,2,0,5,1,0,0,0,1
23,16,3,2,0,6,0,0,0,0,0
33,26,2,2,0,5,0,0,0,0,0
25,17,2,2,0,5,1,0,0,0,1
22,14,2,2,0,5,1,0,0,0,1
48,19,2,5,0,8,1,0,0,0,0
24,16,2,2,0,5,1,0,0,0,1
21,13,2,2,0,5,1,0,0,0,1
27,19,3,2,0,6,1,0,0,0,1
28,21,2,2,0,5,0,0,0,0,0
90,7,2,5,0,8,0,0,0,0,0
24,16,2,2,0,5,1,0,0,0,1
28,20,2,2,0,5,1,0,0,0,1
21,14,2,2,0,5,0,0,0,0,0
33,26,3,2,0,6,0,0,0,0,0
22,14,2,2,0,5,1,0,0,0,1
33,25,2,2,0,5,1,0,0,0,1
22,14,2,2,0,5,1,0,0,0,1
20,13,2,2,0,5,0,0,0,0,0
28,20,2,2,0,5,1,0,0,0,1
26,18,2,2,0,5,1,0,0,0,1
23,16,3,2,0,6,0,0,0,0,0
18,11,2,2,0,5,0,0,0,0,0
31,23,2,2,0,5,1,0,0,0,1
37,29,2,2,0,5,1,0,0,0,1
26,18,2,2,0,5,1,0,0,0,1
28,20,2,2,0,5,1,0,0,0,1
20,13,2,2,0,5,0,0,0,0,0
25,17,2,2,0,5,1,0,0,0,1
26,19,2,2,0,5,0,0,0,0,0
24,16,3,2,0,6,1,0,0,0,1
29,21,3,2,0,6,1,0,0,0,1
30,22,2,2,0,5,1,0,0,0,1
19,12,2,2,0,5,0,0,0,0,0
25,17,2,2,1,6,1,0,0,0,1
27,19,3,2,0,6,1,0,0,0,1
22,15,2,2,0,5,0,0,0,0,0
23,15,2,2,0,5,1,0,0,0,1
33,25,2,2,0,5,1,0,0,0,1
27,18,2,3,0,6,1,0,0,0,0
28,20,2,2,0,5,1,0,0,0,1
24,17,2,2,0,5,0,0,0,0,0
36,28,2,2,0,5,1,0,0,0,1
29,21,2,2,0,5,1,0,0,0,1
32,24,2,2,0,5,1,0,0,0,1
22,15,2,2,0,5,0,0,0,0,0
56,23,1,6,1,9,1,0,0,0,0
21,13,2,2,0,5,1,0,0,0,1
25,17,2,2,0,5,1,0,0,0,1
29,22,3,2,0,6,0,0,0,0,0
34,26,3,2,0,6,1,0,0,0,1
23,16,2,2,1,6,0,0,0,0,0
24,17,3,2,0,6,0,0,0,0,0
29,21,2,2,0,5,1,0,0,0,1
27,20,3,2,0,6,0,0,0,0,0
24,17,2,2,0,5,0,0,0,0,0
31,14,2,4,1,8,0,0,0,0,0
45,37,2,2,0,5,1,0,0,0,1
34,26,2,2,0,5,1,0,0,0,1
29,22,2,2,0,5,0,0,0,0,0
29,21,2,2,0,5,1,0,0,0,1
28,20,2,2,0,5,1,0,0,0,1
25,18,3,2,0,6,0,0,0,0,0
27,20,3,2,0,6,0,0,0,0,0
33,25,3,2,0,6,1,0,0,0,1
27,20,2,2,0,5,0,0,0,0,0
29,21,3,2,0,6,1,0,0,0,1
37,30,2,2,0,5,0,0,0,0,0
25,17,2,2,0,5,1,0,0,0,1
29,21,2,2,0,5,1,0,0,0,1
24,17,3,2,0,6,0,0,0,0,0
22,14,2,2,0,5,1,0,0,0,1
19,12,2,2,0,5,0,0,0,0,0
29,21,2,2,0,5,1,0,0,0,1
27,20,2,2,0,5,0,0,0,0,0
40,32,2,3,2,8,0,0,0,0,0
27,19,2,2,0,5,1,0,0,0,1
73,57,5,3,2,11,0,0,0,0,0
59,51,4,3,2,10,0,0,0,0,0
24,16,3,2,0,6,1,0,0,0,1
32,24,2,2,0,5,1,0,0,0,1
26,18,2,3,0,6,0,0,0,0,0
28,20,2,2,0,5,1,0,0,0,1
41,21,4,3,0,8,1,0,0,0,0
21,13,2,2,0,5,1,0,0,0,1
43,34,2,3,0,6,1,0,0,0,0
36,28,2,2,0,5,1,0,0,0,1
33,25,2,2,0,5,1,0,0,0,1
27,19,2,2,1,6,1,0,0,0,1
31,11,1,3,0,5,0,0,0,0,0
32,24,2,2,0,5,1,0,0,0,1
23,16,2,2,0,5,0,0,0,0,0
39,31,2,2,0,5,1,0,0,0,1
24,16,2,2,0,5,1,0,0,0,1
27,20,2,2,0,5,0,0,0,0,0
29,21,2,2,0,5,1,0,0,0,1
30,22,2,2,0,5,1,0,0,0,1
31,23,2,2,0,5,1,0,0,0,1
30,22,2,2,0,5,1,0,0,0,1
91,7,2,5,0,8,1,0,0,0,0
25,17,2,2,1,6,1,0,0,0,1
27,19,4,2,0,7,1,0,0,0,1
92,35,3,9,2,15,0,0,0,1,0
23,16,2,2,0,5,0,0,0,0,0
34,27,2,2,0,5,0,0,0,0,0
24,17,3,2,0,6,0,0,0,0,0
24,16,2,2,0,5,1,0,0,0,1
29,21,2,2,0,5,1,0,0,0,1
29,21,3,2,0,6,1,0,0,0,1
28,20,2,2,0,5,1,0,0,0,1
27,19,2,2,0,5,1,0,0,0,1
22,15,2,2,0,5,0,0,0,0,0
21,13,3,2,0,6,1,0,0,0,1
36,27,2,3,1,7,1,0,0,0,0
39,31,2,3,0,6,0,0,0,1,0
24,17,2,2,1,6,0,0,0,0,0
27,20,2,2,1,6,0,0,0,1,0
31,23,2,2,0,5,1,0,0,0,1
29,22,2,2,0,5,0,0,0,0,0
24,16,2,2,0,5,1,0,0,0,1
28,20,4,2,0,7,1,0,0,0,1
24,16,2,2,0,5,1,0,0,0,1
23,15,3,2,0,6,1,0,0,0,1
34,18,2,4,0,7,1,0,0,0,0
99,90,3,3,0,7,1,0,0,0,0
32,24,2,2,1,6,1,0,0,0,1
17,9,2,2,0,5,1,0,0,0,1
28,20,2,2,0,5,1,0,0,0,1
31,23,2,2,0,5,1,0,0,0,1
27,19,2,2,0,5,1,0,0,0,1
21,13,2,2,0,5,1,0,0,0,1
33,25,3,2,0,6,1,0,0,0,1
29,21,2,2,1,6,1,0,0,0,1
24,17,2,2,0,5,0,0,0,0,0
28,20,3,2,0,6,1,0,0,0,1
16,8,1,3,0,5,0,0,0,0,0
29,21,2,2,0,5,1,0,0,0,1
36,27,2,3,1,7,1,0,0,0,0
54,27,2,3,0,6,1,0,0,0,0
58,17,1,4,0,11,1,0,0,0,0
38,12,2,5,0,9,1,0,0,0,0
44,28,2,3,0,6,1,0,0,1,0
39,31,2,2,1,6,1,0,0,0,1
27,19,2,2,0,5,1,0,0,0,1
31,24,2,2,0,5,0,0,0,1,0
25,18,3,2,0,6,0,0,0,0,0
26,18,2,2,0,5,1,0,0,0,1
28,20,2,2,1,6,1,0,0,0,1
34,26,3,2,0,6,1,0,0,0,1
34,25,2,3,1,7,1,0,0,0,0
21,14,2,2,0,5,0,0,0,0,0
22,14,2,2,0,5,1,0,0,0,1
26,18,2,2,1,6,1,0,0,0,1
23,15,2,2,0,5,1,0,0,0,1
32,24,2,2,0,5,1,0,0,0,1
28,20,2,2,0,5,1,0,0,0,1
22,14,2,2,0,5,1,0,0,0,1
32,24,2,2,0,5,1,0,0,0,1
41,32,2,3,1,7,1,0,0,0,0
30,22,2,2,1,6,1,0,0,0,1
30,23,2,2,0,5,0,0,0,0,0
28,20,2,2,0,5,1,0,0,0,1
77,8,4,8,2,19,1,0,0,0,0
26,18,2,2,0,5,1,0,0,0,1
24,16,2,2,0,5,1,0,0,0,1
27,19,3,2,0,6,1,0,0,0,1
34,26,2,2,0,5,1,0,0,0,1
23,16,2,2,0,5,0,0,0,0,0
22,14,2,2,0,5,1,0,0,0,1
22,15,3,2,0,6,0,0,0,0,0
21,13,2,2,0,5,1,0,0,0,1
30,22,2,2,0,5,1,0,0,0,1
24,16,2,2,0,5,1,0,0,0,1
26,17,1,3,0,5,1,0,0,0,0
24,16,2,2,0,5,1,0,0,0,1
23,16,2,2,0,5,0,0,0,0,0
39,31,3,2,0,6,1,0,0,0,1
28,20,2,2,0,5,1,0,0,0,1
29,21,3,2,1,7,1,0,0,0,1
30,22,2,3,0,6,0,0,0,0,0
26,18,2,2,0,5,1,0,0,0,1
22,15,2,2,0,5,0,0,0,0,0
46,37,2,3,0,6,1,0,0,0,0
26,18,2,2,0,5,1,0,0,0,1
33,25,2,2,0,5,1,0,0,0,1
28,20,2,2,0,5,1,0,0,0,1
26,18,3,2,0,6,1,0,0,0,1
48,39,5,3,0,9,1,0,0,0,0
25,18,2,2,0,5,0,0,0,0,0
56,14,4,4,0,13,0,0,1,0,0
24,17,3,2,0,6,0,0,0,0,0
23,16,2,2,0,5,0,0,0,0,0
48,39,2,3,1,7,1,0,0,0,0
26,18,1,3,0,5,0,0,0,0,0
21,14,2,2,0,5,0,0,0,0,0
27,19,2,2,0,5,1,0,0,0,1
38,29,2,3,0,6,1,0,0,0,0
33,24,2,3,0,6,1,0,0,0,0
37,29,2,2,0,5,1,0,0,0,1
32,24,3,2,0,6,1,0,0,0,1
28,20,2,2,0,5,1,0,0,0,1
15,8,1,2,0,4,0,0,0,0,0
58,22,4,4,0,9,1,0,0,1,0
34,26,2,2,0,5,1,0,0,0,1
30,22,2,2,0,5,1,0,0,0,1
29,21,2,2,0,5,1,0,0,0,1
32,24,2,2,0,5,1,0,0,0,1
32,23,2,3,2,8,1,0,0,0,0
26,18,2,2,0,5,1,0,0,0,1
66,21,2,7,1,11,0,0,0,0,0
27,19,2,2,0,5,1,0,0,0,1
29,21,2,2,0,5,1,0,0,0,1
21,13,2,2,0,5,1,0,0,0,1
23,16,2,2,0,5,0,0,0,0,0
19,11,2,2,0,5,1,0,0,0,1
56,12,2,4,2,9,1,0,0,0,0
29,21,2,2,0,5,1,0,0,0,1
20,13,2,2,0,5,0,0,0,0,0
27,18,2,3,0,6,1,0,0,0,0
36,27,2,3,2,8,1,0,0,0,0
29,21,2,2,0,5,1,0,0,0,1
28,21,2,2,0,5,0,0,0,0,0
102,24,7,4,0,14,1,1,0,0,0
35,28,2,2,1,6,0,0,0,0,0
80,7,2,5,0,8,1,0,0,0,0
28,20,3,2,0,6,1,0,0,0,1
29,21,2,2,0,5,1,0,0,0,1
27,19,2,2,0,5,1,0,0,0,1
22,14,2,2,0,5,1,0,0,0,1
36,27,2,3,1,7,1,0,0,0,0
24,16,2,2,0,5,1,0,0,0,1
28,20,2,2,0,5,1,0,0,0,1
24,16,2,2,1,6,1,0,0,0,1
42,34,2,2,0,5,1,0,0,0,0
24,16,2,2,0,5,1,0,0,0,1
25,17,2,2,0,5,1,0,0,0,1
403,14,16,11,1,66,0,0,1,1,0
21,13,2,2,0,5,1,0,0,0,1
18,10,2,2,0,5,1,0,0,0,1
29,21,2,2,0,5,1,0,0,0,1
23,15,2,2,0,5,1,0,0,0,1
25,17,2,2,0,5,1,0,0,0,1
26,18,3,2,0,6,1,0,0,0,1
34,25,2,3,0,6,1,0,0,0,0
34,26,3,2,0,6,1,0,0,0,1
23,16,2,2,0,5,0,0,0,0,0
31,22,2,3,1,7,1,0,0,0,0
93,7,2,5,0,8,1,0,0,0,0
23,15,2,2,0,5,1,0,0,0,1
26,19,2,2,1,6,0,0,0,0,0
30,22,2,2,0,5,1,0,0,0,1
39,13,1,3,0,5,1,0,0,1,0
29,21,2,2,0,5,1,0,0,0,1
33,25,2,2,0,5,1,0,0,0,1
19,12,2,2,0,5,0,0,0,0,0
30,22,2,2,0,5,1,0,0,0,1
23,16,2,2,0,5,0,0,0,0,0
25,17,2,2,0,5,1,0,0,0,1
23,15,2,2,0,5,1,0,0,0,1
34,25,2,3,1,7,1,0,0,0,0
27,19,2,2,0,5,1,0,0,0,1
39,30,2,3,2,8,1,0,0,0,0
23,15,2,2,0,5,1,0,0,0,1
34,25,2,3,1,7,1,0,0,0,0
27,20,2,2,0,5,0,0,0,0,0
33,25,2,2,0,5,1,0,0,0,1
20,13,2,2,0,5,0,0,0,0,0
35,27,2,2,0,5,1,0,0,0,1
23,15,2,2,0,5,1,0,0,0,1
41,32,2,3,0,6,1,0,0,0,0
24,16,2,2,0,5,1,0,0,0,1
40,32,2,2,0,5,1,0,0,0,1
92,17,1,3,1,6,0,0,0,0,0
37,28,1,3,1,6,1,0,0,0,0
120,16,2,5,1,13,1,0,0,0,0
34,26,2,2,0,5,1,0,0,0,1
24,17,2,2,0,5,0,0,0,0,0
27,19,2,2,0,5,1,0,0,0,1
41,33,2,2,0,5,1,0,0,0,1
31,23,2,2,0,5,1,0,0,0,1
26,18,2,2,0,5,1,0,0,0,1
40,31,2,3,0,6,1,0,0,0,0
23,15,2,2,0,5,1,0,0,0,1
43,35,2,2,0,5,1,0,0,0,1
32,24,2,2,0,5,1,0,0,0,1
22,14,2,2,0,5,1,0,0,0,1
20,12,2,2,0,5,1,0,0,0,1
29,21,3,2,0,6,1,0,0,0,1
30,23,3,2,0,6,0,0,0,0,0
26,19,2,2,0,5,0,0,0,0,0
37,29,2,2,0,5,1,0,0,0,1
30,22,2,2,0,5,1,0,0,0,1
20,13,2,2,0,5,0,0,0,0,0
22,14,3,2,0,6,1,0,0,0,1
34,26,2,2,1,6,1,0,0,0,1
20,13,3,2,0,6,0,0,0,0,0
33,25,2,2,2,7,1,0,0,0,1
24,17,2,2,1,6,0,0,0,0,0
21,14,2,2,0,5,0,0,0,0,0
35,27,2,2,0,5,1,0,0,0,1
20,12,2,2,0,5,1,0,0,0,1
25,18,2,2,1,6,0,0,0,0,0
33,25,2,2,1,6,1,0,0,0,1
22,15,2,2,0,5,0,0,0,0,0
32,24,2,2,0,5,1,0,0,0,1
22,14,2,2,0,5,1,0,0,0,1
62,14,2,6,3,12,1,0,0,0,0
24,16,2,2,0,5,1,0,0,0,1
31,23,3,2,0,6,1,0,0,0,1
118,27,5,8,1,26,0,1,0,1,0
33,25,2,2,0,5,1,0,0,0,1
25,18,2,2,0,5,0,0,0,0,0
34,26,2,2,0,5,1,0,0,0,1
23,15,2,2,0,5,1,0,0,0,1
34,26,2,2,0,5,1,0,0,0,1
32,24,4,2,0,7,1,0,0,0,1
26,18,2,2,0,5,1,0,0,0,1
25,17,2,2,1,6,1,0,0,0,1
17,10,2,2,0,5,0,0,0,0,0
30,22,2,2,0,5,1,0,0,0,1
29,20,2,3,1,7,1,0,0,0,0
36,28,2,2,0,5,1,0,0,0,1
24,17,2,2,0,5,0,0,0,0,0
21,13,2,2,0,5,1,0,0,0,1
47,40,3,2,0,6,0,0,0,0,0
27,19,2,2,0,5,1,0,0,0,1
20,12,2,2,0,5,1,0,0,0,1
26,18,2,2,0,5,1,0,0,0,0
31,23,2,3,0,6,0,0,0,0,0
30,22,2,2,0,5,1,0,0,0,1
30,22,2,2,0,5,1,0,0,0,1
26,18,3,2,0,6,1,0,0,0,1
27,19,2,2,0,5,1,0,0,0,1
20,13,2,2,0,5,0,0,0,0,0
35,27,2,2,0,5,1,0,0,0,1
34,25,2,3,2,8,1,0,0,0,0
25,17,2,2,0,5,1,0,0,0,1
106,7,3,5,0,11,1,1,0,0,0
36,28,2,2,1,6,1,0,0,0,1
23,16,3,2,0,6,0,0,0,0,0
36,27,2,3,0,6,1,0,0,0,0
21,14,2,2,0,5,0,0,0,0,0
28,21,3,2,0,6,0,0,0,0,0
23,15,3,2,0,6,1,0,0,0,1
62,43,3,3,2,11,1,1,0,0,0
36,28,2,2,0,5,1,0,0,0,1
34,26,2,2,0,5,1,0,0,0,1
31,23,2,2,0,5,1,0,0,0,1
31,24,2,2,0,5,0,0,0,0,0
35,27,2,2,0,5,1,0,0,0,1
28,20,2,2,0,5,1,0,0,0,1
26,18,2,2,0,5,1,0,0,0,1
18,10,2,2,0,5,1,0,0,0,1
29,21,1,3,0,5,0,0,0,0,0
37,28,2,3,1,7,1,0,0,0,0
24,17,3,2,0,6,0,0,0,0,0
35,27,2,2,0,5,1,0,0,0,1
66,27,2,4,0,11,0,0,0,0,0
34,26,2,2,1,6,1,0,0,0,1
31,24,2,2,0,5,0,0,0,0,0
36,28,2,2,0,5,1,0,0,0,1
23,16,2,2,1,6,0,0,0,0,0
24,16,3,2,0,6,1,0,0,0,1
47,19,3,3,3,10,1,0,0,0,0
25,17,2,2,0,5,1,0,0,0,1
74,46,5,5,3,14,1,0,0,0,0
35,27,2,2,0,5,1,0,0,0,1
29,21,2,2,0,5,1,0,0,0,1
21,14,2,2,0,5,0,0,0,0,0
179,39,3,4,3,15,1,0,0,0,0
33,24,2,3,0,6,1,0,0,0,0
26,19,2,2,0,5,0,0,0,0,0
22,14,3,2,0,6,1,0,0,0,1
34,25,2,3,1,7,1,0,0,0,0
56,47,3,3,4,11,1,0,0,0,0
30,23,2,2,2,7,0,0,0,0,0
30,22,2,2,0,5,1,0,0,0,1
23,16,2,2,0,5,0,0,0,0,0
24,16,2,2,0,5,1,0,0,0,1
22,15,2,2,0,5,0,0,0,0,0
41,32,2,3,2,8,1,0,0,0,0
30,19,2,3,0,6,1,0,0,0,0
18,10,2,2,0,5,1,0,0,0,1
34,26,2,2,0,5,1,0,0,0,1
22,15,3,2,0,6,0,0,0,0,0
19,10,1,3,0,5,1,0,0,0,0
54,36,4,4,2,11,1,0,0,1,0
26,18,2,2,0,5,1,0,0,0,1
26,18,2,2,0,5,1,0,0,0,1
24,16,2,2,0,5,1,0,0,0,1
27,19,2,2,0,5,1,0,0,0,1
64,20,2,6,1,10,1,0,0,0,0
42,34,2,2,0,5,1,0,0,0,1
29,21,2,2,1,6,1,0,0,0,1
31,23,2,2,0,5,1,0,0,0,1
28,21,2,2,0,5,0,0,0,0,0
25,18,2,2,0,5,0,0,0,0,0
19,12,2,2,0,5,0,0,0,0,0
25,17,2,2,0,5,1,0,0,0,1
31,23,2,2,0,5,1,0,0,0,1
23,15,2,2,0,5,1,0,0,0,1
26,18,2,2,0,5,1,0,0,0,1
32,25,2,2,0,5,0,0,0,0,0
27,19,2,2,0,5,1,0,0,0,1
32,24,2,2,0,5,1,0,0,0,1
24,16,2,2,0,5,1,0,0,0,1
55,46,3,3,0,7,1,0,0,0,0
37,30,2,2,0,5,0,0,0,0,0
54,34,3,3,2,9,1,0,0,0,0
32,24,2,2,0,5,1,0,0,0,1
40,32,2,2,0,5,1,0,0,0,1
38,31,3,2,1,7,0,0,0,0,0
28,20,2,2,0,5,1,0,0,0,1
22,15,2,2,0,5,0,0,0,0,0
50,41,2,3,3,9,1,0,0,1,0
23,15,2,2,0,5,1,0,0,0,1
29,21,3,2,0,6,1,0,0,0,1
20,12,2,2,0,5,1,0,0,0,1
32,24,2,2,0,5,1,0,0,0,1
26,18,2,2,0,5,1,0,0,0,1
22,14,2,2,0,5,1,0,0,0,1
29,21,4,2,0,7,1,0,0,0,1
31,23,2,2,0,5,1,0,0,0,1
26,18,2,2,0,5,1,0,0,0,1
143,15,2,7,1,13,1,0,0,0,0
107,29,1,6,2,16,1,0,0,0,0
33,25,3,2,0,6,1,0,0,0,1
27,20,3,2,1,7,0,0,0,0,0
27,19,2,2,0,5,1,0,0,0,1
28,20,3,2,0,6,1,0,0,0,1
29,21,2,2,0,5,1,0,0,0,1
25,17,2,2,0,5,1,0,0,0,1
26,18,3,2,0,6,1,0,0,0,1
30,23,2,2,1,6,0,0,0,0,0
21,13,2,2,0,5,1,0,0,0,1
27,19,2,2,0,5,1,0,0,0,1
27,19,2,2,0,5,1,0,0,0,1
43,36,4,2,3,10,0,0,0,0,0
18,11,2,2,0,5,0,0,0,0,0
27,19,2,2,0,5,1,0,0,0,1
31,23,2,2,0,5,1,0,0,0,1
32,24,2,2,0,5,1,0,0,0,1
26,18,3,2,0,6,1,0,0,0,1
98,31,4,5,1,13,1,0,0,1,0
32,24,2,2,0,5,1,0,0,0,1
41,32,2,3,0,6,1,0,0,0,0
29,21,2,2,0,5,1,0,0,0,1
26,18,2,2,0,5,1,0,0,0,1
39,30,2,3,0,6,1,0,0,0,0
20,13,2,2,0,5,0,0,0,0,0
25,17,2,2,0,5,1,0,0,0,1
55,47,3,2,4,10,1,0,0,0,0
121,27,6,5,0,20,1,1,0,0,0
31,23,2,2,0,5,1,0,0,0,1
22,14,2,2,0,5,1,0,0,0,1
21,13,2,2,0,5,1,0,0,0,1
24,16,3,2,0,6,1,0,0,0,1
24,16,2,2,0,5,1,0,0,0,1
20,13,2,2,0,5,0,0,0,0,0
28,20,2,2,0,5,1,0,0,0,1
28,20,3,2,0,6,1,0,0,0,1
29,21,2,2,0,5,1,0,0,0,1
22,14,2,2,0,5,1,0,0,0,1
82,30,3,7,2,13,1,0,0,0,0
22,14,2,2,0,5,1,0,0,0,1
27,19,2,2,0,5,1,0,0,0,1
27,19,2,2,0,5,1,0,0,0,1
21,13,1,3,0,5,0,0,0,0,0
33,24,2,3,0,6,1,0,0,0,0
22,15,2,2,0,5,0,0,0,0,0
37,29,2,2,0,5,1,0,0,0,1
74,59,2,3,4,10,0,0,0,0,0
24,17,2,2,0,5,0,0,0,0,0
33,25,2,2,0,5,1,0,0,0,1
24,16,2,2,0,5,1,0,0,0,1
27,19,2,2,0,5,1,0,0,0,1
19,12,2,2,0,5,0,0,0,0,0
48,41,2,2,0,5,0,0,0,0,0
23,15,3,2,0,6,1,0,0,0,1
24,16,2,2,0,5,1,0,0,0,1
37,29,2,2,3,8,1,0,0,0,1
29,21,2,2,0,5,1,0,0,0,1
22,15,2,2,0,5,0,0,0,0,0
24,16,2,2,0,5,1,0,0,0,1
32,24,2,2,0,5,1,0,0,0,1
40,31,2,3,1,7,1,0,0,0,0
22,15,2,2,0,5,0,0,0,0,0
93,74,4,3,0,8,1,0,0,0,0
30,23,2,2,0,5,0,0,0,0,0
25,18,3,2,0,6,0,0,0,0,0
28,21,2,2,0,5,0,0,0,0,0
22,14,2,3,0,6,0,0,0,0,0
25,16,2,3,1,7,1,0,0,0,0
33,26,3,2,0,6,0,0,0,0,0
56,47,3,3,2,9,1,0,0,0,0
23,16,2,2,0,5,0,0,0,0,0
51,42,2,3,3,9,1,0,0,0,0
22,14,2,2,0,5,1,0,0,0,1
24,17,2,2,0,5,0,0,0,0,0
25,8,1,3,0,5,1,0,0,0,0
36,28,2,2,2,7,1,0,0,0,1
50,23,3,4,0,8,0,0,0,0,0
26,18,2,2,0,5,1,0,0,0,1
31,23,2,2,0,5,1,0,0,0,1
21,13,2,2,0,5,1,0,0,0,1
26,18,2,2,0,5,1,0,0,0,1
30,22,2,2,0,5,1,0,0,0,1
31,23,2,2,0,5,1,0,0,0,1
24,17,2,2,0,5,0,0,0,0,0
24,17,2,2,0,5,0,0,0,0,0
23,16,2,2,0,5,0,0,0,0,0
24,17,3,2,0,6,0,0,0,0,0
26,18,2,2,1,6,1,0,0,0,1
31,24,2,2,0,5,0,0,0,0,0
46,38,2,2,0,5,1,0,0,0,1
23,16,2,2,0,5,0,0,0,0,0
28,20,2,2,0,5,1,0,0,0,1
25,17,2,2,0,5,1,0,0,0,1
46,39,2,2,0,5,0,0,0,0,0
51,44,4,2,3,10,0,0,0,0,0
23,15,1,3,0,5,0,0,0,0,0
30,22,2,2,0,5,1,0,0,0,1
29,21,2,2,0,5,1,0,0,0,1
54,36,4,4,2,11,1,0,0,1,0
26,18,2,2,0,5,1,0,0,0,1
26,18,2,2,0,5,1,0,0,0,1
23,15,2,2,0,5,1,0,0,0,1
29,21,2,2,0,5,1,0,0,0,1
27,19,2,2,0,5,1,0,0,0,1
19,12,2,2,0,5,0,0,0,0,0
27,19,2,2,0,5,1,0,0,0,1
27,20,2,2,0,5,0,0,0,0,0
29,21,2,2,1,6,1,0,0,0,1
26,18,2,2,0,5,1,0,0,0,1
32,25,2,2,0,5,0,0,0,0,0
207,52,4,7,2,34,0,0,0,1,0
24,16,2,2,0,5,1,0,0,0,1
23,16,3,2,0,6,0,0,0,0,0
33,26,2,2,2,7,0,0,0,0,0
28,20,3,2,0,6,1,0,0,0,1
23,16,2,2,0,5,0,0,0,0,0
27,18,2,3,0,6,1,0,0,0,0
25,18,3,2,0,6,0,0,0,0,0
19,11,2,2,0,5,1,0,0,0,1
30,22,2,2,0,5,1,0,0,0,1
23,15,2,2,0,5,1,0,0,0,1
27,19,2,2,0,5,1,0,0,0,1
26,18,2,2,0,5,1,0,0,0,1
27,18,2,3,0,6,1,0,0,0,0
29,21,2,2,0,5,1,0,0,0,1
24,17,2,2,0,5,0,0,0,0,0
31,23,2,2,0,5,1,0,0,0,1
25,17,3,2,0,6,1,0,0,0,1
86,19,3,5,5,14,1,0,0,0,0
44,35,3,3,2,9,1,0,0,0,0
34,26,2,2,0,5,1,0,0,0,1
23,16,2,2,0,5,0,0,0,0,0
25,17,2,2,0,5,1,0,0,0,1
23,16,3,2,0,6,0,0,0,0,0
22,15,2,2,0,5,0,0,0,0,0
333,25,7,4,4,63,1,0,0,1,0
22,14,2,2,0,5,1,0,0,0,1
19,12,2,2,0,5,0,0,0,0,0
32,10,4,4,0,9,1,0,0,0,0
48,19,1,5,0,7,1,0,0,0,0
24,17,2,2,0,5,0,0,0,0,0
22,15,2,2,0,5,0,0,0,0,0
26,18,2,2,0,5,1,0,0,0,1
49,40,2,3,4,10,1,0,0,0,0
29,22,2,2,0,5,0,0,0,0,0
17,9,1,3,0,5,0,0,0,0,0
43,35,2,2,0,5,1,0,0,0,1
25,17,2,2,0,5,1,0,0,0,1
34,26,2,2,0,5,1,0,0,0,1
29,21,2,2,1,6,1,0,0,0,1
22,14,2,2,0,5,1,0,0,0,1
28,20,2,2,0,5,1,0,0,0,1
24,16,3,2,0,6,1,0,0,0,1
22,13,2,3,0,6,1,0,0,0,0
29,21,2,2,0,5,1,0,0,0,1
47,17,1,3,0,6,1,0,0,0,0
50,43,5,2,2,10,0,0,0,0,0
26,18,2,2,1,6,1,0,0,0,1
33,25,2,2,0,5,1,0,0,0,1
24,16,2,2,0,5,1,0,0,0,1
45,37,3,3,0,7,0,0,0,0,0
27,20,2,2,0,5,0,0,0,0,0
29,21,2,2,0,5,1,0,0,0,1
36,19,2,5,0,8,0,0,0,0,0
28,20,2,2,0,5,1,0,0,0,1
26,19,2,2,0,5,0,0,0,0,0
20,13,2,2,0,5,0,0,0,0,0
31,23,2,2,0,5,1,0,0,0,1
55,47,3,3,4,11,0,0,0,0,0
33,25,2,2,0,5,1,0,0,0,1
30,22,2,2,1,6,1,0,0,0,1
20,13,2,2,0,5,0,0,0,0,0
38,30,2,2,0,5,1,0,0,0,1
22,14,2,2,0,5,1,0,0,0,1
28,20,3,2,0,6,1,0,0,0,1
21,13,2,2,0,5,1,0,0,0,1
34,26,2,2,1,6,1,0,0,0,1
20,13,2,2,1,6,0,0,0,0,0
38,30,2,2,0,5,1,0,0,0,1
22,14,2,2,0,5,1,0,0,0,1
24,16,2,2,0,5,1,0,0,0,1
27,19,2,2,1,6,1,0,0,0,1
26,19,2,2,0,5,0,0,0,0,0
26,18,2,2,0,5,1,0,0,0,1
47,39,3,2,0,6,1,0,0,0,1
29,21,2,2,0,5,1,0,0,0,1
25,17,2,2,0,5,1,0,0,0,1
29,20,2,3,0,6,1,0,0,0,0
28,20,2,2,0,5,1,0,0,0,1
27,19,2,2,0,5,1,0,0,0,1
24,16,2,2,0,5,1,0,0,0,1
16,9,2,2,0,5,0,0,0,0,0
24,16,2,2,0,5,1,0,0,0,1
55,46,2,3,2,8,1,0,0,1,0
30,22,2,2,0,5,1,0,0,0,1
29,21,2,2,0,5,1,0,0,0,1
30,22,2,2,0,5,1,0,0,0,1
26,18,2,2,0,5,1,0,0,0,1
25,17,2,2,1,6,1,0,0,0,1
27,19,2,2,0,5,1,0,0,0,1
36,27,2,3,1,7,1,0,0,0,0
28,21,2,2,0,5,0,0,0,0,0
27,19,2,2,0,5,1,0,0,0,1
25,17,2,2,0,5,1,0,0,0,1
32,24,2,2,0,5,1,0,0,0,1
21,14,2,2,0,5,0,0,0,0,0
24,17,3,2,0,6,0,0,0,0,0
23,15,2,2,0,5,1,0,0,0,1
37,23,1,4,0,6,1,0,0,0,0
40,33,4,2,2,9,0,0,0,0,0
25,18,2,2,0,5,0,0,0,0,0
28,20,2,2,0,5,1,0,0,0,1
23,15,2,2,0,5,1,0,0,0,1
23,16,2,2,0,5,0,0,0,0,0
21,13,2,2,0,5,1,0,0,0,1
31,23,2,2,0,5,1,0,0,0,1
29,21,2,2,0,5,1,0,0,0,1
26,18,2,2,0,5,1,0,0,0,1
31,24,2,2,0,5,0,0,0,0,0
32,24,2,2,1,6,1,0,0,0,1
24,16,3,2,0,6,1,0,0,0,1
26,18,2,2,0,5,1,0,0,0,1
28,20,2,2,0,5,1,0,0,0,1
34,26,2,2,1,6,1,0,0,0,1
29,22,2,2,0,5,0,0,0,0,0
25,17,2,2,0,5,1,0,0,0,1
82,74,3,3,0,7,0,0,0,0,0
97,25,8,6,1,24,1,0,0,1,0
28,21,2,2,0,5,0,0,0,0,0
24,16,2,2,0,5,1,0,0,0,1
32,24,2,2,0,5,1,0,0,0,1
33,25,3,2,0,6,1,0,0,0,1
30,22,3,2,0,6,1,0,0,0,1
30,22,3,2,0,6,1,0,0,0,1
31,23,2,2,0,5,1,0,0,0,1
26,18,2,2,0,5,1,0,0,0,1
30,22,2,2,0,5,1,0,0,0,1
25,17,2,2,1,6,1,0,0,0,1
32,25,3,2,0,6,0,0,0,0,0
25,18,2,2,0,5,0,0,0,0,0
22,14,2,2,0,5,1,0,0,0,1
44,13,2,4,0,7,1,0,0,0,0
25,18,2,2,1,6,0,0,0,0,0
21,13,2,2,0,5,1,0,0,0,1
28,20,2,2,0,5,1,0,0,0,1
32,24,3,2,0,6,1,0,0,0,1
20,12,2,2,0,5,1,0,0,0,1
21,13,2,2,0,5,1,0,0,0,1
25,17,2,2,1,6,1,0,0,0,1
23,16,2,2,1,6,0,0,0,0,0
32,24,2,2,0,5,1,0,0,0,1
31,12,2,3,0,6,1,0,0,0,0
28,20,3,2,0,6,1,0,0,0,1
24,16,2,2,0,5,1,0,0,0,1
28,21,2,2,0,5,0,0,0,0,0
27,19,2,2,0,5,1,0,0,0,1
22,14,2,2,0,5,1,0,0,0,1
21,13,2,2,0,5,1,0,0,0,1
25,17,2,2,0,5,1,0,0,0,1
22,15,2,2,0,5,0,0,0,0,0
27,19,2,2,0,5,1,0,0,0,1
44,16,2,3,0,8,1,0,0,0,0
32,25,3,2,1,7,0,0,0,0,0
31,23,2,2,0,5,1,0,0,0,1
33,25,2,2,0,5,1,0,0,0,1
22,14,2,2,0,5,1,0,0,0,1
33,26,3,2,0,6,0,0,0,0,0
46,4,1,3,0,8,1,0,0,1,0
31,22,2,3,1,7,1,0,0,0,0
38,29,1,3,1,6,1,0,0,0,0
27,19,2,2,0,5,1,0,0,0,1
34,26,2,2,0,5,1,0,0,0,1
21,13,2,2,0,5,1,0,0,0,1
38,30,2,2,2,7,1,0,0,0,1
35,27,2,2,0,5,1,0,0,0,1
35,27,2,2,1,6,1,0,0,0,1
19,11,2,2,0,5,1,0,0,0,1
28,21,2,2,0,5,0,0,0,0,0
24,16,2,2,0,5,1,0,0,0,1
31,23,2,2,0,5,1,0,0,0,1
24,16,2,2,0,5,1,0,0,0,1
21,13,2,2,0,5,1,0,0,0,1
55,21,1,6,1,9,1,0,0,0,0
30,22,2,2,0,5,1,0,0,0,1
36,28,3,2,1,7,1,0,0,0,1
28,19,2,3,2,8,1,0,0,0,0
27,20,3,2,0,6,0,0,0,0,0
28,20,3,2,0,6,1,0,0,0,1
28,21,2,2,0,5,0,0,0,0,0
29,21,2,2,0,5,1,0,0,0,1
31,14,2,3,0,6,1,0,0,0,0
34,26,3,2,0,6,1,0,0,0,1
30,22,2,2,0,5,1,0,0,0,1
23,16,2,2,0,5,0,0,0,0,0
21,13,3,2,0,6,1,0,0,0,1
22,15,3,2,0,6,0,0,0,0,0
25,18,3,2,0,6,0,0,0,0,0
29,21,3,2,0,6,1,0,0,0,1
27,19,2,2,1,6,1,0,0,0,1
30,22,2,2,0,5,1,0,0,0,1
21,13,2,2,0,5,1,0,0,0,1
24,16,3,2,0,6,1,0,0,0,1
23,15,3,2,0,6,1,0,0,0,1
29,20,2,3,1,7,1,0,0,0,0
33,26,2,2,0,5,0,0,0,0,0
34,26,2,2,0,5,1,0,0,0,1
28,20,3,2,0,6,1,0,0,0,1
34,26,2,2,0,5,1,0,0,0,1
43,35,2,2,2,7,1,0,0,0,0
33,25,2,2,0,5,1,0,0,0,1
107,29,1,5,2,16,1,0,0,0,0
28,20,2,2,0,5,1,0,0,0,1
24,16,1,3,0,5,0,0,0,0,0
24,16,2,2,0,5,1,0,0,0,1
26,9,2,3,0,6,1,0,0,0,0
25,18,2,2,1,6,0,0,0,0,0
21,14,2,2,0,5,0,0,0,0,0
29,21,2,2,0,5,1,0,0,0,1
33,25,2,2,1,6,1,0,0,0,1
23,15,2,2,0,5,1,0,0,0,1
26,19,2,2,0,5,0,0,0,0,0
30,23,3,2,0,6,0,0,0,0,0
22,14,2,2,0,5,1,0,0,0,1
33,25,2,2,1,6,1,0,0,0,1
32,24,3,2,0,6,1,0,0,0,1
43,35,2,3,1,7,0,0,0,0,0
25,18,3,2,0,6,0,0,0,0,0
36,29,3,2,0,6,0,0,0,0,0
25,17,2,2,0,5,1,0,0,0,1
39,32,4,2,0,7,0,0,0,0,0
27,20,2,2,0,5,0,0,0,0,0
18,10,2,2,0,5,1,0,0,0,1
26,18,2,2,0,5,1,0,0,0,1
30,23,3,2,0,6,0,0,0,0,0
23,15,2,2,0,5,1,0,0,0,1
27,18,2,3,0,6,1,0,0,0,0
23,16,2,2,0,5,0,0,0,0,0
24,16,2,2,0,5,1,0,0,0,1
48,11,2,5,1,9,1,0,0,0,0
31,23,2,2,0,5,1,0,0,0,1
25,17,2,2,1,6,1,0,0,0,1
27,19,3,2,0,6,1,0,0,0,1
29,21,2,2,0,5,1,0,0,0,1
25,17,1,3,0,5,0,0,0,0,0
28,21,2,2,2,7,0,0,0,0,0
23,16,2,2,0,5,0,0,0,0,0
68,40,5,4,0,10,1,0,0,1,0
21,13,2,2,0,5,1,0,0,0,1
36,29,2,2,0,5,0,0,0,0,0
21,13,3,2,0,6,1,0,0,0,1
31,23,2,2,0,5,1,0,0,0,1
23,14,1,3,0,5,1,0,0,0,0
55,20,2,5,0,8,0,0,0,0,0
27,20,2,2,1,6,0,0,0,0,0
29,21,2,2,1,6,1,0,0,0,1
25,17,2,2,0,5,1,0,0,0,1
33,24,2,3,0,6,1,0,0,0,0
64,55,3,3,4,11,1,0,0,0,0
56,48,2,3,3,9,0,0,0,0,0
230,78,5,3,13,31,1,0,0,0,0
22,14,2,2,0,5,1,0,0,0,1
25,17,2,2,0,5,1,0,0,0,1
26,18,2,2,0,5,1,0,0,0,1
26,18,3,2,0,6,1,0,0,0,1
27,19,2,2,0,5,1,0,0,0,1
25,17,2,2,0,5,1,0,0,0,1
33,25,2,2,0,5,1,0,0,0,1
45,38,5,2,2,10,0,0,0,0,0
29,21,2,2,0,5,1,0,0,0,1
48,18,1,3,0,7,1,0,0,0,0
21,13,3,2,0,6,1,0,0,0,1
47,38,2,3,3,9,1,0,0,0,0
27,20,3,2,0,6,0,0,0,0,0
34,27,2,2,0,5,0,0,0,0,0
88,13,3,5,0,11,1,0,0,0,0
24,15,1,3,0,5,1,0,0,0,0
30,22,2,2,0,5,1,0,0,0,1
25,17,2,2,0,5,1,0,0,0,1
26,19,2,2,1,6,0,0,0,0,0
22,15,2,2,1,6,0,0,0,0,0
22,14,2,2,0,5,1,0,0,0,1
27,20,2,2,0,5,0,0,0,0,0
22,14,3,2,0,6,1,0,0,0,1
24,16,2,2,0,5,1,0,0,0,1
27,19,2,2,0,5,1,0,0,0,1
29,21,2,2,0,5,1,0,0,0,1
33,25,2,2,0,5,1,0,0,0,1
29,21,3,2,0,6,1,0,0,0,1
24,16,2,2,0,5,1,0,0,0,1
26,18,2,2,0,5,1,0,0,0,1
39,30,2,3,0,6,1,0,0,1,0
28,20,2,2,0,5,1,0,0,0,1
29,21,2,2,0,5,1,0,0,0,1
40,32,2,2,0,5,1,0,0,0,1
30,23,3,2,0,6,0,0,0,0,0
53,46,3,2,2,8,0,0,0,0,0
26,19,3,2,0,6,0,0,0,0,0
22,14,2,2,0,5,1,0,0,0,1
34,27,2,2,2,7,0,0,0,0,0
34,25,2,3,1,7,1,0,0,0,0
23,16,2,2,0,5,0,0,0,0,0
28,21,3,2,0,6,0,0,0,0,0
23,15,2,2,0,5,1,0,0,0,1
31,23,2,2,0,5,1,0,0,0,1
28,20,2,2,0,5,1,0,0,0,1
21,13,3,2,0,6,1,0,0,0,1
32,24,2,3,0,6,0,0,0,0,0
33,25,2,2,0,5,1,0,0,0,1
30,22,2,2,0,5,1,0,0,0,1
32,25,3,2,0,6,0,0,0,0,0
35,9,1,3,0,5,1,0,0,0,0
24,16,2,2,0,5,1,0,0,0,1
29,22,3,2,0,6,0,0,0,0,0
27,19,2,2,0,5,1,0,0,0,1
21,14,2,2,1,6,0,0,0,0,0
19,11,2,2,0,5,1,0,0,0,1
27,18,2,3,0,6,1,0,0,0,0
24,16,2,2,0,5,1,0,0,0,1
32,24,2,2,0,5,1,0,0,0,1
24,16,2,2,0,5,1,0,0,0,1
28,21,2,2,0,5,0,0,0,0,0
28,20,2,2,0,5,1,0,0,0,1
23,16,2,2,0,5,0,0,0,0,0
27,19,2,2,0,5,1,0,0,0,1
24,16,3,2,0,6,1,0,0,0,1
23,16,2,2,0,5,0,0,0,0,0
27,20,3,2,0,6,0,0,0,0,0
27,20,2,2,0,5,0,0,0,0,0
28,20,2,2,1,6,1,0,0,0,1
23,15,2,2,0,5,1,0,0,0,1
25,17,2,2,0,5,1,0,0,0,1
23,15,3,2,0,6,1,0,0,0,1
29,21,2,2,0,5,1,0,0,0,1
21,14,2,2,0,5,0,0,0,0,0
29,21,3,2,0,6,1,0,0,0,1
22,15,2,2,0,5,0,0,0,0,0
24,17,2,2,1,6,0,0,0,0,0
42,35,2,2,1,6,0,0,0,0,0
22,14,2,2,0,5,1,0,0,0,1
127,8,1,3,0,9,1,0,0,0,0
37,29,3,2,0,6,1,0,0,0,1
32,18,1,4,0,6,1,0,0,0,0
29,21,2,2,0,5,1,0,0,0,1
31,23,2,2,0,5,1,0,0,0,1
21,13,3,3,0,7,0,0,1,0,0
35,27,2,2,0,5,1,0,0,0,1
29,21,2,2,1,6,1,0,0,0,1
22,14,3,2,0,6,1,0,0,0,1
26,18,2,2,0,5,1,0,0,0,1
28,21,3,2,0,6,0,0,0,0,0
22,14,2,2,0,5,1,0,0,0,1
24,17,2,2,1,6,0,0,0,0,0
27,19,2,2,0,5,1,0,0,0,1
25,17,2,2,0,5,1,0,0,0,1
24,17,2,2,0,5,0,0,0,0,0
151,37,2,6,2,11,0,0,0,0,0
38,31,4,2,0,7,0,0,0,0,0
22,7,1,3,0,5,1,0,0,0,0
55,47,3,2,4,10,1,0,0,0,0
21,13,2,2,0,5,1,0,0,0,1
18,10,2,2,0,5,1,0,0,0,1
17,10,2,2,0,5,0,0,0,0,0
23,16,2,2,0,5,0,0,0,0,0
25,17,2,2,0,5,1,0,0,0,1
37,29,2,2,2,7,1,0,0,0,1
18,10,2,2,0,5,1,0,0,0,1
36,28,2,2,0,5,1,0,0,0,1
42,13,1,3,2,7,1,0,0,1,0
26,18,2,2,0,5,1,0,0,0,1
22,14,3,2,0,6,1,0,0,0,1
30,23,2,2,0,5,0,0,0,0,0
20,13,2,2,0,5,0,0,0,0,0
53,32,3,4,4,12,1,0,0,1,0
41,25,2,3,1,7,1,0,0,0,0
23,16,2,2,0,5,0,0,0,0,0
46,37,3,3,2,9,1,0,0,0,0
30,22,2,2,0,5,1,0,0,0,1
24,16,2,2,0,5,1,0,0,0,1
17,10,2,2,0,5,0,0,0,0,0
26,18,2,2,0,5,1,0,0,0,1
23,15,2,2,0,5,1,0,0,0,1
53,19,3,5,0,9,1,0,0,1,0
37,29,2,2,0,5,1,0,0,0,1
29,22,2,2,0,5,0,0,0,0,0
23,14,2,3,0,6,1,0,0,0,0
37,29,2,2,0,5,1,0,0,0,1
19,11,2,2,0,5,1,0,0,0,1
24,17,2,2,1,6,0,0,0,0,0
21,14,2,2,1,6,0,0,0,0,0
26,18,3,2,0,6,1,0,0,0,1
26,19,2,2,0,5,0,0,0,0,0
34,26,2,2,1,6,1,0,0,0,1
31,23,2,2,0,5,1,0,0,0,1
26,18,2,2,0,5,1,0,0,0,1
21,13,2,2,0,5,1,0,0,0,1
23,15,2,2,0,5,1,0,0,0,1
24,16,2,2,0,5,1,0,0,0,1
29,21,2,2,0,5,1,0,0,0,1
31,23,2,2,0,5,1,0,0,0,1
40,32,2,2,0,5,1,0,0,0,1
115,74,5,3,0,12,1,1,0,0,0
23,15,2,2,0,5,1,0,0,0,1
34,4,1,3,0,8,1,0,0,0,0
20,13,2,2,0,5,0,0,0,0,0
28,20,3,2,0,6,1,0,0,0,1
30,22,2,2,0,5,1,0,0,0,1
25,17,2,2,0,5,1,0,0,0,1
65,7,1,7,1,11,1,0,0,0,0
31,23,2,2,0,5,1,0,0,0,1
29,22,2,2,0,5,0,0,0,0,0
21,14,2,2,0,5,0,0,0,0,0
37,29,2,2,0,5,1,0,0,0,1
24,16,2,2,0,5,1,0,0,0,1
41,32,2,3,2,8,1,0,0,0,0
28,21,2,2,2,7,0,0,0,0,0
19,11,2,2,0,5,1,0,0,0,1
24,16,2,2,0,5,1,0,0,0,1
31,24,3,2,1,7,0,0,0,0,0
55,26,2,3,0,6,1,0,0,0,0
25,17,2,2,0,5,1,0,0,0,1
35,27,3,2,0,6,1,0,0,0,1
26,18,2,2,0,5,1,0,0,0,1
29,21,2,2,0,5,1,0,0,0,1
26,18,2,2,0,5,1,0,0,0,1
24,15,2,3,1,7,1,0,0,0,0
20,13,2,2,0,5,0,0,0,0,0
31,24,3,2,0,6,0,0,0,0,0
18,11,2,2,0,5,0,0,0,0,0
23,15,3,2,0,6,1,0,0,0,1
26,18,2,2,0,5,1,0,0,0,1
83,11,3,10,0,14,0,0,0,0,0
29,21,3,2,0,6,1,0,0,0,1
56,30,4,3,2,10,1,0,0,0,0
27,19,2,2,0,5,1,0,0,0,1
29,21,2,2,0,5,1,0,0,0,1
25,17,2,2,0,5,1,0,0,0,1
23,15,2,2,0,5,1,0,0,0,1
31,23,2,2,0,5,1,0,0,0,1
22,15,2,2,0,5,0,0,0,0,0
26,18,2,2,0,5,1,0,0,0,1
32,25,3,2,0,6,0,0,0,0,0
26,18,2,2,0,5,1,0,0,0,1
29,22,2,2,0,5,0,0,0,0,0
28,20,3,2,0,6,1,0,0,0,1
31,23,2,2,0,5,1,0,0,0,1
30,22,2,2,0,5,1,0,0,0,1
31,23,2,2,0,5,1,0,0,0,1
36,28,2,2,0,5,1,0,0,0,1
31,23,3,2,1,7,1,0,0,0,1
29,21,2,2,0,5,1,0,0,0,1
26,18,4,2,0,7,1,0,0,0,1
31,23,2,2,0,5,1,0,0,0,1
32,23,2,3,1,7,1,0,0,1,0
31,23,2,2,0,5,1,0,0,0,1
27,20,2,2,1,6,0,0,0,0,0
34,25,2,3,1,7,1,0,0,0,0
28,20,2,2,0,5,1,0,0,0,1
23,15,2,2,0,5,1,0,0,0,1
16,9,2,2,0,5,0,0,0,0,0
21,13,2,2,0,5,1,0,0,0,1
21,13,2,2,0,5,1,0,0,0,1
21,14,2,2,0,5,0,0,0,0,0
56,47,3,3,4,11,1,0,0,0,0
35,21,2,3,0,6,0,0,0,0,0
37,29,3,2,0,6,1,0,0,0,0
85,36,6,5,2,15,1,0,0,0,0
22,13,1,3,0,5,1,0,0,0,0
25,18,2,2,0,5,0,0,0,0,0
61,52,2,3,5,11,1,0,0,0,0
34,27,3,2,0,6,0,0,0,0,0
23,15,2,2,0,5,1,0,0,0,1
34,25,2,3,1,7,1,0,0,0,0
35,26,2,3,1,7,1,0,0,0,0
27,19,2,2,0,5,1,0,0,0,1
35,26,2,3,0,6,1,0,0,0,0
28,20,2,2,0,5,1,0,0,0,1
33,25,3,2,0,6,1,0,0,0,1
19,12,2,2,0,5,0,0,0,0,0
39,31,2,2,0,5,1,0,0,0,1
30,22,2,2,0,5,1,0,0,0,1
32,25,2,2,0,5,0,0,0,0,0
24,16,2,2,0,5,1,0,0,0,1
36,29,2,2,1,6,0,0,0,0,0
25,18,2,2,1,6,0,0,0,0,0
26,19,2,2,0,5,0,0,0,0,0
28,20,3,2,0,6,1,0,0,0,1
20,12,2,2,0,5,1,0,0,0,1
22,14,1,3,1,6,0,0,0,0,0
25,17,2,2,0,5,1,0,0,0,1
29,22,3,2,0,6,0,0,0,0,0
35,27,2,2,0,5,1,0,0,0,1
37,29,3,2,1,7,1,0,0,0,1
30,22,2,2,0,5,1,0,0,0,1
23,15,3,2,0,6,1,0,0,0,1
22,14,2,2,0,5,1,0,0,0,1
23,15,2,2,0,5,1,0,0,0,1
18,10,2,2,0,5,1,0,0,0,1
50,31,6,4,0,11,0,0,0,0,0
34,26,2,2,0,5,1,0,0,0,1
24,17,2,2,1,6,0,0,0,0,0
21,13,2,2,0,5,1,0,0,0,1
32,24,2,2,1,6,1,0,0,0,1
25,17,2,2,0,5,1,0,0,0,1
29,21,3,2,0,6,1,0,0,0,1
25,17,2,2,0,5,1,0,0,0,1
34,26,2,2,0,5,1,0,0,0,1
24,16,2,2,0,5,1,0,0,0,1
27,19,2,2,0,5,1,0,0,0,1
22,15,2,2,1,6,0,0,0,0,0
32,24,3,2,0,6,1,0,0,0,1
22,15,2,2,0,5,0,0,0,0,0
25,18,2,2,0,5,0,0,0,0,0
27,19,2,2,0,5,1,0,0,0,1
21,13,2,2,1,6,1,0,0,0,1
33,26,2,2,0,5,0,0,0,0,0
50,41,2,3,5,11,1,0,0,0,0
66,25,2,8,0,12,1,1,0,0,0
20,12,2,2,0,5,1,0,0,0,1
29,20,1,3,1,6,1,0,0,0,0
30,22,2,2,0,5,1,0,0,0,1
26,18,2,2,0,5,1,0,0,0,1
32,24,2,2,0,5,1,0,0,0,1
23,15,2,2,0,5,1,0,0,0,1
41,32,2,3,2,8,1,0,0,0,0
21,14,2,2,0,5,0,0,0,0,0
30,22,2,2,0,5,1,0,0,0,1
136,23,5,16,0,31,1,0,0,0,0
22,14,2,2,0,5,1,0,0,0,1
25,18,2,2,0,5,0,0,0,0,0
35,26,2,3,0,6,1,0,0,0,0
27,19,2,2,0,5,1,0,0,0,1
51,42,2,3,0,6,1,0,0,1,0
27,19,2,2,0,5,1,0,0,0,1
22,15,2,2,0,5,0,0,0,0,0
28,21,3,2,0,6,0,0,0,0,0
21,14,2,2,0,5,0,0,0,0,0
26,19,2,2,1,6,0,0,0,0,0
23,16,2,2,0,5,0,0,0,0,0
22,15,2,2,0,5,0,0,0,0,0
36,27,2,3,0,6,1,0,0,0,0
30,23,3,2,0,6,0,0,0,0,0
35,27,2,2,0,5,1,0,0,0,1
19,12,2,2,0,5,0,0,0,0,0
211,52,4,7,2,35,0,0,0,1,0
31,23,2,2,0,5,1,0,0,0,1
30,21,2,3,0,6,1,0,0,0,0
33,25,3,2,0,6,1,0,0,0,1
21,14,2,2,0,5,0,0,0,0,0
45,30,3,4,3,11,1,0,0,0,0
40,31,3,3,1,8,1,0,0,0,0
30,22,2,2,0,5,1,0,0,0,1
36,28,3,2,1,7,1,0,0,0,0
37,29,2,3,0,6,0,0,0,0,0
23,15,2,2,0,5,1,0,0,0,1
29,21,2,2,0,5,1,0,0,0,1
34,25,2,3,1,7,1,0,0,0,0
77,20,2,4,0,17,1,0,0,0,0
27,20,3,2,0,6,0,0,0,0,0
34,25,2,3,0,6,1,0,0,0,0
27,19,2,2,0,5,1,0,0,0,1
29,21,3,2,1,7,1,0,0,0,1
50,31,6,4,0,11,0,0,0,0,0
27,20,2,2,0,5,0,0,0,0,0
26,19,2,2,0,5,0,0,0,0,0
62,12,1,3,1,6,0,0,0,0,0
20,13,2,2,0,5,0,0,0,0,0
81,37,4,5,4,16,1,0,0,0,0
22,14,2,2,0,5,1,0,0,0,1
23,16,2,2,0,5,0,0,0,0,0
23,15,3,2,0,6,1,0,0,0,1
66,10,1,4,1,8,1,0,0,0,0
20,13,2,2,0,5,0,0,0,0,0
27,19,2,2,0,5,1,0,0,0,1
50,31,6,4,0,11,0,0,0,0,0
25,17,2,2,1,6,1,0,0,0,1
213,74,4,3,0,10,0,0,0,0,0
149,45,4,4,5,16,0,0,0,0,0
37,29,3,2,0,6,1,0,0,0,1
62,40,3,4,2,10,1,0,0,0,0
31,23,3,2,0,6,1,0,0,0,1
24,16,2,2,1,6,1,0,0,0,1
39,30,2,3,1,7,1,0,0,0,0
30,22,2,2,0,5,1,0,0,0,1
25,18,2,2,1,6,0,0,0,0,0
26,18,2,2,0,5,1,0,0,0,1
26,18,3,2,0,6,1,0,0,0,1
34,26,3,2,0,6,1,0,0,0,1
32,24,2,2,0,5,1,0,0,0,1
32,24,3,2,0,6,1,0,0,0,1
54,45,2,3,3,9,1,0,0,0,0
25,17,2,2,0,5,1,0,0,0,1
28,20,2,2,1,6,1,0,0,0,1
34,25,2,3,1,7,1,0,0,0,0
23,16,1,2,0,4,0,0,0,0,0
46,13,2,4,0,7,0,0,0,1,0
23,16,2,2,0,5,0,0,0,0,0
31,23,2,2,0,5,1,0,0,0,1
43,34,2,3,2,8,1,0,0,0,0
38,31,4,2,2,9,0,0,0,0,0
29,21,2,2,0,5,1,0,0,0,1
22,15,2,2,1,6,0,0,0,1,0
22,14,2,2,0,5,1,0,0,0,1
31,23,2,2,0,5,1,0,0,0,1
31,23,2,2,0,5,1,0,0,0,1
23,15,2,2,0,5,1,0,0,0,1
24,16,2,2,0,5,1,0,0,0,1
27,19,2,2,0,5,1,0,0,0,1
22,15,3,2,0,6,0,0,0,0,0
25,18,2,2,0,5,0,0,0,0,0
28,20,3,2,0,6,1,0,0,0,0
28,20,2,2,0,5,1,0,0,0,1
27,19,2,2,0,5,1,0,0,0,1
26,17,2,3,0,6,1,0,0,0,0
26,18,2,2,0,5,1,0,0,0,1
41,33,3,2,0,6,1,0,0,0,1
36,28,2,2,0,5,1,0,0,0,1
26,18,2,2,0,5,1,0,0,0,1
32,15,2,3,0,6,1,0,0,0,0
29,21,3,2,0,6,1,0,0,0,1
31,23,2,2,0,5,1,0,0,0,1
25,17,2,2,0,5,1,0,0,0,1
30,23,4,2,0,7,0,0,0,0,0
49,17,4,4,0,9,1,0,0,1,0
35,27,3,2,0,6,1,0,0,0,1
20,12,2,2,0,5,1,0,0,0,1
31,24,3,2,0,6,0,0,0,0,0
25,17,2,2,0,5,1,0,0,0,1
29,21,2,2,1,6,1,0,0,0,1
25,17,2,2,0,5,1,0,0,0,1
31,22,2,3,0,6,1,0,0,0,0
24,16,3,2,0,6,1,0,0,0,1
23,16,2,2,0,5,0,0,0,0,0
35,26,2,3,0,6,1,0,0,0,0
50,36,5,3,2,11,0,0,0,0,0
29,22,2,2,0,5,0,0,0,0,0
27,20,3,2,0,6,0,0,0,0,0
26,18,2,2,0,5,1,0,0,0,1
38,30,2,2,0,5,1,0,0,0,1
28,21,3,2,0,6,0,0,0,0,0
25,17,2,2,0,5,1,0,0,0,1
29,21,2,2,0,5,1,0,0,0,1
42,33,2,3,2,8,1,0,0,0,0
29,20,2,3,2,8,1,0,0,0,0
33,25,2,2,2,7,1,0,0,0,1
34,26,2,2,0,5,1,0,0,0,1
18,11,2,2,0,5,0,0,0,0,0
21,13,2,2,1,6,1,0,0,0,1
41,34,3,2,0,6,0,0,0,0,0
28,20,2,2,0,5,1,0,0,0,1
30,23,3,2,0,6,0,0,0,0,0
47,38,5,3,0,9,1,0,0,0,0
29,22,2,2,0,5,0,0,0,0,0
34,25,2,3,1,7,1,0,0,0,0
28,20,2,2,0,5,1,0,0,0,1
26,18,3,2,0,6,1,0,0,0,1
24,16,2,2,0,5,1,0,0,0,1
27,20,3,2,0,6,0,0,0,0,0
21,13,2,2,0,5,1,0,0,0,1
29,21,2,3,0,6,0,0,0,0,0
25,18,2,2,0,5,0,0,0,0,0
17,10,2,2,0,5,0,0,0,0,0
23,15,2,2,0,5,1,0,0,0,1
27,20,3,2,0,6,0,0,0,0,0
33,24,3,3,0,7,1,0,0,0,0
20,13,2,2,0,5,0,0,0,0,0
21,14,2,2,0,5,0,0,0,0,0
25,18,2,2,0,5,0,0,0,0,0
23,15,3,2,0,6,1,0,0,0,1
33,25,2,2,0,5,1,0,0,0,1
26,18,2,2,0,5,1,0,0,0,1
30,23,2,2,0,5,0,0,0,0,0
94,19,3,5,5,14,1,0,0,1,0
21,13,2,2,0,5,1,0,0,0,1
23,15,3,2,0,6,1,0,0,0,1
19,11,2,2,0,5,1,0,0,0,1
30,22,3,2,0,6,1,0,0,0,1
26,18,2,2,0,5,1,0,0,0,1
25,18,3,2,1,7,0,0,0,0,0
29,21,2,2,0,5,1,0,0,0,1
25,18,2,2,0,5,0,0,0,0,0
29,21,2,2,1,6,1,0,0,0,1
21,14,2,2,0,5,0,0,0,0,0
21,14,2,2,0,5,0,0,0,0,0
34,26,2,2,1,6,1,0,0,0,1
29,21,2,2,0,5,1,0,0,0,1
25,17,2,2,0,5,1,0,0,0,1
24,16,2,2,0,5,1,0,0,0,1
39,32,2,2,1,6,0,0,0,0,0
54,17,2,7,1,11,1,0,0,0,0
31,22,2,3,0,6,1,0,0,0,0
30,22,2,2,0,5,1,0,0,0,1
30,22,2,2,0,5,1,0,0,0,1
20,12,2,2,0,5,1,0,0,0,1
28,20,2,2,0,5,1,0,0,0,1
26,18,2,2,0,5,1,0,0,0,1
34,26,3,2,0,6,1,0,0,0,1
29,21,2,2,0,5,1,0,0,0,1
24,16,2,2,0,5,1,0,0,0,1
30,22,2,2,0,5,1,0,0,0,1
20,13,2,2,0,5,0,0,0,0,0
41,26,3,3,2,9,1,0,0,0,0
22,14,2,2,0,5,1,0,0,0,1
30,23,2,2,0,5,0,0,0,0,0
22,14,2,2,0,5,1,0,0,0,1
26,18,3,2,0,6,1,0,0,0,1
22,14,3,2,0,6,1,0,0,0,1
24,16,2,2,0,5,1,0,0,0,1
20,12,2,2,0,5,1,0,0,0,1
23,15,2,2,0,5,1,0,0,0,1
22,14,2,2,0,5,1,0,0,0,1
31,24,3,2,0,6,0,0,0,0,0
112,32,2,4,2,9,1,0,0,0,0
45,37,4,2,1,8,1,0,0,1,0
32,24,2,2,0,5,1,0,0,0,0
36,28,2,3,0,6,0,0,0,0,0
23,16,2,2,1,6,0,0,0,0,0
27,19,2,2,0,5,1,0,0,0,1
21,13,2,2,0,5,1,0,0,0,1
22,14,3,2,0,6,1,0,0,0,1
22,14,2,2,0,5,1,0,0,0,1
27,18,2,3,0,6,1,0,0,0,0
35,27,2,2,0,5,1,0,0,0,1
28,20,2,2,0,5,1,0,0,0,1
23,15,2,2,0,5,1,0,0,0,1
36,20,2,3,0,6,1,0,0,0,0
36,28,2,2,0,5,1,0,0,0,1
26,19,2,2,0,5,0,0,0,0,0
29,21,2,2,0,5,1,0,0,0,1
23,15,2,2,0,5,1,0,0,0,1
20,12,2,2,0,5,1,0,0,0,1
29,21,2,2,0,5,1,0,0,0,1
21,13,2,2,0,5,1,0,0,0,1
50,41,2,3,3,9,1,0,0,0,0
39,28,2,4,0,8,1,0,0,0,0
27,19,2,2,1,6,1,0,0,0,1
24,17,3,2,0,6,0,0,0,0,0
35,27,2,2,0,5,1,0,0,0,1
23,16,2,2,0,5,0,0,0,0,0
23,15,2,2,0,5,1,0,0,0,1
19,12,2,2,0,5,0,0,0,0,0
72,21,4,3,0,11,1,1,0,0,0
99,19,2,11,1,16,1,0,0,0,0
16,9,2,2,0,5,0,0,0,0,0
37,29,2,2,0,5,1,0,0,0,1
32,23,4,3,0,8,1,0,0,0,0
22,14,2,2,0,5,1,0,0,0,1
34,26,2,2,1,6,1,0,0,0,1
40,32,2,2,1,6,1,0,0,0,1
32,24,2,2,0,5,1,0,0,0,1
29,22,2,2,0,5,0,0,0,0,0
25,18,3,2,0,6,0,0,0,0,0
26,19,3,2,0,6,0,0,0,0,0
27,19,2,2,0,5,1,0,0,0,1
43,35,2,2,2,7,1,0,0,0,1
31,23,2,2,0,5,1,0,0,0,1
36,28,2,2,0,5,1,0,0,0,1
27,19,2,2,0,5,1,0,0,0,1
23,16,2,2,0,5,0,0,0,0,0
28,20,2,2,0,5,1,0,0,0,1
32,24,2,2,0,5,1,0,0,0,1
31,16,1,4,0,6,1,0,0,0,0
23,15,2,2,0,5,1,0,0,0,1
38,30,2,2,0,5,1,0,0,0,1
20,12,2,2,0,5,1,0,0,0,1
32,24,2,2,0,5,1,0,0,0,1
33,25,2,2,0,5,1,0,0,0,1
30,22,2,2,0,5,1,0,0,0,1
25,18,2,2,1,6,0,0,0,0,0
30,22,2,2,0,5,1,0,0,0,1
23,15,2,2,0,5,1,0,0,0,1
25,17,2,2,0,5,1,0,0,0,1
20,12,2,2,0,5,1,0,0,0,1
26,19,3,2,0,6,0,0,0,0,0
39,31,4,3,0,8,0,0,0,0,0
31,22,2,3,0,6,1,0,0,0,0
27,19,2,2,1,6,1,0,0,0,1
47,38,2,3,4,10,1,0,0,0,0
29,21,2,2,0,5,1,0,0,0,1
50,14,2,5,0,8,0,0,0,0,0
33,13,3,3,0,7,0,0,0,0,0
22,14,2,2,1,6,1,0,0,0,1
26,18,3,2,0,6,1,0,0,0,1
25,16,2,3,1,7,1,0,0,0,0
31,23,2,2,0,5,1,0,0,0,1
33,25,2,2,0,5,1,0,0,0,1
50,31,6,4,0,11,0,0,0,0,0
27,19,2,2,0,5,1,0,0,0,1
28,20,2,2,0,5,1,0,0,0,1
28,21,2,2,1,6,0,0,0,0,0
22,14,2,2,0,5,1,0,0,0,1
27,19,3,2,0,6,1,0,0,0,1
29,21,2,2,0,5,1,0,0,0,1
38,22,1,4,2,8,1,0,0,0,0
19,11,2,2,0,5,1,0,0,0,1
22,14,2,2,0,5,1,0,0,0,1
24,16,2,2,0,5,1,0,0,0,1
28,20,2,2,1,6,1,0,0,0,1
23,16,2,2,0,5,0,0,0,0,0
26,18,2,3,0,6,0,0,0,0,0
26,18,2,2,0,5,1,0,0,0,1
29,21,2,2,0,5,1,0,0,0,1
35,27,2,2,0,5,1,0,0,0,1
27,18,2,3,0,6,1,0,0,0,0
26,19,3,2,0,6,0,0,0,0,0
37,29,2,2,1,6,1,0,0,0,1
50,43,3,2,3,9,0,0,0,0,0
44,36,2,2,2,7,1,0,0,0,1
21,14,3,2,0,6,0,0,0,0,0
35,26,2,3,1,7,1,0,0,0,0
37,29,2,2,0,5,1,0,0,0,1
28,19,2,3,0,6,1,0,0,0,0
26,18,2,2,0,5,1,0,0,0,1
23,15,2,2,0,5,1,0,0,0,1
28,20,2,2,0,5,1,0,0,0,1
35,27,2,2,0,5,1,0,0,0,1
20,12,2,2,0,5,1,0,0,0,1
35,27,3,2,0,6,1,0,0,0,1
28,20,2,2,0,5,1,0,0,0,1
29,21,2,2,0,5,1,0,0,0,1
25,17,2,2,0,5,1,0,0,0,1
21,13,2,2,0,5,1,0,0,0,1
33,24,2,3,0,6,1,0,0,0,0
23,16,3,2,0,6,0,0,0,0,0
23,16,2,2,0,5,0,0,0,0,0
28,20,2,2,0,5,1,0,0,0,1
26,19,3,2,0,6,0,0,0,0,0
32,24,2,2,0,5,1,0,0,1,1
27,19,2,2,0,5,1,0,0,0,1
32,16,1,4,0,6,1,0,0,0,0
34,18,2,4,0,7,0,0,0,0,0
28,20,2,2,0,5,1,0,0,0,1
32,24,2,2,0,5,1,0,0,0,0
23,15,1,3,0,5,0,0,0,0,0
24,16,2,2,0,5,1,0,0,0,1
23,15,3,2,0,6,1,0,0,0,1
28,20,2,2,0,5,1,0,0,0,1
31,22,2,3,0,6,1,0,0,0,0
27,19,2,2,0,5,1,0,0,0,1
26,18,2,2,0,5,1,0,0,0,1
30,22,2,2,0,5,1,0,0,0,1
20,12,2,2,0,5,1,0,0,0,1
32,24,2,2,1,6,1,0,0,0,1
21,14,2,2,0,5,0,0,0,0,0
31,24,2,2,0,5,0,0,0,0,0
22,15,3,2,0,6,0,0,0,0,0
19,11,2,2,0,5,1,0,0,0,1
33,26,2,2,0,5,0,0,0,0,0
40,31,2,3,1,7,1,0,0,0,0
28,20,2,2,0,5,1,0,0,0,1
38,22,2,3,0,6,1,0,0,0,0
20,12,2,2,0,5,1,0,0,0,1
36,28,2,2,0,5,1,0,0,0,1
20,13,2,2,1,6,0,0,0,0,0
21,13,2,2,0,5,1,0,0,0,1
23,15,2,2,0,5,1,0,0,0,1
25,17,2,2,0,5,1,0,0,0,1
34,25,2,3,1,7,1,0,0,0,0
23,15,2,2,0,5,1,0,0,0,1
30,22,2,2,0,5,1,0,0,0,1
23,15,2,2,0,5,1,0,0,0,1
49,41,3,2,0,6,1,0,0,0,1
21,13,2,2,0,5,1,0,0,0,1
25,17,2,2,0,5,1,0,0,0,1
25,17,2,2,0,5,1,0,0,0,1
28,20,2,2,0,5,1,0,0,0,1
31,23,2,2,0,5,1,0,0,0,1
45,38,4,2,1,8,0,0,0,0,0
34,25,2,3,0,6,1,0,0,0,0
26,18,2,2,0,5,1,0,0,0,1
32,24,3,2,0,6,1,0,0,0,1
25,17,4,2,0,7,1,0,0,0,1
29,21,2,2,0,5,1,0,0,0,1
25,17,2,2,0,5,1,0,0,0,1
29,21,3,2,0,6,1,0,0,0,1
31,23,2,2,0,5,1,0,0,0,1
24,16,2,2,0,5,1,0,0,0,1
29,21,2,2,0,5,1,0,0,0,1
22,14,3,2,0,6,1,0,0,0,1
20,12,2,2,0,5,1,0,0,0,1
41,33,2,2,2,7,1,0,0,0,1
52,32,3,3,1,8,1,0,0,0,0
26,18,2,2,0,5,1,0,0,0,1
31,24,3,2,0,6,0,0,0,0,0
31,24,2,2,0,5,0,0,0,0,0
31,24,3,2,0,6,0,0,0,0,0
23,15,2,2,0,5,1,0,0,0,1
31,24,2,2,0,5,0,0,0,0,0
26,18,2,2,0,5,1,0,0,0,1
32,24,2,2,1,6,1,0,0,0,1
51,16,1,4,0,6,1,0,0,0,0
38,8,4,4,0,9,0,0,0,0,0
20,13,2,2,0,5,0,0,0,0,0
24,16,2,2,0,5,1,0,0,0,1
22,14,2,2,2,7,1,0,0,0,1
34,25,2,3,1,7,1,0,0,0,0
36,28,3,2,0,6,1,0,0,0,1
28,20,2,2,0,5,1,0,0,0,1
32,18,1,4,0,6,1,0,0,0,0
25,17,2,2,0,5,1,0,0,0,1
35,27,2,2,1,6,1,0,0,0,1
33,26,2,2,0,5,0,0,0,0,0
18,11,2,2,0,5,0,0,0,0,0
23,16,2,2,0,5,0,0,0,0,0
87,19,3,5,5,14,1,0,0,0,0
25,18,3,2,0,6,0,0,0,0,0
29,21,2,2,0,5,1,0,0,0,1
23,15,2,2,0,5,1,0,0,0,1
29,21,2,2,0,5,1,0,0,0,1
25,18,3,2,0,6,0,0,0,0,0
25,17,2,2,0,5,1,0,0,0,1
33,26,4,2,0,7,0,0,0,0,0
29,22,2,2,1,6,0,0,0,0,0
45,37,2,2,0,5,1,0,0,0,1
28,20,2,2,0,5,1,0,0,0,1
33,26,3,2,0,6,0,0,0,0,0
23,16,2,2,0,5,0,0,0,0,0
25,17,2,2,0,5,1,0,0,0,1
39,30,2,3,0,6,1,0,0,0,0
27,19,3,2,0,6,1,0,0,0,1
25,17,2,2,0,5,1,0,0,0,1
21,13,2,2,0,5,1,0,0,0,1
20,13,2,2,0,5,0,0,0,0,0
33,26,4,2,0,7,0,0,0,0,0
22,14,2,2,0,5,1,0,0,0,1
23,15,3,2,0,6,1,0,0,0,1
27,19,2,2,0,5,1,0,0,0,1
25,17,2,2,0,5,1,0,0,0,1
23,15,3,2,0,6,1,0,0,0,1
34,26,2,2,0,5,1,0,0,0,1
30,23,2,2,0,5,0,0,0,0,0
78,13,2,6,0,9,1,0,0,0,0
39,32,5,2,0,8,0,0,0,0,0
24,17,2,2,0,5,0,0,0,0,0
25,17,2,2,0,5,1,0,0,0,1
32,24,2,2,0,5,1,0,0,0,1
30,22,2,2,0,5,1,0,0,0,1
25,17,2,2,0,5,1,0,0,0,1
50,13,2,6,0,9,1,0,0,0,0
33,25,2,2,0,5,1,0,0,0,1
23,16,2,2,0,5,0,0,0,0,0
215,52,4,4,2,30,0,0,0,1,0
26,19,2,2,0,5,0,0,0,0,0
30,21,2,3,1,7,1,0,0,0,0
27,19,2,2,0,5,1,0,0,0,1
28,20,2,2,0,5,1,0,0,0,1
20,13,2,2,0,5,0,0,0,0,0
24,16,3,2,0,6,1,0,0,0,1
23,16,2,2,0,5,0,0,0,0,0
27,19,2,2,0,5,1,0,0,0,1
31,23,2,2,0,5,1,0,0,0,1
25,17,2,2,0,5,1,0,0,0,1
25,18,3,2,0,6,0,0,0,0,0
39,31,2,2,0,5,1,0,0,0,1
22,14,2,2,0,5,1,0,0,0,1
26,18,2,2,0,5,1,0,0,0,1
30,22,2,2,0,5,1,0,0,0,1
47,30,5,3,1,10,1,0,0,0,0
21,13,2,2,0,5,1,0,0,0,1
24,16,2,2,0,5,1,0,0,0,1
23,16,2,2,0,5,0,0,0,0,0
30,22,2,2,0,5,1,0,0,0,1
25,18,2,2,1,6,0,0,0,0,0
24,16,2,2,0,5,1,0,0,0,1
22,15,3,2,0,6,0,0,0,0,0
34,26,2,2,0,5,1,0,0,0,1
21,13,2,2,0,5,1,0,0,0,1
27,20,3,2,0,6,0,0,0,0,0
25,17,2,2,0,5,1,0,0,0,1
27,20,3,2,0,6,0,0,0,0,0
26,18,2,2,0,5,1,0,0,0,1
27,19,2,2,0,5,1,0,0,0,1
24,16,2,2,0,5,1,0,0,0,1
24,17,3,2,0,6,0,0,0,0,0
36,28,2,2,0,5,1,0,0,0,1
17,9,2,2,0,5,1,0,0,0,1
26,19,3,2,0,6,0,0,0,0,0
33,25,2,2,0,5,1,0,0,0,1
22,14,2,2,0,5,1,0,0,0,1
22,15,3,2,0,6,0,0,0,0,0
26,18,2,2,0,5,1,0,0,0,1
27,19,2,2,0,5,1,0,0,0,1
20,12,2,2,0,5,1,0,0,0,1
27,19,2,2,0,5,1,0,0,0,1
22,14,2,2,0,5,1,0,0,0,1
27,20,3,2,0,6,0,0,0,0,0
31,23,2,3,0,6,0,0,0,0,0
26,19,2,2,0,5,0,0,0,0,0
46,39,4,2,3,10,0,0,0,0,0
96,31,4,5,1,13,1,0,0,1,0
31,23,2,2,1,6,1,0,0,0,1
27,18,2,3,0,6,1,0,0,0,0
26,18,3,2,0,6,1,0,0,0,1
27,20,2,2,0,5,0,0,0,0,0
56,47,2,3,3,9,1,0,0,0,0
20,12,2,2,0,5,1,0,0,0,1
30,22,2,2,2,7,1,0,0,0,1
26,18,2,2,0,5,1,0,0,0,1
27,19,2,2,0,5,1,0,0,0,1
32,24,2,2,0,5,1,0,0,0,1
29,22,2,2,0,5,0,0,0,0,0
26,18,2,2,0,5,1,0,0,0,1
24,16,2,2,0,5,1,0,0,0,1
24,17,2,2,0,5,0,0,0,0,0
23,16,2,2,0,5,0,0,0,0,0
29,21,3,2,0,6,1,0,0,0,1
23,15,3,2,0,6,1,0,0,0,1
36,29,4,2,0,7,0,0,0,0,0
29,21,2,2,0,5,1,0,0,0,1
38,17,1,4,1,7,0,0,0,0,0
19,11,2,2,0,5,1,0,0,0,1
46,37,3,3,1,8,1,0,0,0,0
26,18,2,2,0,5,1,0,0,0,1
49,41,4,3,2,10,0,0,0,0,0
24,16,2,2,0,5,1,0,0,0,1
28,20,4,2,0,7,1,0,0,0,1
44,30,2,4,3,10,1,0,0,0,0
103,14,1,4,2,11,1,0,0,0,0
26,18,2,2,0,5,1,0,0,0,1
27,19,3,2,0,6,1,0,0,0,1
24,16,2,2,0,5,1,0,0,0,1
27,20,2,2,0,5,0,0,0,0,0
29,21,2,2,0,5,1,0,0,0,1
26,18,3,2,0,6,1,0,0,0,1
22,15,2,2,0,5,0,0,0,0,0
22,14,2,2,0,5,1,0,0,0,1
28,20,2,2,0,5,1,0,0,0,1
30,23,2,2,0,5,0,0,0,0,0
24,17,2,2,0,5,0,0,0,0,0
23,16,2,2,0,5,0,0,0,0,0
34,26,2,2,0,5,1,0,0,0,1
25,17,2,2,0,5,1,0,0,0,1
22,14,2,2,0,5,1,0,0,0,1
33,24,2,3,1,7,1,0,0,0,0
36,28,2,2,0,5,1,0,0,0,1
32,25,2,2,0,5,0,0,0,0,0
59,26,4,5,1,11,1,0,0,0,0
27,19,2,2,0,5,1,0,0,0,1
23,16,2,2,0,5,0,0,0,0,0
32,25,2,2,2,7,0,0,0,1,0
28,21,2,2,0,5,0,0,0,0,0
107,49,3,4,4,13,1,0,0,0,0
23,14,2,3,1,7,1,0,0,0,0
25,17,2,2,0,5,1,0,0,0,1
22,14,2,2,0,5,1,0,0,0,1
23,16,2,2,0,5,0,0,0,0,0
21,13,2,2,0,5,1,0,0,0,1
27,19,2,2,0,5,1,0,0,0,1
26,18,2,2,0,5,1,0,0,0,1
20,12,2,2,0,5,1,0,0,0,1
50,34,2,3,2,8,1,0,0,0,0
25,16,2,3,1,7,1,0,0,0,0
35,27,2,2,0,5,1,0,0,0,1
28,20,2,2,0,5,1,0,0,0,1
30,23,2,2,0,5,0,0,0,0,0
28,20,2,2,0,5,1,0,0,0,1
28,21,2,2,1,6,0,0,0,0,0
23,15,2,2,0,5,1,0,0,0,1
30,22,2,2,0,5,1,0,0,0,1
20,13,2,2,0,5,0,0,0,0,0
24,17,2,2,0,5,0,0,0,0,0
47,27,3,3,2,9,1,0,0,0,0
32,23,2,3,1,7,1,0,0,0,0
55,46,2,3,5,11,1,0,0,0,0
20,12,2,2,0,5,1,0,0,0,1
27,19,2,2,0,5,1,0,0,0,1
30,22,2,2,0,5,1,0,0,0,1
33,25,2,2,1,6,1,0,0,0,1
94,28,2,4,2,9,1,0,0,0,0
25,17,2,2,0,5,1,0,0,0,1
33,24,2,3,1,7,1,0,0,0,0
29,22,2,2,1,6,0,0,0,0,0
23,16,2,2,0,5,0,0,0,0,0
28,20,2,2,0,5,1,0,0,0,1
26,19,2,2,1,6,0,0,0,0,0
26,18,2,2,0,5,1,0,0,0,1
25,17,3,2,0,6,1,0,0,0,1
28,20,2,2,0,5,1,0,0,0,1
145,66,2,5,12,40,1,0,0,0,0
28,21,2,2,0,5,0,0,0,0,0
29,21,3,2,0,6,1,0,0,0,1
48,41,2,2,0,5,0,0,0,0,0
34,27,3,2,1,7,0,0,0,0,0
21,14,2,2,0,5,0,0,0,0,0
37,29,2,2,0,5,1,0,0,0,1
24,16,2,2,0,5,1,0,0,0,1
31,23,2,2,0,5,1,0,0,0,1
31,18,2,3,0,8,1,0,0,0,0
26,18,2,2,0,5,1,0,0,0,1
73,38,4,3,4,12,1,0,0,0,0
97,26,1,3,2,11,1,0,0,0,0
64,55,2,3,2,8,1,0,0,0,0
27,19,2,2,0,5,1,0,0,0,1
32,24,2,2,0,5,1,0,0,0,1
36,28,3,2,0,6,1,0,0,0,1
21,13,2,2,0,5,1,0,0,0,1
32,25,3,2,0,6,0,0,0,0,0
25,17,2,2,0,5,1,0,0,0,1
33,25,2,2,0,5,1,0,0,0,1
33,25,2,2,0,5,1,0,0,0,1
26,18,3,2,0,6,1,0,0,0,1
41,33,2,2,0,5,1,0,0,0,1
34,27,2,2,0,5,0,0,0,0,0
28,20,2,2,0,5,1,0,0,0,1
23,15,2,2,0,5,1,0,0,0,1
76,28,2,4,1,8,1,0,0,0,0
30,22,2,2,0,5,1,0,0,0,1
27,20,2,2,0,5,0,0,0,0,0
29,21,2,2,0,5,1,0,0,0,1
32,24,2,2,1,6,1,0,0,0,1
20,13,2,2,0,5,0,0,0,0,0
35,11,1,3,0,5,1,0,0,0,0
49,40,2,3,3,9,1,0,0,0,0
24,17,2,2,1,6,0,0,0,0,0
26,18,2,2,0,5,1,0,0,0,1
28,21,2,2,0,5,0,0,0,0,0
20,11,1,3,0,5,1,0,0,0,0
95,39,2,8,4,15,1,0,0,1,0
69,30,2,4,0,11,0,0,0,0,0
40,31,2,3,2,8,1,0,0,0,0
24,16,2,2,0,5,1,0,0,0,1
32,24,2,2,0,5,1,0,0,0,1
27,19,2,2,0,5,1,0,0,0,1
19,11,2,2,0,5,1,0,0,0,1
25,17,2,2,0,5,1,0,0,0,1
31,23,3,2,0,6,1,0,0,0,1
36,28,2,2,0,5,1,0,0,0,1
34,25,2,3,0,6,1,0,0,0,0
28,20,2,2,0,5,1,0,0,0,1
48,33,3,3,3,10,1,0,0,0,0
27,19,2,2,0,5,1,0,0,0,1
22,15,2,2,0,5,0,0,0,0,0
32,25,2,2,0,5,0,0,0,0,0
29,21,2,2,0,5,1,0,0,0,1
31,23,2,2,0,5,1,0,0,0,1
49,40,2,3,3,9,1,0,0,0,0
40,33,2,2,0,5,0,0,0,0,0
37,29,2,2,0,5,1,0,0,0,1
21,14,2,2,0,5,0,0,0,0,0
22,14,2,2,0,5,1,0,0,0,1
25,18,2,2,1,6,0,0,0,0,0
27,18,2,3,0,6,1,0,0,0,0
186,48,5,3,2,20,1,0,0,1,0
38,30,2,2,2,7,1,0,0,0,1
31,23,2,2,0,5,1,0,0,0,1
27,18,2,3,0,6,1,0,0,0,0
40,31,2,3,1,7,1,0,0,0,0
26,18,3,2,0,6,1,0,0,0,1
30,22,2,2,0,5,1,0,0,0,1
20,13,2,2,1,6,0,0,0,0,0
21,14,2,2,0,5,0,0,0,0,0
35,26,2,3,1,7,1,0,0,0,0
48,22,2,4,1,8,0,0,0,0,0
22,15,2,2,0,5,0,0,0,0,0
24,16,2,2,0,5,1,0,0,0,1
26,18,2,2,0,5,1,0,0,0,1
34,26,2,2,0,5,1,0,0,0,1
21,13,3,2,0,6,1,0,0,0,1
26,18,2,2,0,5,1,0,0,0,1
34,25,2,3,1,7,1,0,0,0,0
23,16,2,2,0,5,0,0,0,0,0
28,20,2,2,0,5,1,0,0,0,1
20,13,2,2,0,5,0,0,0,0,0
22,15,2,2,0,5,0,0,0,0,0
29,21,2,2,0,5,1,0,0,0,1
38,23,3,3,0,7,1,0,0,0,0
27,19,3,2,0,6,1,0,0,0,1
27,19,2,2,0,5,1,0,0,0,1
33,25,2,2,0,5,1,0,0,0,1
179,48,5,3,2,18,0,0,0,1,0
50,31,6,4,0,11,0,0,0,0,0
35,26,2,3,1,7,1,0,0,0,0
42,33,2,3,0,6,1,0,0,0,0
25,18,2,2,0,5,0,0,0,0,0
21,13,2,2,0,5,1,0,0,0,1
23,15,2,2,0,5,1,0,0,0,1
20,13,2,2,0,5,0,0,0,0,0
24,17,2,2,0,5,0,0,0,0,0
25,17,2,2,1,6,1,0,0,0,1
25,17,2,2,0,5,1,0,0,0,1
28,20,2,2,0,5,1,0,0,0,1
207,52,4,7,2,34,0,0,0,1,0
57,48,2,3,0,6,1,0,0,0,0
23,15,2,2,0,5,1,0,0,0,1
51,31,2,4,0,7,1,0,0,0,0
38,31,3,2,0,6,0,0,0,0,0
31,23,2,2,1,6,1,0,0,0,1
26,18,2,2,1,6,1,0,0,0,1
24,16,2,2,0,5,1,0,0,0,1
39,31,3,2,0,6,1,0,0,0,1
24,16,3,2,0,6,1,0,0,0,1
30,23,3,2,0,6,0,0,0,0,0
24,17,2,2,0,5,0,0,0,1,0
26,18,2,2,0,5,1,0,0,0,1
24,16,2,2,0,5,1,0,0,0,1
23,15,2,2,0,5,1,0,0,0,1
27,20,3,2,0,6,0,0,0,0,0
27,19,2,2,0,5,1,0,0,0,1
22,14,2,2,0,5,1,0,0,0,1
26,18,2,2,0,5,1,0,0,0,1
29,22,3,2,0,6,0,0,0,0,0
34,26,3,2,0,6,1,0,0,0,1
28,20,2,2,0,5,1,0,0,0,1
30,22,2,2,0,5,1,0,0,0,1
21,14,2,2,0,5,0,0,0,0,0
24,16,3,2,0,6,1,0,0,0,1
22,14,2,2,0,5,1,0,0,0,1
36,29,3,2,0,6,0,0,0,0,0
31,23,2,2,0,5,1,0,0,0,1
24,16,2,2,0,5,1,0,0,0,1
38,30,2,2,0,5,1,0,0,0,1
27,19,2,2,0,5,1,0,0,0,1
27,19,2,2,0,5,1,0,0,0,1
46,37,2,3,1,7,1,0,0,0,0
39,32,3,2,2,8,0,0,0,0,0
41,29,3,4,0,8,0,0,0,0,0
25,17,2,2,0,5,1,0,0,0,1
30,23,3,2,1,7,0,0,0,0,0
30,22,2,2,0,5,1,0,0,0,1
34,26,2,2,0,5,1,0,0,0,1
26,17,2,3,0,6,1,0,0,0,0
34,25,2,3,1,7,1,0,0,0,0
34,26,2,2,0,5,1,0,0,0,1
35,27,2,2,0,5,1,0,0,0,1
27,20,3,2,0,6,0,0,0,0,0
25,17,2,2,0,5,1,0,0,0,1
32,24,2,2,2,7,1,0,0,0,1
47,26,3,3,0,7,1,0,0,0,0
24,16,2,2,0,5,1,0,0,0,1
23,15,2,2,0,5,1,0,0,0,1
26,18,2,2,0,5,1,0,0,0,1
25,17,2,2,0,5,1,0,0,0,1
36,18,2,3,0,7,1,0,0,0,0
32,24,2,2,0,5,1,0,0,0,1
22,14,2,2,0,5,1,0,0,0,1
30,22,2,2,0,5,1,0,0,0,1
29,22,2,2,0,5,0,0,0,0,0
25,17,2,2,0,5,1,0,0,0,1
29,21,3,2,1,7,1,0,0,0,1
91,23,3,4,1,9,1,0,0,0,0
20,12,2,2,0,5,1,0,0,0,1
146,66,2,5,12,40,1,0,0,0,0
23,16,3,2,0,6,0,0,0,0,0
22,14,2,2,0,5,1,0,0,0,1
31,22,2,3,0,6,1,0,0,0,0
21,14,2,2,0,5,0,0,0,0,0
49,41,2,2,5,10,1,0,0,0,1
23,15,2,2,0,5,1,0,0,0,1
24,16,2,2,0,5,1,0,0,0,1
62,34,2,3,5,11,1,0,0,1,0
22,13,1,3,0,5,1,0,0,0,0
25,17,2,2,1,6,1,0,0,0,1
25,17,2,2,0,5,1,0,0,0,1
24,16,2,2,0,5,1,0,0,0,1
32,24,2,2,0,5,1,0,0,0,1
41,32,2,3,3,9,1,0,0,0,0
28,20,2,2,0,5,1,0,0,0,1
26,18,2,2,0,5,1,0,0,0,1
30,22,2,2,0,5,1,0,0,0,1
19,11,2,2,0,5,1,0,0,0,1
31,22,2,3,1,7,1,0,0,0,0
29,21,2,2,0,5,1,0,0,0,1
52,45,5,2,2,10,0,0,0,0,0
22,15,2,2,0,5,0,0,0,0,0
34,26,2,2,0,5,1,0,0,0,1
29,21,2,2,0,5,1,0,0,0,1
33,25,2,2,0,5,1,0,0,0,1
20,13,2,2,0,5,0,0,0,0,0
21,14,2,2,0,5,0,0,0,0,0
28,20,2,2,0,5,1,0,0,0,1
27,19,3,2,0,6,1,0,0,0,1
26,18,2,2,0,5,1,0,0,0,1
24,16,2,2,0,5,1,0,0,0,1
28,20,2,2,0,5,1,0,0,0,1
42,33,2,3,0,6,1,0,0,0,0
36,28,2,2,1,6,1,0,0,0,1
30,22,2,2,0,5,1,0,0,0,1
43,34,2,3,0,6,1,0,0,0,0
34,25,2,3,1,7,1,0,0,0,0
37,29,2,2,2,7,1,0,0,0,1
34,26,2,2,1,6,1,0,0,0,1
47,38,2,3,0,6,1,0,0,0,0
21,13,3,2,0,6,1,0,0,0,1
24,17,2,2,0,5,0,0,0,0,0
28,20,3,2,0,6,1,0,0,0,1
24,16,2,2,0,5,1,0,0,0,1
34,25,2,3,1,7,1,0,0,0,0
24,16,2,2,1,6,1,0,0,0,1
56,48,3,3,0,7,0,0,0,0,0
30,22,2,2,0,5,1,0,0,0,1
21,13,2,2,0,5,1,0,0,0,1
106,42,5,3,2,11,1,0,0,0,0
35,27,2,2,0,5,1,0,0,0,1
24,17,2,2,0,5,0,0,0,0,0
26,18,2,2,0,5,1,0,0,0,1
28,19,2,3,1,7,1,0,0,0,0
28,20,2,2,0,5,1,0,0,0,1
28,20,2,2,0,5,1,0,0,0,1
23,15,2,2,0,5,1,0,0,0,1
22,14,2,2,0,5,1,0,0,0,1
37,29,2,2,0,5,1,0,0,0,1
31,22,2,3,0,6,1,0,0,0,0
21,14,2,2,1,6,0,0,0,0,0
25,18,1,2,0,4,0,0,0,0,0
29,21,2,2,0,5,1,0,0,0,1
25,18,2,2,1,6,0,0,0,0,0
32,25,2,2,0,5,0,0,0,0,0
20,13,1,2,0,4,0,0,0,0,0
27,20,2,2,0,5,0,0,0,0,0
27,19,2,2,0,5,1,0,0,0,1
27,19,2,2,0,5,1,0,0,0,1
21,14,2,2,0,5,0,0,0,0,0
30,22,2,2,0,5,1,0,0,0,1
27,19,2,2,0,5,1,0,0,0,1
46,15,2,5,0,8,1,0,0,0,0
24,16,2,2,0,5,1,0,0,0,1
25,17,2,2,0,5,1,0,0,0,1
33,25,2,2,0,5,1,0,0,0,1
29,21,2,2,0,5,1,0,0,0,1
26,18,2,2,0,5,1,0,0,0,1
24,16,2,2,0,5,1,0,0,0,1
22,14,2,2,0,5,1,0,0,0,1
32,24,2,2,0,5,1,0,0,0,1
21,13,2,2,0,5,1,0,0,0,1
50,41,2,3,3,9,1,0,0,1,0
24,16,2,2,0,5,1,0,0,0,1
26,18,2,2,0,5,1,0,0,0,1
42,33,2,3,0,6,1,0,0,0,0
18,11,2,2,1,6,0,0,0,0,0
20,12,2,2,0,5,1,0,0,0,1
57,36,3,3,2,9,1,0,0,1,0
27,20,2,2,0,5,0,0,0,0,0
32,14,4,4,0,10,0,0,0,0,0
36,28,2,2,0,5,1,0,0,0,1
30,22,2,2,0,5,1,0,0,0,1
22,14,2,2,0,5,1,0,0,0,1
26,19,2,2,0,5,0,0,0,0,0
24,16,2,2,0,5,1,0,0,0,1
25,17,2,2,0,5,1,0,0,0,1
25,17,3,2,0,6,1,0,0,0,1
29,21,2,2,0,5,1,0,0,0,1
29,21,2,2,1,6,1,0,0,0,1
31,23,2,2,0,5,1,0,0,0,1
20,13,2,2,0,5,0,0,0,0,0
29,21,2,2,0,5,1,0,0,0,1
27,19,2,2,0,5,1,0,0,0,1
18,10,2,2,0,5,1,0,0,0,1
28,21,2,2,0,5,0,0,0,0,0
20,13,2,2,0,5,0,0,0,0,0
50,13,1,7,0,9,0,0,0,1,0
25,17,2,2,0,5,1,0,0,0,1
93,21,5,10,1,18,1,0,0,1,0
35,27,2,2,0,5,1,0,0,0,1
29,20,2,3,0,6,1,0,0,0,0
30,22,2,2,0,5,1,0,0,0,1
36,28,3,2,1,7,1,0,0,0,1
38,30,2,2,0,5,1,0,0,0,1
31,24,3,2,0,6,0,0,0,0,0
22,14,2,2,0,5,1,0,0,0,1
39,31,2,2,0,5,1,0,0,0,1
32,23,1,3,2,7,1,0,0,0,0
53,18,1,4,0,6,1,0,0,0,0
35,27,3,2,0,6,1,0,0,0,1
23,16,2,2,0,5,0,0,0,0,0
21,13,2,2,0,5,1,0,0,0,1
22,14,2,2,0,5,1,0,0,0,1
31,23,2,2,0,5,1,0,0,0,1
27,19,2,2,0,5,1,0,0,0,1
31,24,3,2,0,6,0,0,0,0,0
28,20,3,2,0,6,1,0,0,0,1
25,17,3,2,0,6,1,0,0,0,1
34,26,2,2,0,5,1,0,0,0,1
29,21,2,2,0,5,1,0,0,0,1
27,19,2,2,1,6,1,0,0,0,1
26,18,2,2,0,5,1,0,0,0,1
26,18,3,2,0,6,1,0,0,0,1
28,20,2,2,0,5,1,0,0,0,1
22,14,2,2,0,5,1,0,0,0,1
40,31,2,3,1,7,1,0,0,0,0
23,16,3,2,0,6,0,0,0,0,0
28,20,3,2,0,6,1,0,0,0,1
22,14,3,2,0,6,1,0,0,0,1
25,17,2,2,0,5,1,0,0,0,1
24,17,2,2,0,5,0,0,0,0,0
32,24,2,2,0,5,1,0,0,0,1
30,22,2,2,0,5,1,0,0,0,1
26,19,2,2,0,5,0,0,0,0,0
25,17,3,2,0,6,1,0,0,0,1
31,24,2,2,0,5,0,0,0,0,0
35,28,2,2,0,5,0,0,0,0,0
38,29,2,3,0,6,1,0,0,0,0
29,21,2,2,0,5,1,0,0,0,1
27,20,2,2,0,5,0,0,0,0,0
18,10,2,2,0,5,1,0,0,0,1
88,29,4,6,0,11,1,0,0,0,0
28,20,2,2,0,5,1,0,0,0,1
30,14,2,3,1,7,1,0,0,0,0
33,25,2,2,0,5,1,0,0,0,1
20,12,2,2,0,5,1,0,0,0,1
22,14,2,2,0,5,1,0,0,0,1
25,17,2,2,0,5,1,0,0,0,1
26,18,2,2,0,5,1,0,0,0,1
19,11,2,2,0,5,1,0,0,0,1
19,11,2,2,0,5,1,0,0,0,1
24,16,2,2,0,5,1,0,0,0,1
35,27,2,3,1,7,0,0,0,0,0
20,13,2,2,0,5,0,0,0,0,0
36,28,2,2,0,5,1,0,0,0,1
22,10,1,3,0,5,0,0,0,0,0
23,15,2,2,0,5,1,0,0,0,1
36,27,2,3,0,6,1,0,0,0,0
25,17,2,2,0,5,1,0,0,0,1
37,29,2,2,0,5,1,0,0,0,1
34,27,3,2,0,6,0,0,0,0,0
26,18,2,2,0,5,1,0,0,0,1
27,19,2,2,0,5,1,0,0,0,1
29,20,2,3,0,6,1,0,0,0,0
29,21,2,2,0,5,1,0,0,0,1
32,24,3,2,0,6,1,0,0,0,1
37,29,2,2,0,5,1,0,0,0,1
27,19,2,2,0,5,1,0,0,0,1
26,18,4,2,0,7,1,0,0,0,1
34,25,2,3,1,7,1,0,0,0,0
24,16,2,2,0,5,1,0,0,0,1
23,16,2,2,0,5,0,0,0,0,0
30,22,2,2,0,5,1,0,0,0,1
26,18,2,2,0,5,1,0,0,0,1
23,15,2,2,0,5,1,0,0,0,1
40,31,2,3,1,7,1,0,0,0,0
15,8,2,2,0,5,0,0,0,0,0
232,82,5,3,17,33,1,0,0,0,0
23,15,2,2,0,5,1,0,0,0,1
26,19,2,2,0,5,0,0,0,0,0
28,21,2,2,1,6,0,0,0,0,0
21,13,3,2,0,6,1,0,0,0,1
52,22,2,3,1,10,1,0,0,0,0
27,19,2,2,0,5,1,0,0,0,1
33,24,2,3,0,6,1,0,0,0,0
21,14,2,2,0,5,0,0,0,0,0
29,21,2,2,0,5,1,0,0,0,1
30,22,2,2,0,5,1,0,0,0,1
34,26,2,2,1,6,1,0,0,0,1
29,21,2,2,0,5,1,0,0,0,1
21,13,2,2,0,5,1,0,0,0,1
26,19,3,2,0,6,0,0,0,0,0
65,11,1,4,4,12,0,0,0,0,0
23,14,2,3,1,7,1,0,0,0,0
22,14,2,2,0,5,1,0,0,0,1
34,26,2,2,0,5,1,0,0,0,1
25,16,2,3,1,7,1,0,0,0,0
24,17,2,2,0,5,0,0,0,0,0
32,24,2,2,0,5,1,0,0,0,1
36,27,2,3,0,6,1,0,0,0,0
23,15,2,2,0,5,1,0,0,0,1
32,24,2,2,0,5,1,0,0,0,1
27,19,2,2,0,5,1,0,0,0,1
24,17,3,2,0,6,0,0,0,0,0
29,21,2,2,0,5,1,0,0,0,1
29,22,3,2,0,6,0,0,0,0,0
36,28,2,3,0,6,0,0,0,0,0
21,13,2,2,0,5,1,0,0,0,1
28,20,3,2,0,6,1,0,0,0,1
22,14,2,2,0,5,1,0,0,0,0
21,14,2,2,0,5,0,0,0,0,0
36,28,2,2,0,5,1,0,0,0,1
26,18,2,2,0,5,1,0,0,0,1
23,16,2,2,0,5,0,0,0,0,0
26,18,2,2,0,5,1,0,0,0,1
29,21,2,2,1,6,1,0,0,0,1
26,18,2,2,0,5,1,0,0,0,1
24,16,2,2,0,5,1,0,0,0,1
25,17,2,2,0,5,1,0,0,0,1
33,25,2,2,0,5,1,0,0,0,1
31,23,2,2,0,5,1,0,0,0,1
30,23,2,2,0,5,0,0,0,0,0
18,10,2,2,1,6,1,0,0,0,1
27,19,2,3,0,6,0,0,0,0,0
20,12,2,2,0,5,1,0,0,0,1
24,16,2,2,0,5,1,0,0,0,1
34,26,4,2,0,7,1,0,0,0,1
30,22,2,2,0,5,1,0,0,0,1
23,16,3,2,0,6,0,0,0,0,0
23,15,2,2,0,5,1,0,0,0,1
93,7,2,5,0,10,1,0,0,0,0
32,24,2,2,0,5,1,0,0,0,1
26,18,3,2,0,6,1,0,0,0,1
28,20,2,2,0,5,1,0,0,0,1
33,26,3,2,0,6,0,0,0,0,0
28,20,2,2,0,5,1,0,0,0,1
34,25,2,3,1,7,1,0,0,0,0
27,19,2,2,0,5,1,0,0,0,1
27,20,2,2,0,5,0,0,0,0,0
33,25,2,2,0,5,1,0,0,0,1
22,15,2,2,0,5,0,0,0,0,0
27,20,2,2,0,5,0,0,0,0,0
66,26,3,7,1,12,1,0,0,0,0
31,23,2,2,0,5,1,0,0,0,1
29,22,2,2,1,6,0,0,0,0,0
22,14,2,2,0,5,1,0,0,0,1
28,21,3,2,1,7,0,0,0,0,0
26,18,2,2,0,5,1,0,0,0,1
21,14,2,2,0,5,0,0,0,0,0
30,22,2,2,0,5,1,0,0,0,1
31,24,2,2,0,5,0,0,0,0,0
25,17,2,2,0,5,1,0,0,0,1
23,15,2,2,0,5,1,0,0,0,1
24,16,2,2,0,5,1,0,0,0,1
20,12,2,2,0,5,1,0,0,0,1
27,20,2,2,0,5,0,0,0,0,0
25,18,3,2,0,6,0,0,0,0,0
27,19,2,2,0,5,1,0,0,0,1
30,22,2,2,0,5,1,0,0,0,1
25,18,3,2,0,6,0,0,0,0,0
28,20,2,2,0,5,1,0,0,0,1
33,25,3,2,0,6,1,0,0,0,1
24,16,2,2,0,5,1,0,0,0,1
35,24,2,3,0,6,1,0,0,0,0
24,17,3,2,0,6,0,0,0,0,0
54,46,2,3,3,9,0,0,0,1,0
50,41,2,3,3,9,1,0,0,1,0
36,27,3,3,0,7,1,0,0,0,0
28,21,2,2,0,5,0,0,0,0,0
32,24,2,2,0,5,1,0,0,0,1
41,33,2,2,0,5,1,0,0,0,0
21,14,2,2,0,5,0,0,0,0,0
51,42,2,3,3,9,1,0,0,1,0
25,17,2,2,0,5,1,0,0,0,1
26,19,2,2,0,5,0,0,0,0,0
30,22,2,2,0,5,1,0,0,0,1
23,15,2,2,0,5,1,0,0,0,1
38,30,2,2,0,5,1,0,0,0,1
22,15,2,2,0,5,0,0,0,0,0
23,16,2,2,0,5,0,0,0,0,0
21,14,2,2,0,5,0,0,0,0,0
26,18,1,3,0,5,0,0,0,0,0
18,10,2,2,0,5,1,0,0,0,1
22,14,2,2,0,5,1,0,0,0,1
28,20,3,2,0,6,1,0,0,0,1
23,15,3,2,0,6,1,0,0,0,1
32,24,2,2,0,5,1,0,0,0,1
37,30,2,2,0,5,0,0,0,0,0
22,14,2,2,0,5,1,0,0,0,1
26,18,2,2,0,5,1,0,0,0,0
42,33,2,3,3,9,1,0,0,0,0
20,13,2,2,0,5,0,0,0,0,0
23,15,2,2,0,5,1,0,0,0,1
22,15,2,2,1,6,0,0,0,0,0
32,24,2,3,1,7,0,0,0,0,0
22,15,2,2,0,5,0,0,0,0,0
31,23,2,2,0,5,1,0,0,0,1
24,16,3,2,0,6,1,0,0,0,1
23,15,3,2,0,6,1,0,0,0,1
29,21,2,2,0,5,1,0,0,0,1
25,17,2,2,0,5,1,0,0,0,1
123,7,1,4,0,8,1,0,0,0,0
28,20,2,2,0,5,1,0,0,0,1
21,13,2,2,0,5,1,0,0,0,1
26,18,2,2,0,5,1,0,0,0,1
32,24,2,2,0,5,1,0,0,0,1
39,30,2,3,1,7,1,0,0,0,0
31,23,3,2,0,6,1,0,0,0,1
31,23,2,2,0,5,1,0,0,0,1
22,14,2,2,0,5,1,0,0,0,1
31,23,2,2,0,5,1,0,0,0,1
32,24,2,2,0,5,1,0,0,0,1
27,18,2,3,0,6,1,0,0,0,0
82,16,3,5,0,10,1,0,0,0,0
28,20,2,2,0,5,1,0,0,0,1
27,19,2,2,0,5,1,0,0,0,1
27,20,2,2,0,5,0,0,0,0,0
26,18,2,2,1,6,1,0,0,0,1
33,25,2,2,0,5,1,0,0,0,1
28,9,1,4,0,6,1,0,0,0,0
21,13,2,2,0,5,1,0,0,0,1
29,21,2,2,0,5,1,0,0,0,1
24,16,2,2,0,5,1,0,0,0,1
18,10,2,2,0,5,1,0,0,0,1
41,19,3,4,0,8,0,0,0,0,0
32,24,2,2,0,5,1,0,0,0,1
29,21,2,2,0,5,1,0,0,0,1
30,22,2,2,0,5,1,0,0,0,1
26,18,2,2,0,5,1,0,0,0,1
137,11,9,11,2,27,0,1,0,0,0
21,13,2,2,0,5,1,0,0,0,1
30,22,2,2,0,5,1,0,0,0,1
35,27,2,2,0,5,1,0,0,0,1
23,15,2,2,0,5,1,0,0,0,1
21,13,2,2,0,5,1,0,0,0,1
29,21,2,2,1,6,1,0,0,0,1
55,47,3,2,4,10,1,0,0,0,0
28,21,3,2,0,6,0,0,0,0,0
23,15,2,2,0,5,1,0,0,0,1
25,17,2,2,0,5,1,0,0,0,1
23,15,3,2,0,6,1,0,0,0,1
19,11,2,2,0,5,1,0,0,0,1
32,25,3,2,0,6,0,0,0,0,0
24,16,3,2,0,6,1,0,0,0,1
28,21,2,2,0,5,0,0,0,0,0
29,21,2,2,1,6,1,0,0,0,1
22,14,2,2,0,5,1,0,0,0,1
36,28,2,2,0,5,1,0,0,0,1
25,18,2,2,1,6,0,0,0,0,0
23,15,2,2,0,5,1,0,0,0,1
29,22,2,2,0,5,0,0,0,0,0
21,13,2,2,0,5,1,0,0,0,1
33,26,2,2,1,6,0,0,0,0,0
24,16,2,2,0,5,1,0,0,0,1
28,20,2,2,0,5,1,0,0,0,1
22,14,3,2,0,6,1,0,0,0,1
31,23,2,2,0,5,1,0,0,0,1
23,15,2,2,0,5,1,0,0,0,1
27,19,3,2,1,7,1,0,0,0,1
26,18,2,2,0,5,1,0,0,0,1
27,20,2,2,0,5,0,0,0,0,0
26,19,2,2,0,5,0,0,0,0,0
24,16,2,2,0,5,1,0,0,0,1
33,25,2,2,0,5,1,0,0,0,1
28,20,2,2,0,5,1,0,0,1,1
18,11,2,2,0,5,0,0,0,0,0
24,16,2,2,0,5,1,0,0,0,1
24,16,3,2,0,6,1,0,0,0,1
30,22,3,2,0,6,1,0,0,0,1
28,20,2,2,1,6,1,0,0,0,1
46,37,2,3,1,7,1,0,0,0,0
18,11,2,2,0,5,0,0,0,0,0
437,23,5,9,4,37,1,0,0,0,0
20,12,2,2,0,5,1,0,0,0,1
31,23,3,2,1,7,1,0,0,0,1
48,39,3,3,4,11,1,0,0,0,0
29,21,2,2,0,5,1,0,0,0,1
23,15,2,2,0,5,1,0,0,0,1
26,18,3,2,0,6,1,0,0,0,1
25,18,3,2,0,6,0,0,0,0,0
24,17,2,2,0,5,0,0,0,0,0
20,12,2,2,0,5,1,0,0,0,1
26,19,2,2,0,5,0,0,0,0,0
24,16,2,2,0,5,1,0,0,0,1
27,18,2,3,1,7,1,0,0,0,0
22,14,3,2,0,6,1,0,0,0,1
48,39,2,3,0,6,1,0,0,0,0
28,20,2,2,0,5,1,0,0,0,1
24,16,2,2,0,5,1,0,0,0,1
28,20,2,2,0,5,1,0,0,0,1
26,19,2,2,0,5,0,0,0,0,0
23,15,2,2,0,5,1,0,0,0,1
48,40,2,2,0,5,1,0,0,0,1
18,10,2,2,0,5,1,0,0,0,1
21,13,2,2,0,5,1,0,0,0,1
28,20,2,2,0,5,1,0,0,0,1
25,16,2,3,0,6,1,0,0,0,0
29,20,2,3,0,6,1,0,0,0,0
26,19,3,2,0,6,0,0,0,0,0
38,30,2,2,0,5,1,0,0,0,1
29,22,3,2,0,6,0,0,0,0,0
20,13,2,2,0,5,0,0,0,0,0
49,22,2,5,1,9,1,0,0,0,0
25,17,2,2,0,5,1,0,0,0,1
88,40,4,8,2,15,1,0,0,0,0
33,26,2,2,0,5,0,0,0,0,0
23,15,2,2,1,6,1,0,0,0,1
25,18,2,2,0,5,0,0,0,0,0
27,20,2,2,0,5,0,0,0,0,0
37,29,3,2,0,6,1,0,0,0,1
31,23,3,2,0,6,1,0,0,0,1
20,12,2,2,0,5,1,0,0,0,1
20,13,2,2,0,5,0,0,0,0,0
37,30,2,2,1,6,0,0,0,1,0
33,25,2,2,0,5,1,0,0,0,1
28,20,2,2,0,5,1,0,0,0,1
22,15,2,2,0,5,0,0,0,0,0
28,20,2,2,0,5,1,0,0,0,1
29,21,2,2,0,5,1,0,0,0,1
24,16,2,2,0,5,1,0,0,1,1
37,29,2,2,0,5,1,0,0,0,1
230,79,5,5,14,32,1,0,0,0,0
52,43,5,3,0,9,1,0,0,0,0
20,13,2,2,0,5,0,0,0,0,0
23,15,2,2,0,5,1,0,0,0,1
30,22,2,2,1,6,1,0,0,0,1
49,26,2,4,2,9,1,0,0,0,0
21,13,3,2,0,6,1,0,0,0,1
24,16,2,2,0,5,1,0,0,0,1
31,23,3,2,0,6,1,0,0,0,1
26,18,2,2,0,5,1,0,0,0,1
28,13,2,3,0,6,1,0,0,0,0
22,14,2,2,0,5,1,0,0,0,1
50,12,2,4,0,7,1,0,0,0,0
24,16,2,2,0,5,1,0,0,0,1
27,19,2,2,0,5,1,0,0,0,1
52,16,2,4,0,7,1,0,0,0,0
32,24,2,2,0,5,1,0,0,0,1
21,13,2,2,0,5,1,0,0,0,1
27,19,2,2,0,5,1,0,0,0,1
23,15,2,2,0,5,1,0,0,0,1
57,50,3,2,3,9,0,0,0,0,0
28,20,2,2,0,5,1,0,0,0,1
24,17,2,2,0,5,0,0,0,0,0
26,18,2,2,0,5,1,0,0,0,1
22,14,3,2,0,6,1,0,0,0,1
29,21,2,3,1,7,0,0,0,0,0
83,74,3,3,0,7,1,0,0,0,0
31,23,2,2,0,5,1,0,0,0,1
42,35,2,2,0,5,0,0,0,0,0
23,15,3,2,0,6,1,0,0,0,1
24,16,2,2,0,5,1,0,0,0,1
25,17,2,2,0,5,1,0,0,0,1
26,19,2,2,1,6,0,0,0,0,0
20,13,2,2,1,6,0,0,0,0,0
22,15,2,2,0,5,0,0,0,0,0
29,22,3,2,0,6,0,0,0,0,0
32,23,2,3,1,7,1,0,0,0,0
26,18,2,2,0,5,1,0,0,0,1
45,33,2,3,0,8,0,0,0,1,0
21,14,2,2,0,5,0,0,0,0,0
21,14,2,2,0,5,0,0,0,0,0
34,26,2,2,0,5,1,0,0,0,1
21,13,2,2,0,5,1,0,0,0,1
26,19,3,2,0,6,0,0,0,0,0
32,24,2,2,0,5,1,0,0,0,1
34,26,2,2,0,5,1,0,0,0,1
35,26,2,3,1,7,1,0,0,0,0
19,10,1,3,0,5,1,0,0,0,0
56,47,3,3,4,11,1,0,0,0,0
29,21,2,2,0,5,1,0,0,0,1
27,19,2,2,0,5,1,0,0,0,1
23,15,2,2,0,5,1,0,0,0,1
22,14,2,2,0,5,1,0,0,0,1
26,19,2,2,1,6,0,0,0,0,0
23,16,2,2,0,5,0,0,0,0,0
30,22,3,2,0,6,1,0,0,0,1
26,18,2,2,0,5,1,0,0,0,1
22,14,3,2,0,6,1,0,0,0,1
26,18,2,2,0,5,1,0,0,0,1
26,18,2,2,0,5,1,0,0,0,1
27,19,2,2,0,5,1,0,0,0,1
29,21,4,2,0,7,1,0,0,0,1
28,21,2,2,0,5,0,0,0,0,0
27,19,3,2,0,6,1,0,0,0,1
31,23,3,2,0,6,1,0,0,0,1
29,21,2,2,1,6,1,0,0,0,1
28,20,3,2,0,6,1,0,0,0,1
24,16,2,2,0,5,1,0,0,0,1
41,33,2,2,0,5,1,0,0,0,1
23,15,2,2,1,6,1,0,0,0,1
26,18,3,2,0,6,1,0,0,0,1
29,21,2,2,0,5,1,0,0,0,1
28,20,2,2,0,5,1,0,0,0,1
126,11,7,11,2,23,0,1,0,0,0
38,30,3,2,1,7,1,0,0,0,1
29,21,2,3,0,6,0,0,0,0,0
18,10,1,3,0,5,0,0,0,0,0
26,19,2,2,0,5,0,0,0,0,0
24,16,2,2,1,6,1,0,0,0,1
29,21,2,2,0,5,1,0,0,0,1
20,13,3,2,1,7,0,0,0,0,0
25,17,2,2,0,5,1,0,0,0,1
24,15,2,3,0,6,1,0,0,0,0
46,15,2,4,1,8,0,0,0,0,0
26,18,2,2,0,5,1,0,0,0,1
21,13,3,2,0,6,1,0,0,0,1
20,12,2,2,0,5,1,0,0,0,1
24,17,2,2,0,5,0,0,0,0,0
29,20,2,3,1,7,1,0,0,1,0
21,14,2,2,0,5,0,0,0,0,0
25,18,2,2,0,5,0,0,0,0,0
24,16,2,2,0,5,1,0,0,0,1
36,28,2,2,0,5,1,0,0,0,1
31,23,2,2,0,5,1,0,0,0,1
23,16,2,2,0,5,0,0,0,0,0
20,12,2,2,0,5,1,0,0,0,1
40,23,2,5,0,8,0,0,0,0,0
26,18,2,2,0,5,1,0,0,0,1
33,25,3,2,0,6,1,0,0,0,1
24,16,2,2,0,5,1,0,0,0,1
33,26,2,2,0,5,0,0,0,0,0
18,10,2,2,0,5,1,0,0,0,1
31,24,2,2,0,5,0,0,0,0,0
22,14,2,2,0,5,1,0,0,0,1
26,18,2,2,1,6,1,0,0,0,1
27,20,3,2,0,6,0,0,0,0,0
40,32,3,2,0,6,1,0,0,0,1
25,17,2,2,0,5,1,0,0,0,1
34,26,2,2,0,5,1,0,0,0,1
25,17,2,2,0,5,1,0,0,0,1
30,23,3,2,0,6,0,0,0,0,0
24,17,2,2,0,5,0,0,0,0,0
33,25,2,2,0,5,1,0,0,0,1
26,18,2,2,0,5,1,0,0,0,1
29,21,2,2,0,5,1,0,0,0,0
27,19,2,2,0,5,1,0,0,0,1
29,21,2,2,0,5,1,0,0,0,1
27,19,2,2,1,6,1,0,0,0,1
27,20,2,2,0,5,0,0,0,0,0
17,9,2,2,0,5,1,0,0,0,1
29,21,2,2,1,6,1,0,0,0,1
20,12,2,2,0,5,1,0,0,0,1
28,20,3,2,0,6,1,0,0,0,1
36,28,2,2,0,5,1,0,0,0,1
22,14,2,2,0,5,1,0,0,0,1
28,20,3,2,0,6,1,0,0,0,1
35,27,2,2,0,5,1,0,0,0,1
26,19,2,2,0,5,0,0,0,0,0
29,21,2,2,0,5,1,0,0,0,1
22,14,2,2,0,5,1,0,0,0,1
18,10,2,2,0,5,1,0,0,0,1
72,23,3,5,0,9,0,0,0,0,0
35,28,2,2,0,5,0,0,0,0,0
37,29,2,2,0,5,1,0,0,0,1
29,22,2,2,0,5,0,0,0,0,0
40,31,2,3,1,7,1,0,0,0,0
27,20,2,2,0,5,0,0,0,0,0
22,14,2,2,0,5,1,0,0,0,1
23,16,2,2,0,5,0,0,0,0,0
33,24,1,3,2,7,1,0,0,0,0
30,23,3,2,0,6,0,0,0,0,0
20,12,2,2,0,5,1,0,0,0,1
23,15,2,2,0,5,1,0,0,0,1
28,21,2,2,0,5,0,0,0,0,0
30,22,2,2,0,5,1,0,0,0,1
27,20,3,2,0,6,0,0,0,0,0
23,16,2,2,0,5,0,0,0,0,0
26,19,2,2,0,5,0,0,0,0,0
91,33,3,4,2,11,1,0,0,0,0
24,17,2,2,0,5,0,0,0,0,0
22,14,2,2,0,5,1,0,0,0,1
19,11,2,2,0,5,1,0,0,0,1
26,19,2,2,0,5,0,0,0,0,0
34,26,2,2,0,5,1,0,0,0,1
28,20,2,2,0,5,1,0,0,0,1
34,26,4,2,0,7,1,0,0,0,1
29,21,2,2,0,5,1,0,0,0,1
19,11,2,2,0,5,1,0,0,0,1
27,19,3,2,0,6,1,0,0,0,1
31,23,2,2,1,6,1,0,0,0,1
46,29,5,3,1,10,1,0,0,0,0
23,15,2,2,0,5,1,0,0,0,1
36,28,2,2,0,5,1,0,0,0,1
23,15,2,2,0,5,1,0,0,0,1
38,30,2,2,0,5,1,0,0,0,1
42,17,2,3,0,6,1,0,0,0,0
26,18,2,2,0,5,1,0,0,0,1
23,16,2,2,0,5,0,0,0,0,0
30,22,2,2,0,5,1,0,0,0,1
27,19,2,3,0,6,0,0,0,0,0
38,30,2,2,0,5,1,0,0,0,1
29,21,2,2,0,5,1,0,0,0,1
22,15,2,2,0,5,0,0,0,0,0
22,15,2,2,0,5,0,0,0,0,0
30,22,2,2,0,5,1,0,0,0,1
23,15,2,2,0,5,1,0,0,0,1
67,7,1,4,0,6,1,0,0,0,0
23,15,2,2,0,5,1,0,0,0,1
31,23,2,2,0,5,1,0,0,0,1
20,12,2,2,0,5,1,0,0,0,1
40,33,2,2,0,5,0,0,0,0,0
23,16,2,2,0,5,0,0,0,0,0
41,32,2,3,1,7,1,0,0,1,0
23,15,3,2,0,6,1,0,0,0,1
20,13,2,2,0,5,0,0,0,0,0
23,16,2,2,0,5,0,0,0,0,0
56,47,3,3,4,11,1,0,0,0,0
20,12,2,2,0,5,1,0,0,0,1
28,20,2,2,0,5,1,0,0,0,1
30,23,2,2,0,5,0,0,0,0,0
26,19,2,2,0,5,0,0,0,0,0
23,15,2,2,0,5,1,0,0,0,1
26,18,2,2,0,5,1,0,0,0,1
23,15,3,2,0,6,1,0,0,0,1
34,26,2,2,0,5,1,0,0,0,1
32,24,2,2,0,5,1,0,0,0,1
82,73,3,3,0,7,1,0,0,0,0
26,18,2,2,0,5,1,0,0,0,1
51,42,3,3,0,7,1,0,0,0,0
29,21,2,2,0,5,1,0,0,0,1
22,15,2,2,0,5,0,0,0,0,0
24,16,2,2,0,5,1,0,0,0,1
27,19,2,2,0,5,1,0,0,0,1
33,25,2,2,0,5,1,0,0,0,1
26,18,2,2,0,5,1,0,0,0,1
30,14,3,3,0,7,1,0,0,0,0
22,15,2,2,0,5,0,0,0,0,0
37,28,3,3,3,10,1,0,0,0,0
24,16,2,2,0,5,1,0,0,0,1
22,15,3,2,0,6,0,0,0,0,0
48,41,2,2,0,5,0,0,0,0,0
20,12,2,2,0,5,1,0,0,0,1
37,28,2,3,2,8,1,0,0,0,0
24,17,2,2,0,5,0,0,0,0,0
29,21,2,2,0,5,1,0,0,0,1
19,12,2,2,0,5,0,0,0,0,0
32,24,3,2,0,6,1,0,0,0,1
21,13,2,2,0,5,1,0,0,0,1
27,19,2,2,0,5,1,0,0,0,1
29,21,2,2,0,5,1,0,0,0,1
27,19,2,2,0,5,1,0,0,0,1
30,22,2,2,0,5,1,0,0,0,1
23,15,2,2,0,5,1,0,0,0,1
21,13,2,2,0,5,1,0,0,0,1
23,15,2,2,0,5,1,0,0,0,1
21,13,3,2,0,6,1,0,0,0,1
21,14,2,2,0,5,0,0,0,0,0
33,26,2,2,0,5,0,0,0,0,0
23,15,2,2,0,5,1,0,0,0,1
29,22,3,2,0,6,0,0,0,0,0
20,12,2,2,0,5,1,0,0,0,1
40,22,2,3,0,6,1,0,0,0,0
40,32,2,2,0,5,1,0,0,0,0
32,24,2,2,0,5,1,0,0,0,1
24,16,2,2,0,5,1,0,0,0,1
24,17,2,2,1,6,0,0,0,0,0
26,18,2,2,0,5,1,0,0,0,1
26,19,3,2,0,6,0,0,0,0,0
26,19,3,2,0,6,0,0,0,0,0
28,20,3,2,0,6,1,0,0,0,1
25,17,2,2,1,6,1,0,0,0,1
20,13,2,2,0,5,0,0,0,0,0
28,21,2,2,0,5,0,0,0,0,0
44,36,3,2,0,6,1,0,0,0,1
30,23,2,2,0,5,0,0,0,0,0
26,19,2,2,0,5,0,0,0,0,0
30,22,3,2,0,6,1,0,0,0,1
27,19,2,2,0,5,1,0,0,0,1
26,19,2,2,0,5,0,0,0,0,0
27,19,2,2,0,5,1,0,0,0,1
23,15,2,2,0,5,1,0,0,0,1
34,25,2,3,1,7,1,0,0,0,0
33,26,2,2,0,5,0,0,0,0,0
24,15,2,3,1,7,1,0,0,0,0
28,20,2,2,0,5,1,0,0,0,1
30,22,2,2,0,5,1,0,0,0,1
32,24,3,2,0,6,1,0,0,0,1
31,23,4,2,0,7,1,0,0,0,1
35,21,2,3,1,7,1,0,0,0,0
19,11,2,2,0,5,1,0,0,0,1
35,27,2,2,2,7,1,0,0,0,1
19,11,2,2,0,5,1,0,0,0,1
29,20,2,3,0,6,1,0,0,0,0
26,18,2,2,0,5,1,0,0,0,1
26,19,2,2,0,5,0,0,0,0,0
22,15,2,2,0,5,0,0,0,0,0
23,15,2,2,0,5,1,0,0,0,1
41,19,3,4,0,8,1,0,0,0,0
28,20,2,2,0,5,1,0,0,0,1
22,14,2,2,0,5,1,0,0,0,1
21,13,2,2,0,5,1,0,0,0,1
30,22,3,2,0,6,1,0,0,0,1
25,17,2,2,0,5,1,0,0,0,1
25,17,2,2,0,5,1,0,0,0,1
26,18,2,2,0,5,1,0,0,0,0
34,26,2,2,0,5,1,0,0,0,1
19,10,1,3,0,5,1,0,0,0,0
19,11,2,2,0,5,1,0,0,0,1
29,21,2,2,0,5,1,0,0,0,1
31,23,2,2,0,5,1,0,0,0,1
27,19,2,2,0,5,1,0,0,0,1
26,18,2,2,1,6,1,0,0,0,1
25,17,2,2,0,5,1,0,0,0,1
25,18,3,2,0,6,0,0,0,0,0
21,13,2,3,0,6,0,0,0,0,0
25,17,2,2,0,5,1,0,0,0,1
29,21,3,2,0,6,1,0,0,0,1
28,21,2,2,0,5,0,0,0,0,0
29,22,2,2,0,5,0,0,0,0,0
31,23,2,2,0,5,1,0,0,0,1
25,17,2,2,0,5,1,0,0,0,1
20,12,2,2,0,5,1,0,0,0,1
31,23,2,2,0,5,1,0,0,0,1
36,27,2,3,0,6,1,0,0,0,0
50,31,6,4,0,11,0,0,0,0,0
22,15,2,2,0,5,0,0,0,0,0
25,17,2,2,0,5,1,0,0,0,1
24,16,2,2,0,5,1,0,0,0,1
30,22,2,2,0,5,1,0,0,0,1
27,19,3,2,0,6,1,0,0,0,1
29,22,2,2,0,5,0,0,0,0,0
28,21,3,2,0,6,0,0,0,0,0
29,21,2,2,0,5,1,0,0,0,1
63,16,3,4,2,10,0,0,0,0,0
25,17,2,2,0,5,1,0,0,0,1
26,18,2,2,0,5,1,0,0,0,1
29,21,2,2,0,5,1,0,0,0,1
48,41,2,2,0,5,0,0,0,0,0
30,23,2,2,1,6,0,0,0,0,0
43,35,2,2,0,5,1,0,0,0,1
30,22,2,2,1,6,1,0,0,0,1
25,17,2,2,0,5,1,0,0,0,1
33,25,2,2,0,5,1,0,0,0,1
33,26,3,2,0,6,0,0,0,0,0
34,26,2,2,0,5,1,0,0,0,1
21,13,2,2,0,5,1,0,0,0,1
21,14,2,2,0,5,0,0,0,0,0
44,25,2,4,2,9,1,0,0,0,0
77,12,2,3,0,8,1,0,0,0,0
36,27,2,3,2,8,1,0,0,0,0
32,23,3,3,0,7,1,0,0,0,0
42,33,2,3,3,9,1,0,0,0,0
29,22,2,2,0,5,0,0,0,0,0
30,22,4,2,0,7,1,0,0,0,1
24,17,3,2,0,6,0,0,0,0,0
47,38,3,3,0,7,1,0,0,0,0
37,29,2,2,0,5,1,0,0,0,1
26,18,2,2,0,5,1,0,0,0,1
27,19,2,2,1,6,1,0,0,0,1
27,19,2,2,0,5,1,0,0,0,1
27,19,2,2,0,5,1,0,0,0,1
28,21,2,2,0,5,0,0,0,0,0
32,24,2,2,0,5,1,0,0,0,1
27,20,2,2,0,5,0,0,0,0,0
21,13,2,2,0,5,1,0,0,0,1
28,20,2,2,0,5,1,0,0,0,1
190,19,2,7,6,18,1,0,0,1,0
34,26,2,2,0,5,1,0,0,0,1
35,26,2,3,2,8,1,0,0,0,0
27,19,2,2,0,5,1,0,0,0,1
29,21,2,2,0,5,1,0,0,0,1
56,47,3,3,4,11,1,0,0,0,0
25,18,2,2,0,5,0,0,0,0,0
57,40,3,3,2,10,1,0,0,0,0
23,15,3,2,0,6,1,0,0,0,1
28,20,2,2,0,5,1,0,0,0,1
23,15,2,2,0,5,1,0,0,0,1
27,19,3,2,0,6,1,0,0,0,1
26,17,2,3,1,7,1,0,0,0,0
25,18,2,2,1,6,0,0,0,0,0
20,13,3,2,0,6,0,0,0,0,0
27,19,2,2,1,6,1,0,0,0,1
26,18,2,2,0,5,1,0,0,0,1
23,15,2,2,0,5,1,0,0,0,1
20,12,2,2,0,5,1,0,0,0,1
28,21,2,2,0,5,0,0,0,0,0
21,14,2,2,0,5,0,0,0,0,0
21,14,2,2,0,5,0,0,0,0,0
30,22,2,2,0,5,1,0,0,0,1
20,13,2,2,0,5,0,0,0,0,0
28,20,2,2,0,5,1,0,0,0,1
26,18,3,2,0,6,1,0,0,0,1
27,19,2,2,0,5,1,0,0,0,1
28,20,2,2,0,5,1,0,0,0,1
30,22,3,2,0,6,1,0,0,0,1
26,18,2,2,0,5,1,0,0,0,1
45,37,2,2,0,5,1,0,0,0,1
23,15,2,2,0,5,1,0,0,0,1
26,18,2,2,0,5,1,0,0,0,1
56,47,2,3,3,9,1,0,0,0,0
23,15,3,2,0,6,1,0,0,0,1
26,18,3,2,1,7,1,0,0,0,1
23,15,3,2,0,6,1,0,0,0,1
26,18,2,2,0,5,1,0,0,0,1
23,15,3,2,0,6,1,0,0,0,1
31,23,2,2,0,5,1,0,0,0,1
22,15,2,2,0,5,0,0,0,0,0
37,29,2,2,0,5,1,0,0,0,1
40,18,2,3,0,6,1,0,0,1,0
28,20,2,2,0,5,1,0,0,0,1
28,21,3,2,0,6,0,0,0,0,0
19,11,2,2,0,5,1,0,0,0,1
26,18,2,2,0,5,1,0,0,0,1
29,22,2,2,0,5,0,0,0,0,0
30,22,3,2,0,6,1,0,0,0,1
30,22,3,2,0,6,1,0,0,0,1
34,26,3,2,0,6,1,0,0,0,1
29,21,2,2,0,5,1,0,0,0,1
28,20,2,2,0,5,1,0,0,0,1
44,20,2,3,0,6,1,0,0,0,0
32,25,3,2,0,6,0,0,0,0,0
24,16,2,2,0,5,1,0,0,0,1
20,12,2,2,0,5,1,0,0,0,1
26,18,3,2,0,6,1,0,0,0,1
28,15,1,3,0,6,1,0,0,0,0
26,18,2,2,0,5,1,0,0,0,1
22,15,2,2,1,6,0,0,0,0,0
31,23,2,2,0,5,1,0,0,0,1
23,15,2,2,0,5,1,0,0,0,1
28,21,2,2,0,5,0,0,0,0,0
28,20,3,2,1,7,1,0,0,0,1
28,20,2,2,0,5,1,0,0,0,1
21,13,2,2,0,5,1,0,0,0,1
21,14,2,2,0,5,0,0,0,0,0
28,20,2,2,0,5,1,0,0,0,1
30,22,2,2,0,5,1,0,0,0,1
21,13,3,2,0,6,1,0,0,0,1
45,36,2,3,2,8,1,0,0,0,0
21,13,2,2,0,5,1,0,0,0,1
24,17,3,2,0,6,0,0,0,0,0
24,16,2,2,0,5,1,0,0,0,1
35,28,3,2,0,6,0,0,0,0,0
28,20,3,2,0,6,1,0,0,0,1
22,15,2,2,0,5,0,0,0,0,0
50,42,3,3,0,7,0,0,0,0,0
27,19,2,2,0,5,1,0,0,0,1
25,18,3,2,0,6,0,0,0,0,0
38,31,3,2,0,6,0,0,0,1,0
31,23,2,2,1,6,1,0,0,0,1
25,17,2,2,0,5,1,0,0,0,1
22,14,2,2,0,5,1,0,0,0,1
30,22,2,2,0,5,1,0,0,0,1
37,29,3,2,0,6,1,0,0,0,1
34,25,2,3,1,7,1,0,0,0,0
53,44,2,3,1,7,1,0,0,0,0
32,25,2,2,0,5,0,0,0,0,0
27,20,2,2,0,5,0,0,0,0,0
40,32,2,2,0,5,1,0,0,0,1
21,13,2,2,0,5,1,0,0,0,1
22,14,2,2,0,5,1,0,0,0,1
28,20,2,2,0,5,1,0,0,0,1
40,32,3,2,0,6,1,0,0,0,1
24,16,2,2,0,5,1,0,0,0,1
33,24,2,3,0,6,1,0,0,0,0
18,11,2,2,0,5,0,0,0,0,0
21,14,2,2,0,5,0,0,0,0,0
26,18,3,2,0,6,1,0,0,0,1
23,16,2,2,0,5,0,0,0,0,0
25,17,2,2,0,5,1,0,0,0,1
27,20,2,2,0,5,0,0,0,0,0
23,15,3,2,0,6,1,0,0,0,1
31,23,4,2,0,7,1,0,0,0,1
27,19,2,2,1,6,1,0,0,0,1
20,13,2,2,0,5,0,0,0,0,0
26,19,2,2,0,5,0,0,0,0,0
27,19,2,2,0,5,1,0,0,0,1
27,19,2,2,0,5,1,0,0,0,1
242,17,2,9,1,22,1,0,0,1,0
33,25,2,2,0,5,1,0,0,0,1
26,18,2,2,0,5,1,0,0,0,1
26,18,2,2,1,6,1,0,0,0,1
35,28,3,2,0,6,0,0,0,0,0
37,29,2,2,0,5,1,0,0,0,1
39,21,1,4,2,8,1,0,0,0,0
26,18,2,2,0,5,1,0,0,0,1
25,17,2,2,1,6,1,0,0,0,1
24,16,2,2,0,5,1,0,0,0,1
23,15,2,2,0,5,1,0,0,0,1
22,15,2,2,0,5,0,0,0,0,0
22,14,2,2,0,5,1,0,0,0,1
27,18,2,3,0,6,1,0,0,0,0
23,15,2,2,0,5,1,0,0,0,1
30,22,2,2,0,5,1,0,0,0,1
34,26,3,2,0,6,1,0,0,0,1
28,20,2,2,0,5,1,0,0,0,1
32,24,2,2,0,5,1,0,0,0,1
30,22,2,2,0,5,1,0,0,0,1
29,21,2,3,0,6,0,0,0,0,0
31,23,3,2,0,6,1,0,0,0,1
42,33,2,3,3,9,1,0,0,0,0
50,22,3,4,0,8,1,0,0,0,0
68,28,2,4,0,9,1,0,0,0,0
29,13,1,3,0,6,1,0,0,0,0
32,24,2,2,0,5,1,0,0,0,1
31,23,2,2,0,5,1,0,0,0,1
28,20,2,2,0,5,1,0,0,0,1
22,15,2,2,1,6,0,0,0,0,0
30,21,2,3,1,7,1,0,0,0,0
27,19,3,2,0,6,1,0,0,0,1
27,19,3,2,0,6,1,0,0,0,1
28,20,3,2,0,6,1,0,0,0,1
30,23,2,2,0,5,0,0,0,0,0
45,15,2,6,0,9,1,0,0,1,0
29,22,3,2,0,6,0,0,0,0,0
23,16,3,2,0,6,0,0,0,0,0
30,22,2,2,0,5,1,0,0,0,1
37,29,2,2,0,5,1,0,0,0,1
30,22,3,2,0,6,1,0,0,0,1
28,20,2,2,0,5,1,0,0,0,1
25,17,2,2,0,5,1,0,0,0,1
35,26,3,3,0,7,1,0,0,0,0
24,17,2,2,1,6,0,0,0,0,0
31,23,2,2,0,5,1,0,0,0,1
29,21,2,2,0,5,1,0,0,0,1
25,17,2,2,1,6,1,0,0,0,1
24,16,3,2,0,6,1,0,0,0,1
28,21,2,2,0,5,0,0,0,0,0
22,14,3,2,0,6,1,0,0,0,1
33,26,2,2,0,5,0,0,0,0,0
30,23,2,2,1,6,0,0,0,0,0
43,36,4,2,0,7,0,0,0,0,0
24,16,2,2,0,5,1,0,0,0,1
18,10,2,2,0,5,1,0,0,0,1
28,21,3,2,0,6,0,0,0,0,0
87,22,3,4,1,10,1,0,0,0,0
28,20,2,2,0,5,1,0,0,0,1
29,22,1,2,1,5,0,0,0,0,0
21,14,2,2,1,6,0,0,0,0,0
74,13,2,5,0,8,1,0,0,0,0
32,24,2,2,0,5,1,0,0,0,1
32,24,2,2,0,5,1,0,0,0,1
25,17,2,2,0,5,1,0,0,0,1
22,14,2,2,0,5,1,0,0,0,1
24,16,2,2,0,5,1,0,0,0,1
63,31,3,5,0,9,1,0,0,1,0
33,25,2,2,0,5,1,0,0,0,1
22,14,2,2,0,5,1,0,0,0,1
26,18,2,2,0,5,1,0,0,0,1
26,18,2,2,0,5,1,0,0,0,1
20,12,2,2,0,5,1,0,0,0,1
30,23,3,2,0,6,0,0,0,0,0
24,16,2,2,0,5,1,0,0,0,1
28,21,3,2,0,6,0,0,0,0,0
24,16,2,2,0,5,1,0,0,0,1
28,20,2,2,0,5,1,0,0,0,1
26,18,2,2,0,5,1,0,0,0,1
23,15,2,2,0,5,1,0,0,0,1
37,28,2,3,2,8,1,0,0,0,0
27,20,3,2,0,6,0,0,0,0,0
42,13,1,5,0,7,1,0,0,0,0
21,14,2,2,0,5,0,0,0,0,0
28,21,2,2,0,5,0,0,0,0,0
24,16,2,2,1,6,1,0,0,0,1
33,24,2,3,2,8,1,0,0,0,0
31,24,3,2,0,6,0,0,0,0,0
27,20,3,2,0,6,0,0,0,0,0
22,14,2,2,0,5,1,0,0,0,1
65,20,1,3,4,9,1,0,0,0,0
27,19,3,2,0,6,1,0,0,0,1
28,20,2,2,0,5,1,0,0,0,1
35,27,2,2,0,5,1,0,0,0,1
23,15,2,2,0,5,1,0,0,0,1
21,13,3,2,0,6,1,0,0,0,1
41,28,2,3,1,9,1,0,0,0,0
32,24,3,2,0,6,1,0,0,0,1
34,26,2,2,0,5,1,0,0,0,1
25,17,2,2,0,5,1,0,0,0,1
26,18,2,2,1,6,1,0,0,0,1
24,16,2,2,0,5,1,0,0,0,1
26,18,2,2,0,5,1,0,0,0,1
70,16,2,6,0,9,1,0,0,0,0
27,19,2,2,0,5,1,0,0,0,1
22,14,2,2,0,5,1,0,0,0,1
32,24,2,2,2,7,1,0,0,0,1
29,21,2,2,0,5,1,0,0,0,1
62,53,2,3,1,7,1,0,0,1,0
27,20,2,2,0,5,0,0,0,0,0
23,16,2,2,0,5,0,0,0,0,0
32,25,3,2,0,6,0,0,0,0,0
31,23,2,2,0,5,1,0,0,0,1
27,19,2,2,0,5,1,0,0,0,1
19,11,1,3,0,5,0,0,0,0,0
35,27,2,2,0,5,1,0,0,0,1
29,22,2,2,0,5,0,0,0,1,0
43,34,2,3,0,6,1,0,0,0,0
27,19,2,2,0,5,1,0,0,0,1
44,35,2,3,2,8,1,0,0,0,0
26,19,3,2,0,6,0,0,0,0,0
20,13,2,2,0,5,0,0,0,0,0
24,16,2,2,0,5,1,0,0,0,1
31,23,3,2,0,6,1,0,0,0,1
32,25,3,2,0,6,0,0,0,0,0
28,20,2,2,1,6,1,0,0,0,1
24,17,2,2,0,5,0,0,0,0,0
19,11,2,2,0,5,1,0,0,0,1
41,33,3,2,0,6,1,0,0,0,1
35,27,2,2,0,5,1,0,0,0,1
71,29,5,3,2,13,1,1,0,0,0
66,32,4,3,2,12,1,1,0,0,0
25,17,2,2,0,5,1,0,0,0,1
31,23,2,2,0,5,1,0,0,0,1
48,41,2,2,0,5,0,0,0,0,0
33,25,3,2,0,6,1,0,0,0,1
25,18,2,2,0,5,0,0,0,0,0
36,28,2,2,0,5,1,0,0,0,1
82,7,2,5,0,8,1,0,0,0,0
20,13,2,2,0,5,0,0,0,0,0
29,21,2,2,0,5,1,0,0,0,1
103,30,2,5,8,16,1,0,0,0,0
26,19,2,2,0,5,0,0,0,0,0
29,21,2,2,0,5,1,0,0,0,1
24,16,2,2,0,5,1,0,0,0,1
29,22,2,2,0,5,0,0,0,0,0
44,17,1,3,2,7,1,0,0,0,0
24,16,2,2,0,5,1,0,0,0,1
39,30,2,3,0,6,1,0,0,0,0
28,21,2,2,0,5,0,0,0,0,0
26,13,1,3,0,5,1,0,0,0,0
88,13,3,5,0,11,1,0,0,0,0
23,16,2,2,0,5,0,0,0,0,0
30,22,2,2,0,5,1,0,0,0,1
25,17,2,2,0,5,1,0,0,0,1
59,36,5,4,0,10,1,0,0,0,0
27,19,2,2,0,5,1,0,0,0,1
23,15,2,3,0,6,0,0,0,0,0
31,23,2,2,0,5,1,0,0,0,1
29,21,2,2,0,5,1,0,0,0,1
18,10,2,2,0,5,1,0,0,0,1
38,29,2,3,0,6,1,0,0,0,0
31,24,2,2,0,5,0,0,0,0,0
54,45,2,3,2,8,1,0,0,0,0
22,14,2,2,0,5,1,0,0,0,1
43,35,2,2,0,5,1,0,0,0,1
36,28,2,2,0,5,1,0,0,0,1
29,21,2,2,1,6,1,0,0,0,1
116,64,2,3,0,8,1,0,0,0,0
35,28,2,2,0,5,0,0,0,0,0
23,16,3,2,0,6,0,0,0,0,0
28,20,2,2,1,6,1,0,0,0,1
28,20,2,2,0,5,1,0,0,0,1
22,15,2,2,0,5,0,0,0,0,0
22,14,3,2,0,6,1,0,0,0,1
48,41,2,2,0,5,0,0,0,0,0
21,13,2,2,0,5,1,0,0,0,1
31,23,2,2,0,5,1,0,0,0,1
21,13,3,2,0,6,1,0,0,0,1
31,23,2,2,0,5,1,0,0,0,1
26,18,3,2,0,6,1,0,0,0,1
31,24,3,2,0,6,0,0,0,0,0
21,13,3,2,0,6,1,0,0,0,1
23,15,2,2,0,5,1,0,0,0,1
26,18,2,2,0,5,1,0,0,0,1
28,20,2,2,1,6,1,0,0,0,1
27,20,3,2,0,6,0,0,0,0,0
22,14,2,2,0,5,1,0,0,0,1
46,37,2,3,1,7,1,0,0,0,0
39,31,2,3,0,6,0,0,0,0,0
25,17,2,2,0,5,1,0,0,0,1
109,74,4,3,2,12,1,0,0,0,0
32,25,3,2,0,6,0,0,0,0,0
28,21,4,2,0,7,0,0,0,0,0
31,23,2,2,0,5,1,0,0,0,1
28,21,3,2,0,6,0,0,0,0,0
30,23,2,2,0,5,0,0,0,0,0
40,31,2,3,1,7,1,0,0,0,0
26,18,2,2,0,5,1,0,0,0,1
42,33,2,3,4,10,1,0,0,0,0
48,41,2,2,0,5,0,0,0,0,0
28,20,2,2,0,5,1,0,0,0,1
34,26,3,2,0,6,1,0,0,0,1
26,18,2,2,0,5,1,0,0,0,1
34,25,2,3,1,7,1,0,0,0,0
29,21,2,2,1,6,1,0,0,0,1
31,24,2,2,0,5,0,0,0,0,0
22,14,2,2,0,5,1,0,0,0,1
34,26,2,2,0,5,1,0,0,0,1
50,43,3,2,0,6,0,0,0,0,0
26,18,2,2,0,5,1,0,0,0,1
24,17,2,2,0,5,0,0,0,0,0
20,13,2,2,1,6,0,0,0,0,0
36,28,2,2,1,6,1,0,0,0,1
25,17,2,2,0,5,1,0,0,0,1
24,16,2,2,0,5,1,0,0,0,1
22,14,1,2,0,4,1,0,0,0,0
20,13,2,2,0,5,0,0,0,0,0
25,17,2,2,0,5,1,0,0,0,1
25,17,3,2,0,6,1,0,0,0,1
26,18,2,2,0,5,1,0,0,0,1
28,21,2,2,1,6,0,0,0,1,0
25,17,2,2,0,5,1,0,0,0,1
29,21,2,2,0,5,1,0,0,0,1
30,22,2,2,0,5,1,0,0,0,1
20,12,2,2,0,5,1,0,0,0,1
22,14,3,2,0,6,1,0,0,0,1
26,18,2,2,0,5,1,0,0,0,1
47,40,2,2,0,5,0,0,0,0,0
33,25,2,2,0,5,1,0,0,0,1
26,19,3,2,1,7,0,0,0,0,0
24,17,3,2,0,6,0,0,0,0,0
24,16,3,2,0,6,1,0,0,0,1
44,35,2,3,1,7,1,0,0,0,0
22,15,2,2,0,5,0,0,0,0,0
28,20,2,2,0,5,1,0,0,0,1
26,18,2,2,0,5,1,0,0,0,1
19,11,2,2,0,5,1,0,0,0,1
24,16,2,2,0,5,1,0,0,0,1
27,19,2,2,0,5,1,0,0,0,1
26,18,2,2,1,6,1,0,0,0,1
18,11,2,2,0,5,0,0,0,0,0
40,32,2,2,0,5,1,0,0,0,1
54,36,4,4,2,11,1,0,0,1,0
29,22,2,2,1,6,0,0,0,0,0
29,12,3,3,0,7,0,0,0,0,0
27,20,2,2,0,5,0,0,0,0,0
26,18,2,2,0,5,1,0,0,0,1
26,18,2,2,0,5,1,0,0,0,1
30,22,2,2,1,6,1,0,0,0,1
27,20,2,2,0,5,0,0,0,0,0
34,25,2,3,0,6,1,0,0,0,0
30,22,2,2,1,6,1,0,0,0,1
29,21,2,2,0,5,1,0,0,0,1
34,26,2,2,0,5,1,0,0,0,1
50,27,4,3,1,9,1,0,0,1,0
184,19,2,3,5,34,1,0,0,0,0
24,16,2,2,0,5,1,0,0,0,1
32,23,2,3,1,7,1,0,0,0,0
26,18,3,2,0,6,1,0,0,0,1
26,18,2,2,0,5,1,0,0,0,1
26,17,2,3,1,7,1,0,0,0,0
28,20,2,2,0,5,1,0,0,0,1
20,12,2,2,0,5,1,0,0,0,1
27,19,3,2,0,6,1,0,0,0,1
24,17,2,2,0,5,0,0,0,0,0
28,21,2,2,0,5,0,0,0,0,0
29,21,2,2,0,5,1,0,0,0,1
23,15,3,2,0,6,1,0,0,0,1
30,22,2,2,0,5,1,0,0,0,1
26,18,2,2,0,5,1,0,0,0,1
34,26,2,2,0,5,1,0,0,0,1
56,47,3,3,4,11,1,0,0,0,0
24,16,2,2,0,5,1,0,0,0,1
41,33,2,3,2,8,0,0,0,0,0
56,25,2,3,3,9,1,0,0,1,0
22,15,2,2,0,5,0,0,0,0,0
24,17,2,2,0,5,0,0,0,0,0
53,44,2,3,3,9,1,0,0,0,0
30,22,2,2,1,6,1,0,0,0,1
26,18,2,2,0,5,1,0,0,0,1
37,29,2,2,0,5,1,0,0,0,1
30,22,2,2,0,5,1,0,0,0,1
40,31,2,3,2,8,1,0,0,0,0
32,24,2,2,1,6,1,0,0,0,1
31,24,2,2,0,5,0,0,0,0,0
30,22,2,2,0,5,1,0,0,0,1
22,15,2,2,1,6,0,0,0,0,0
91,73,4,3,0,8,1,0,0,0,0
23,15,2,2,0,5,1,0,0,0,1
24,16,2,2,0,5,1,0,0,0,1
21,13,2,2,0,5,1,0,0,0,1
28,20,2,2,0,5,1,0,0,0,1
25,18,2,2,1,6,0,0,0,0,0
167,15,2,7,3,20,1,0,0,0,0
22,14,2,2,0,5,1,0,0,0,1
34,26,2,2,0,5,1,0,0,0,1
26,18,2,2,0,5,1,0,0,0,1
23,16,2,2,0,5,0,0,0,0,0
21,14,2,2,0,5,0,0,0,0,0
25,17,2,2,0,5,1,0,0,0,1
22,15,1,2,0,4,0,0,0,0,0
29,21,2,2,0,5,1,0,0,0,1
63,43,3,3,2,9,1,0,0,0,0
30,23,2,2,0,5,0,0,0,1,0
40,32,2,2,0,5,1,0,0,0,1
27,19,3,2,0,6,1,0,0,0,1
31,23,3,2,0,6,1,0,0,0,1
27,20,2,2,1,6,0,0,0,0,0
32,24,2,2,0,5,1,0,0,0,1
28,20,2,2,0,5,1,0,0,0,1
22,14,2,2,0,5,1,0,0,0,1
22,15,2,2,0,5,0,0,0,0,0
20,12,2,2,0,5,1,0,0,0,1
30,22,2,2,0,5,1,0,0,0,1
20,12,2,2,0,5,1,0,0,0,1
22,14,2,2,0,5,1,0,0,0,1
26,18,2,2,0,5,1,0,0,0,1
28,20,2,2,0,5,1,0,0,0,1
49,24,2,5,0,8,1,0,0,0,0
28,21,3,2,0,6,0,0,0,0,0
27,19,2,2,0,5,1,0,0,0,1
20,12,2,2,0,5,1,0,0,0,1
24,16,2,2,0,5,1,0,0,0,1
50,31,6,4,0,11,0,0,0,0,0
23,15,2,2,0,5,1,0,0,0,1
22,14,2,3,0,6,0,0,0,0,0
42,34,3,2,1,7,1,0,0,0,0
26,18,2,2,0,5,1,0,0,0,1
43,36,3,2,0,6,0,0,0,0,0
24,16,2,2,0,5,1,0,0,0,1
22,14,2,2,0,5,1,0,0,0,1
24,16,2,2,0,5,1,0,0,0,1
20,12,2,2,0,5,1,0,0,0,1
32,24,2,2,0,5,1,0,0,0,1
38,29,2,3,2,8,1,0,0,0,0
49,40,2,3,2,8,1,0,0,0,0
33,25,2,2,0,5,1,0,0,0,1
27,19,3,2,0,6,1,0,0,0,1
28,20,2,2,0,5,1,0,0,0,1
33,25,2,2,0,5,1,0,0,0,1
28,21,3,2,0,6,0,0,0,0,0
36,28,2,2,1,6,1,0,0,0,1
36,28,2,2,0,5,1,0,0,0,1
27,19,2,2,0,5,1,0,0,0,1
88,13,3,5,0,11,1,0,0,0,0
24,17,2,2,0,5,0,0,0,0,0
25,17,3,2,0,6,1,0,0,0,1
75,24,2,8,1,12,1,0,0,0,0
33,26,2,2,0,5,0,0,0,0,0
24,16,2,2,0,5,1,0,0,0,1
27,20,2,2,0,5,0,0,0,0,0
23,15,2,2,0,5,1,0,0,0,1
27,20,2,2,0,5,0,0,0,0,0
28,20,2,2,0,5,1,0,0,0,1
27,19,2,2,0,5,1,0,0,0,1
28,20,2,2,0,5,1,0,0,0,1
26,18,2,2,1,6,1,0,0,0,1
53,32,3,3,1,8,1,0,0,0,0
25,18,2,2,0,5,0,0,0,0,0
45,19,4,4,0,9,0,0,0,0,0
32,25,2,2,0,5,0,0,0,0,0
27,19,2,2,0,5,1,0,0,0,1
26,18,2,2,0,5,1,0,0,0,1
19,11,2,2,0,5,1,0,0,0,1
31,23,3,2,0,6,1,0,0,0,1
29,21,2,2,0,5,1,0,0,0,1
80,18,3,8,3,15,0,0,0,1,0
28,20,2,2,0,5,1,0,0,0,1
29,21,2,2,0,5,1,0,0,0,1
21,13,2,2,0,5,1,0,0,0,1
31,24,3,2,0,6,0,0,0,0,0
26,18,2,2,0,5,1,0,0,0,1
27,19,2,2,0,5,1,0,0,0,1
30,23,3,2,0,6,0,0,0,0,0
23,16,3,2,0,6,0,0,0,0,0
31,23,3,2,0,6,1,0,0,0,1
30,22,2,2,1,6,1,0,0,0,1
26,18,2,2,0,5,1,0,0,0,1
35,27,2,2,1,6,1,0,0,0,1
19,11,2,2,0,5,1,0,0,0,1
30,23,2,2,0,5,0,0,0,0,0
26,19,3,2,0,6,0,0,0,0,0
24,17,2,2,1,6,0,0,0,0,0
56,25,4,5,1,11,1,0,0,1,0
23,15,2,2,0,5,1,0,0,0,1
37,29,2,2,0,5,1,0,0,0,1
40,31,2,3,1,7,1,0,0,0,0
35,28,3,2,0,6,0,0,0,0,0
31,23,2,2,0,5,1,0,0,0,1
22,14,2,2,0,5,1,0,0,0,1
21,13,2,2,0,5,1,0,0,0,1
33,26,3,2,0,6,0,0,0,0,0
25,17,2,2,0,5,1,0,0,0,1
27,20,2,2,0,5,0,0,0,0,0
26,18,3,2,0,6,1,0,0,0,1
26,19,2,2,0,5,0,0,0,0,0
19,11,2,2,0,5,1,0,0,0,1
29,22,2,2,0,5,0,0,0,0,0
24,16,2,2,0,5,1,0,0,0,1
31,23,2,2,0,5,1,0,0,0,1
23,15,2,2,0,5,1,0,0,0,1
30,22,2,2,0,5,1,0,0,0,1
23,16,2,2,0,5,0,0,0,0,0
55,34,3,5,0,9,1,0,0,0,0
23,16,2,2,1,6,0,0,0,0,0
85,24,6,7,0,14,0,0,0,0,0
28,20,3,2,0,6,1,0,0,0,1
27,19,2,2,0,5,1,0,0,0,1
36,28,2,2,0,5,1,0,0,0,1
31,23,2,2,0,5,1,0,0,0,1
21,13,2,2,0,5,1,0,0,0,1
21,13,2,2,0,5,1,0,0,0,1
24,17,2,2,0,5,0,0,0,0,0
27,19,2,2,0,5,1,0,0,0,1
21,13,2,2,0,5,1,0,0,0,1
29,21,2,2,0,5,1,0,0,0,1
23,15,3,2,0,6,1,0,0,0,1
33,25,2,3,1,7,0,0,0,0,0
35,26,2,3,2,8,1,0,0,1,0
21,13,2,2,0,5,1,0,0,0,1
43,35,3,3,0,7,0,0,0,0,0
27,18,2,3,0,6,1,0,0,0,0
47,39,2,3,2,8,0,0,0,0,0
38,30,2,2,0,5,1,0,0,0,1
30,22,3,2,0,6,1,0,0,0,1
44,35,2,3,3,9,1,0,0,0,0
28,20,3,2,0,6,1,0,0,0,1
27,20,2,2,0,5,0,0,0,0,0
30,22,2,2,0,5,1,0,0,0,1
27,20,2,2,0,5,0,0,0,0,0
42,26,2,3,1,7,1,0,0,0,0
20,12,2,2,0,5,1,0,0,0,1
29,21,2,2,0,5,1,0,0,0,1
31,23,2,2,0,5,1,0,0,0,1
25,17,2,2,0,5,1,0,0,0,1
39,31,2,2,2,7,1,0,0,0,1
32,24,3,2,0,6,1,0,0,0,1
22,15,2,2,0,5,0,0,0,0,0
27,19,2,2,0,5,1,0,0,0,1
26,18,2,2,0,5,1,0,0,0,1
26,18,2,2,0,5,1,0,0,0,1
38,30,2,2,0,5,1,0,0,0,1
26,18,2,2,0,5,1,0,0,0,1
24,16,3,2,0,6,1,0,0,0,1
250,17,3,3,1,49,1,0,0,0,0
21,13,2,2,0,5,1,0,0,0,1
24,17,3,2,0,6,0,0,0,0,0
28,21,2,2,0,5,0,0,0,0,0
31,24,2,2,0,5,0,0,0,0,0
24,17,2,2,0,5,0,0,0,0,0
23,15,2,2,0,5,1,0,0,0,1
31,24,2,2,0,5,0,0,0,0,0
28,20,2,2,0,5,1,0,0,0,1
44,20,2,5,0,8,0,0,0,0,0
30,22,2,2,1,6,1,0,0,0,1
18,11,2,2,0,5,0,0,0,0,0
22,15,2,2,0,5,0,0,0,0,0
23,15,2,2,0,5,1,0,0,0,1
31,23,2,2,0,5,1,0,0,0,1
24,16,2,2,0,5,1,0,0,0,1
20,12,2,2,0,5,1,0,0,0,1
23,16,2,2,0,5,0,0,0,0,0
35,27,3,2,0,6,1,0,0,0,1
32,24,2,2,0,5,1,0,0,0,1
32,25,2,2,0,5,0,0,0,0,0
26,18,2,2,0,5,1,0,0,1,1
27,19,2,2,0,5,1,0,0,0,1
24,16,2,2,0,5,1,0,0,0,1
22,14,2,2,0,5,1,0,0,0,1
64,25,2,4,0,11,0,0,0,0,0
39,31,2,2,0,5,1,0,0,0,1
55,46,3,3,2,9,1,0,0,0,0
24,17,2,2,0,5,0,0,0,0,0
27,19,2,2,0,5,1,0,0,0,1
21,13,2,2,0,5,1,0,0,0,1
25,17,2,2,1,6,1,0,0,0,1
42,33,3,3,4,11,1,0,0,0,0
47,32,2,3,0,6,0,0,0,0,0
32,24,2,2,0,5,1,0,0,0,1
27,19,2,2,0,5,1,0,0,0,1
26,18,2,2,0,5,1,0,0,0,1
33,25,3,2,0,6,1,0,0,0,1
21,13,2,2,0,5,1,0,0,0,1
234,78,5,4,17,34,1,0,0,0,0
17,10,2,2,0,5,0,0,0,0,0
23,15,3,2,0,6,1,0,0,0,1
21,13,2,2,0,5,1,0,0,0,1
38,31,2,2,0,5,0,0,0,0,0
26,18,2,2,0,5,1,0,0,0,1
26,18,2,2,0,5,1,0,0,0,1
25,17,2,2,0,5,1,0,0,0,1
23,15,2,2,0,5,1,0,0,0,1
28,20,2,2,0,5,1,0,0,0,1
27,20,2,2,0,5,0,0,0,0,0
27,19,2,2,0,5,1,0,0,0,1
31,24,2,2,0,5,0,0,0,0,0
26,18,2,2,0,5,1,0,0,0,1
27,19,2,2,0,5,1,0,0,0,1
25,16,2,3,0,6,1,0,0,0,0
37,28,2,3,0,6,1,0,0,0,0
28,21,3,2,0,6,0,0,0,0,0
40,32,2,3,0,6,0,0,0,0,0
26,18,2,2,1,6,1,0,0,0,1
35,27,2,2,0,5,1,0,0,0,1
35,28,2,2,0,5,0,0,0,0,0
23,15,2,2,0,5,1,0,0,0,1
29,22,2,2,0,5,0,0,0,0,0
34,26,3,2,0,6,1,0,0,0,1
27,19,2,2,0,5,1,0,0,0,1
19,11,2,2,0,5,1,0,0,0,1
32,25,2,2,0,5,0,0,0,0,0
48,34,4,4,3,12,1,0,0,1,0
32,24,2,2,0,5,1,0,0,0,1
29,22,2,2,0,5,0,0,0,0,0
29,22,3,2,0,6,0,0,0,0,0
21,14,2,2,0,5,0,0,0,0,0
23,16,2,2,0,5,0,0,0,0,0
23,15,2,2,0,5,1,0,0,0,1
25,18,2,2,0,5,0,0,0,0,0
25,18,2,2,0,5,0,0,0,0,0
26,18,2,2,0,5,1,0,0,0,1
30,22,2,2,0,5,1,0,0,0,1
30,22,2,2,0,5,1,0,0,0,1
33,25,2,2,0,5,1,0,0,0,1
24,16,2,2,0,5,1,0,0,0,1
27,20,3,2,0,6,0,0,0,0,0
34,26,3,2,0,6,1,0,0,0,1
31,23,2,2,0,5,1,0,0,0,1
27,19,2,2,0,5,1,0,0,0,1
32,24,2,2,1,6,1,0,0,0,1
31,23,2,2,0,5,1,0,0,0,1
36,28,3,2,0,6,1,0,0,0,1
35,27,2,2,1,6,1,0,0,0,1
25,17,2,2,0,5,1,0,0,0,1
82,16,3,5,0,10,0,0,0,0,0
23,15,3,2,0,6,1,0,0,0,1
52,43,3,3,2,9,1,0,0,0,0
25,17,2,2,0,5,1,0,0,0,1
25,18,2,2,0,5,0,0,0,0,0
30,22,3,2,0,6,1,0,0,0,1
27,20,3,2,0,6,0,0,0,0,0
78,58,2,3,4,10,1,0,0,0,0
28,20,2,2,0,5,1,0,0,0,1
24,17,2,2,0,5,0,0,0,0,0
27,19,2,2,0,5,1,0,0,0,1
29,21,2,2,1,6,1,0,0,0,1
24,16,2,2,0,5,1,0,0,0,1
25,17,2,2,0,5,1,0,0,0,1
29,21,2,2,1,6,1,0,0,0,1
31,23,3,2,0,6,1,0,0,0,1
51,37,5,3,2,11,0,0,0,0,0
22,14,3,2,0,6,1,0,0,0,1
46,29,5,3,1,10,1,0,0,0,0
29,21,2,2,0,5,1,0,0,0,1
28,21,2,2,0,5,0,0,0,0,0
32,24,2,2,0,5,1,0,0,0,1
19,11,2,2,0,5,1,0,0,0,1
24,16,2,2,0,5,1,0,0,0,1
31,23,2,2,0,5,1,0,0,0,1
32,25,3,2,0,6,0,0,0,1,0
19,11,2,2,0,5,1,0,0,0,1
29,21,2,2,1,6,1,0,0,0,1
33,25,2,2,0,5,1,0,0,0,1
31,24,2,2,0,5,0,0,0,0,0
31,24,2,2,0,5,0,0,0,0,0
23,15,2,2,0,5,1,0,0,0,1
24,17,2,2,0,5,0,0,0,0,0
32,24,4,2,0,7,1,0,0,0,1
20,12,2,2,0,5,1,0,0,0,1
24,17,2,2,0,5,0,0,0,0,0
31,24,3,2,0,6,0,0,0,0,0
20,12,2,2,0,5,1,0,0,0,1
20,13,2,2,0,5,0,0,0,0,0
27,20,2,2,0,5,0,0,0,0,0
27,19,2,2,0,5,1,0,0,0,1
26,19,2,2,0,5,0,0,0,0,0
35,28,2,2,0,5,0,0,0,0,0
36,8,1,4,0,6,1,0,0,0,0
38,29,3,3,0,7,1,0,0,0,0
25,18,2,2,0,5,0,0,0,0,0
22,15,2,2,0,5,0,0,0,0,0
30,22,2,2,0,5,1,0,0,0,1
41,32,2,3,2,8,1,0,0,1,0
26,18,2,2,0,5,1,0,0,0,1
81,73,3,3,0,7,0,0,0,0,0
49,30,3,3,1,8,1,0,0,0,0
39,31,4,2,0,7,1,0,0,0,0
34,26,2,2,0,5,1,0,0,0,1
28,20,2,2,0,5,1,0,0,0,1
35,27,3,2,0,6,1,0,0,0,1
31,24,2,2,0,5,0,0,0,0,0
49,40,2,3,3,9,1,0,0,0,0
31,23,2,2,0,5,1,0,0,0,1
49,40,2,3,1,7,1,0,0,1,0
59,42,2,4,2,9,1,0,0,1,0
52,43,2,3,3,9,1,0,0,0,0
21,14,2,2,0,5,0,0,0,0,0
21,14,2,2,0,5,0,0,0,0,0
28,19,2,3,1,7,1,0,0,0,0
33,25,2,2,0,5,1,0,0,0,1
23,16,2,2,1,6,0,0,0,0,0
34,25,2,3,1,7,1,0,0,0,0
29,21,2,2,0,5,1,0,0,0,1
142,30,5,8,4,22,1,0,0,0,0
27,18,2,3,0,6,1,0,0,0,0
22,14,3,2,0,6,1,0,0,0,1
30,22,2,2,0,5,1,0,0,0,1
26,19,2,2,0,5,0,0,0,0,0
34,25,2,3,1,7,1,0,0,0,0
27,20,3,2,0,6,0,0,0,0,0
32,25,2,2,1,6,0,0,0,0,0
18,10,2,2,0,5,1,0,0,0,1
35,27,3,2,0,6,1,0,0,0,1
19,12,2,2,0,5,0,0,0,0,0
20,12,2,2,0,5,1,0,0,0,1
25,17,2,2,0,5,1,0,0,0,1
29,22,2,2,0,5,0,0,0,0,0
29,21,2,2,0,5,1,0,0,0,1
22,15,2,2,0,5,0,0,0,0,0
24,17,2,2,0,5,0,0,0,0,0
27,19,2,2,0,5,1,0,0,0,1
31,23,2,2,0,5,1,0,0,0,1
23,15,2,2,0,5,1,0,0,0,1
56,47,2,3,2,8,1,0,0,0,0
27,20,3,2,0,6,0,0,0,0,0
30,22,3,2,0,6,1,0,0,0,1
31,23,2,2,0,5,1,0,0,0,1
26,18,2,2,0,5,1,0,0,0,1
31,23,2,2,0,5,1,0,0,0,1
25,18,2,2,0,5,0,0,0,0,0
26,18,2,2,0,5,1,0,0,0,1
25,17,2,2,0,5,1,0,0,0,1
21,13,2,2,0,5,1,0,0,0,1
21,13,2,2,0,5,1,0,0,0,1
24,16,2,2,0,5,1,0,0,0,1
27,19,2,2,0,5,1,0,0,0,1
32,24,2,2,0,5,1,0,0,0,1
34,25,2,3,0,6,1,0,0,0,0
35,27,2,2,0,5,1,0,0,0,1
30,22,2,2,0,5,1,0,0,0,1
76,28,2,4,1,8,1,0,0,0,0
30,22,2,2,0,5,1,0,0,0,1
185,78,3,3,3,41,1,1,0,0,0
24,17,2,2,0,5,0,0,0,0,0
24,16,2,2,0,5,1,0,0,0,1
49,40,2,3,0,6,1,0,0,0,0
25,17,2,2,0,5,1,0,0,0,1
27,19,2,2,0,5,1,0,0,0,1
59,44,4,4,4,13,1,0,0,0,0
27,19,2,2,0,5,1,0,0,0,1
27,20,3,2,0,6,0,0,0,0,0
27,20,2,2,0,5,0,0,0,0,0
22,15,2,2,0,5,0,0,0,0,0
29,21,2,2,1,6,1,0,0,0,1
30,22,2,2,0,5,1,0,0,0,1
21,13,2,2,0,5,1,0,0,0,1
32,24,2,2,0,5,1,0,0,0,1
27,20,3,2,0,6,0,0,0,0,0
25,17,2,2,1,6,1,0,0,0,1
36,27,2,3,0,6,1,0,0,1,0
46,38,3,3,1,8,0,0,0,0,0
27,20,2,2,0,5,0,0,0,0,0
22,14,2,2,0,5,1,0,0,0,1
28,20,2,2,0,5,1,0,0,0,1
25,18,2,2,0,5,0,0,0,0,0
23,15,3,2,0,6,1,0,0,0,1
32,24,2,2,0,5,1,0,0,0,1
37,28,2,3,1,7,1,0,0,0,0
34,26,3,3,0,7,0,0,0,0,0
23,15,2,2,0,5,1,0,0,0,1
22,14,2,2,0,5,1,0,0,0,1
62,26,2,4,2,9,1,0,0,0,0
24,16,2,2,0,5,1,0,0,0,1
191,13,8,6,1,27,0,0,1,1,0
22,14,3,2,0,6,1,0,0,0,1
22,15,2,2,0,5,0,0,0,0,0
24,17,2,2,0,5,0,0,0,0,0
26,19,2,2,1,6,0,0,0,0,0
26,18,2,2,0,5,1,0,0,0,1
35,27,3,2,0,6,1,0,0,0,1
20,12,2,2,0,5,1,0,0,0,1
26,18,2,2,0,5,1,0,0,0,1
21,14,2,2,0,5,0,0,0,0,0
29,21,2,2,0,5,1,0,0,0,1
28,20,2,2,0,5,1,0,0,0,1
31,23,2,2,0,5,1,0,0,0,1
24,17,2,2,0,5,0,0,0,0,0
21,14,2,2,0,5,0,0,0,0,0
20,12,2,2,0,5,1,0,0,0,1
27,19,2,2,0,5,1,0,0,0,1
31,23,2,2,0,5,1,0,0,0,1
97,26,1,3,1,11,1,0,0,0,0
156,7,3,5,0,11,1,1,0,0,0
26,19,3,2,0,6,0,0,0,0,0
26,18,2,2,1,6,1,0,0,0,1
27,19,2,2,0,5,1,0,0,0,1
24,17,2,2,0,5,0,0,0,0,0
23,15,2,2,0,5,1,0,0,0,1
21,13,2,2,0,5,1,0,0,0,1
34,27,2,2,0,5,0,0,0,0,0
32,24,2,2,0,5,1,0,0,0,1
56,47,3,3,4,11,1,0,0,0,0
28,20,2,2,0,5,1,0,0,0,1
23,15,2,2,0,5,1,0,0,0,1
29,21,2,2,0,5,1,0,0,0,1
28,20,1,3,0,5,0,0,0,0,0
27,19,2,2,0,5,1,0,0,0,1
22,14,2,2,0,5,1,0,0,0,1
26,18,2,2,0,5,1,0,0,0,1
22,15,2,2,0,5,0,0,0,0,0
29,21,3,2,0,6,1,0,0,0,1
30,21,2,3,0,6,1,0,0,0,0
28,20,2,2,0,5,1,0,0,0,1
39,30,3,3,1,8,1,0,0,1,0
23,15,3,2,0,6,1,0,0,0,1
23,15,2,2,0,5,1,0,0,0,1
31,23,2,2,0,5,1,0,0,0,1
23,16,2,2,0,5,0,0,0,0,0
22,14,2,2,0,5,1,0,0,0,1
70,25,3,5,0,9,1,0,0,0,0
23,15,2,2,0,5,1,0,0,0,1
27,19,2,2,0,5,1,0,0,0,1
25,17,2,2,0,5,1,0,0,0,1
33,25,2,2,0,5,1,0,0,0,1
29,22,2,2,0,5,0,0,0,0,0
26,18,2,2,0,5,1,0,0,0,1
31,23,3,2,0,6,1,0,0,0,1
22,15,2,2,0,5,0,0,0,0,0
21,13,2,2,0,5,1,0,0,0,1
27,20,3,2,0,6,0,0,0,0,0
37,29,2,2,0,5,1,0,0,0,1
24,16,2,2,0,5,1,0,0,0,1
30,22,3,2,0,6,1,0,0,0,1
22,15,2,2,1,6,0,0,0,0,0
27,20,2,2,0,5,0,0,0,0,0
36,28,2,3,0,6,0,0,0,0,0
23,15,2,2,0,5,1,0,0,0,1
27,19,2,2,0,5,1,0,0,0,1
25,18,2,2,0,5,0,0,0,1,0
26,18,2,2,0,5,1,0,0,0,1
22,14,2,2,0,5,1,0,0,0,1
30,22,2,2,0,5,1,0,0,0,1
21,13,2,2,0,5,1,0,0,0,1
25,17,2,2,0,5,1,0,0,0,1
49,20,2,4,2,9,1,0,0,1,0
18,10,2,2,0,5,1,0,0,0,1
29,21,2,2,0,5,1,0,0,0,1
30,15,3,3,1,8,1,0,0,0,0
48,41,2,2,0,5,0,0,0,0,0
99,15,2,7,1,12,1,0,0,0,0
80,7,1,4,0,6,1,0,0,0,0
20,12,2,2,0,5,1,0,0,0,1
38,25,2,3,0,6,1,0,0,0,0
108,7,2,4,0,11,1,1,0,0,0
23,15,3,2,0,6,1,0,0,0,1
38,30,2,2,0,5,1,0,0,0,1
30,22,2,2,1,6,1,0,0,0,1
36,28,2,2,0,5,1,0,0,0,1
54,46,3,3,5,12,0,0,0,0,0
18,10,2,2,0,5,1,0,0,0,1
33,26,3,2,0,6,0,0,0,0,0
23,15,2,2,0,5,1,0,0,0,1
242,20,3,4,17,31,1,0,0,0,0
25,18,3,2,1,7,0,0,0,0,0
26,18,3,2,0,6,1,0,0,0,1
30,22,2,2,0,5,1,0,0,0,1
31,23,2,2,0,5,1,0,0,0,1
22,15,2,2,0,5,0,0,0,0,0
36,28,2,2,2,7,1,0,0,0,1
30,22,2,2,0,5,1,0,0,0,1
37,28,2,3,1,7,1,0,0,0,0
18,10,2,2,0,5,1,0,0,0,1
28,20,2,2,0,5,1,0,0,0,1
24,17,2,2,0,5,0,0,0,0,0
37,30,2,2,2,7,0,0,0,0,0
21,13,2,2,0,5,1,0,0,0,1
30,22,2,2,0,5,1,0,0,0,1
23,15,2,2,0,5,1,0,0,0,1
26,18,2,2,0,5,1,0,0,0,1
25,17,2,2,0,5,1,0,0,0,1
20,12,2,2,0,5,1,0,0,0,1
39,4,1,3,0,5,1,0,0,0,0
29,20,1,3,0,5,1,0,0,0,0
37,30,2,2,0,5,0,0,0,0,0
22,15,3,2,0,6,0,0,0,0,0
24,17,2,2,0,5,0,0,0,0,0
24,16,2,2,0,5,1,0,0,0,1
29,20,2,3,0,6,1,0,0,0,0
27,19,2,2,0,5,1,0,0,0,1
25,18,2,2,0,5,0,0,0,0,0
25,17,2,2,0,5,1,0,0,0,1
25,17,2,2,0,5,1,0,0,0,1
17,10,2,2,0,5,0,0,0,0,0
52,44,4,3,1,9,0,0,0,0,0
25,17,2,2,0,5,1,0,0,0,1
24,16,3,2,0,6,1,0,0,0,1
35,27,2,2,0,5,1,0,0,0,1
62,34,5,4,0,10,0,0,0,0,0
23,15,2,2,0,5,1,0,0,0,1
32,24,2,2,1,6,1,0,0,0,1
107,17,3,10,1,16,1,0,0,0,0
24,16,2,2,0,5,1,0,0,0,1
25,18,2,2,0,5,0,0,0,1,0
28,20,2,2,0,5,1,0,0,0,1
26,18,2,2,0,5,1,0,0,0,1
19,11,2,2,0,5,1,0,0,0,1
25,18,3,2,0,6,0,0,0,0,0
26,17,2,3,0,6,1,0,0,0,0
29,21,2,2,0,5,1,0,0,0,1
25,18,2,2,1,6,0,0,0,0,0
23,15,2,2,0,5,1,0,0,0,1
21,14,2,2,0,5,0,0,0,0,0
26,18,2,2,0,5,1,0,0,0,1
32,24,2,2,0,5,1,0,0,0,1
22,14,2,2,0,5,1,0,0,0,1
25,17,2,2,0,5,1,0,0,0,1
23,15,2,2,0,5,1,0,0,0,1
29,22,2,2,0,5,0,0,0,0,0
27,19,2,2,0,5,1,0,0,0,1
28,20,4,2,0,7,1,0,0,0,1
49,6,1,4,0,6,1,0,0,0,0
29,21,2,2,0,5,1,0,0,0,1
24,16,2,2,0,5,1,0,0,0,1
25,17,2,2,0,5,1,0,0,0,1
27,19,2,2,0,5,1,0,0,0,1
48,39,3,3,0,7,1,0,0,0,0
36,28,3,2,0,6,1,0,0,0,0
26,18,2,2,0,5,1,0,0,0,1
32,24,2,2,0,5,1,0,0,0,1
41,33,2,2,0,5,1,0,0,0,1
35,26,2,3,1,7,1,0,0,0,0
20,12,2,2,0,5,1,0,0,0,1
30,22,2,2,0,5,1,0,0,0,1
29,21,2,2,0,5,1,0,0,0,1
61,34,2,5,1,9,1,0,0,0,0
24,17,2,2,1,6,0,0,0,0,0
230,80,5,3,14,30,1,0,0,0,0
30,22,2,2,0,5,1,0,0,0,1
26,18,2,2,0,5,1,0,0,0,1
30,22,2,2,0,5,1,0,0,0,1
50,31,6,4,0,11,0,0,0,0,0
43,35,2,3,3,9,0,0,0,1,0
27,19,2,2,0,5,1,0,0,0,1
23,15,3,2,0,6,1,0,0,0,1
20,12,2,2,0,5,1,0,0,0,1
42,35,3,2,0,6,0,0,0,1,0
28,21,2,2,0,5,0,0,0,0,0
26,19,2,2,0,5,0,0,0,0,0
38,30,2,2,0,5,1,0,0,0,1
19,11,2,2,0,5,1,0,0,0,1
25,18,2,2,0,5,0,0,0,0,0
28,20,3,2,0,6,1,0,0,0,1
40,32,2,2,0,5,1,0,0,0,1
23,15,2,2,0,5,1,0,0,0,1
26,18,4,2,0,7,1,0,0,0,1
33,25,2,2,0,5,1,0,0,0,1
26,18,2,2,0,5,1,0,0,0,1
27,18,2,3,1,7,1,0,0,0,0
24,16,3,2,0,6,1,0,0,0,1
25,17,2,2,0,5,1,0,0,0,1
22,14,2,2,0,5,1,0,0,0,1
21,13,2,2,0,5,1,0,0,0,1
50,31,6,4,0,11,0,0,0,0,0
28,20,2,2,0,5,1,0,0,0,1
25,18,3,2,0,6,0,0,0,0,0
29,22,2,2,0,5,0,0,0,0,0
36,29,2,2,0,5,0,0,0,0,0
22,15,2,2,1,6,0,0,0,0,0
30,23,3,2,0,6,0,0,0,0,0
46,11,1,5,0,7,1,0,0,0,0
22,15,2,2,0,5,0,0,0,0,0
26,18,2,2,0,5,1,0,0,0,1
34,26,2,2,0,5,1,0,0,0,1
33,25,3,2,0,6,1,0,0,0,1
30,22,2,2,0,5,1,0,0,0,1
35,27,3,2,1,7,1,0,0,0,1
27,19,2,2,0,5,1,0,0,0,1
26,19,3,2,0,6,0,0,0,0,0
29,21,3,2,0,6,1,0,0,0,1
25,17,2,2,0,5,1,0,0,0,1
31,23,2,2,0,5,1,0,0,0,1
30,22,2,2,0,5,1,0,0,0,1
21,13,2,2,0,5,1,0,0,0,1
30,22,2,2,0,5,1,0,0,0,1
38,30,2,2,0,5,1,0,0,0,1
28,20,2,2,0,5,1,0,0,0,1
25,18,2,2,1,6,0,0,0,0,0
19,12,2,2,1,6,0,0,0,0,0
22,14,2,2,0,5,1,0,0,0,1
21,13,2,2,0,5,1,0,0,0,1
27,19,2,2,1,6,1,0,0,0,1
30,22,2,2,0,5,1,0,0,0,1
26,18,2,2,0,5,1,0,0,0,1
21,14,2,2,0,5,0,0,0,0,0
25,17,2,2,0,5,1,0,0,0,1
27,19,2,2,0,5,1,0,0,0,1
25,18,2,2,0,5,0,0,0,0,0
27,19,2,2,0,5,1,0,0,0,1
26,18,3,2,0,6,1,0,0,0,1
29,22,3,2,0,6,0,0,0,0,0
26,18,2,2,0,5,1,0,0,0,1
29,21,2,2,0,5,1,0,0,0,1
26,18,2,2,0,5,1,0,0,0,1
32,19,2,3,0,6,1,0,0,0,0
33,25,2,2,0,5,1,0,0,0,1
26,18,2,2,0,5,1,0,0,0,1
23,15,2,2,0,5,1,0,0,0,1
24,16,2,2,0,5,1,0,0,0,1
30,22,2,2,0,5,1,0,0,0,1
28,20,2,2,0,5,1,0,0,0,1
29,21,2,2,0,5,1,0,0,0,1
32,24,2,2,0,5,1,0,0,0,1
26,18,3,2,0,6,1,0,0,0,1
24,17,2,2,1,6,0,0,0,0,0
32,24,3,2,0,6,1,0,0,1,1
51,12,1,6,1,10,1,0,0,0,0
22,15,2,2,1,6,0,0,0,0,0
16,9,2,2,0,5,0,0,0,0,0
34,26,2,2,1,6,1,0,0,0,1
32,24,2,2,0,5,1,0,0,0,1
26,18,2,2,0,5,1,0,0,0,1
27,20,3,2,0,6,0,0,0,0,0
28,20,2,2,0,5,1,0,0,0,1
34,26,2,2,0,5,1,0,0,0,1
26,18,2,2,0,5,1,0,0,0,1
31,23,2,2,0,5,1,0,0,0,1
39,31,3,2,0,6,1,0,0,0,1
28,20,2,2,0,5,1,0,0,0,1
19,12,2,2,0,5,0,0,0,0,0
30,22,4,2,0,7,1,0,0,0,1
26,18,2,2,0,5,1,0,0,0,1
26,18,2,2,0,5,1,0,0,0,1
31,23,3,2,0,6,1,0,0,0,1
26,18,2,2,0,5,1,0,0,0,1
22,14,2,2,0,5,1,0,0,0,1
31,24,3,2,0,6,0,0,0,0,0
26,18,3,2,0,6,1,0,0,0,1
22,15,2,2,0,5,0,0,0,0,0
71,14,2,4,0,14,1,0,0,0,0
27,20,3,2,0,6,0,0,0,0,0
28,20,4,2,0,7,1,0,0,0,1
26,18,2,2,0,5,1,0,0,0,1
20,13,2,2,0,5,0,0,0,0,0
24,17,2,2,0,5,0,0,0,0,0
39,20,2,3,1,7,0,0,0,0,0
318,12,7,10,1,43,0,0,1,1,0
22,14,2,2,0,5,1,0,0,0,1
22,14,2,2,0,5,1,0,0,0,1
38,30,3,2,0,6,1,0,0,0,1
37,29,2,2,0,5,1,0,0,0,1
34,26,2,2,0,5,1,0,0,0,1
29,21,2,2,0,5,1,0,0,0,1
21,13,2,2,0,5,1,0,0,0,1
31,23,2,2,0,5,1,0,0,0,1
48,34,4,4,0,9,0,0,0,0,0
33,25,3,2,0,6,1,0,0,0,1
31,23,3,2,0,6,1,0,0,0,1
29,22,2,2,0,5,0,0,0,0,0
25,17,2,2,0,5,1,0,0,0,1
30,22,4,2,0,7,1,0,0,0,1
107,49,3,4,4,13,1,0,0,0,0
20,13,2,2,0,5,0,0,0,0,0
31,22,1,3,0,5,1,0,0,0,0
27,19,2,2,0,5,1,0,0,0,1
33,25,2,2,0,5,1,0,0,0,1
53,20,4,5,0,10,0,0,0,0,0
30,22,2,2,0,5,1,0,0,0,1
25,18,2,2,0,5,0,0,0,0,0
23,15,2,2,0,5,1,0,0,0,1
26,18,3,2,0,6,1,0,0,0,1
33,25,3,3,0,7,0,0,0,0,0
26,18,3,2,0,6,1,0,0,0,1
27,19,2,2,0,5,1,0,0,0,1
19,11,2,2,0,5,1,0,0,0,1
21,13,2,2,0,5,1,0,0,0,1
28,20,2,2,0,5,1,0,0,0,1
44,35,3,3,0,7,1,0,0,0,0
55,47,3,2,4,10,1,0,0,0,0
22,15,2,2,0,5,0,0,0,0,0
19,12,2,2,0,5,0,0,0,0,0
27,20,3,2,0,6,0,0,0,0,0
27,19,2,2,0,5,1,0,0,0,1
42,35,3,2,2,8,0,0,0,0,0
28,21,2,2,0,5,0,0,0,0,0
53,16,3,4,0,9,0,0,0,0,0
30,22,2,2,0,5,1,0,0,0,1
31,23,2,2,0,5,1,0,0,0,1
35,23,2,3,0,8,0,0,0,0,0
37,29,2,2,0,5,1,0,0,0,1
32,25,2,2,0,5,0,0,0,0,0
24,16,2,2,0,5,1,0,0,0,1
29,21,2,2,0,5,1,0,0,0,1
23,15,2,2,0,5,1,0,0,0,1
31,23,4,2,0,7,1,0,0,0,1
24,16,2,2,0,5,1,0,0,0,1
20,12,2,2,0,5,1,0,0,0,1
26,18,2,2,0,5,1,0,0,0,1
24,16,2,2,0,5,1,0,0,0,1
28,20,2,2,0,5,1,0,0,0,1
22,14,2,2,0,5,1,0,0,0,1
33,25,2,2,0,5,1,0,0,0,1
32,25,2,2,0,5,0,0,0,0,0
189,60,5,4,3,13,0,0,0,0,0
25,17,2,2,0,5,1,0,0,0,1
29,21,2,2,0,5,1,0,0,0,1
25,17,3,2,0,6,1,0,0,0,1
25,17,2,2,0,5,1,0,0,0,1
32,24,2,2,0,5,1,0,0,0,1
26,19,2,2,0,5,0,0,0,0,0
27,20,3,2,0,6,0,0,0,0,0
38,30,2,2,0,5,1,0,0,0,1
23,15,3,2,0,6,1,0,0,0,1
32,24,2,2,0,5,1,0,0,0,1
27,19,3,2,0,6,1,0,0,0,1
26,19,3,2,0,6,0,0,0,0,0
26,19,3,2,0,6,0,0,0,0,0
26,19,2,2,0,5,0,0,0,0,0
99,15,2,7,1,11,1,0,0,0,0
28,20,2,2,0,5,1,0,0,0,1
24,17,2,2,0,5,0,0,0,0,0
35,27,3,3,1,8,0,0,0,0,0
24,16,2,2,0,5,1,0,0,0,1
28,21,3,2,0,6,0,0,0,0,0
42,35,2,2,0,5,0,0,0,0,0
29,21,2,2,0,5,1,0,0,0,1
28,20,2,2,0,5,1,0,0,0,1
24,16,2,2,0,5,1,0,0,0,1
29,21,2,2,0,5,1,0,0,0,1
31,23,4,2,0,7,1,0,0,0,1
40,31,2,3,2,8,1,0,0,0,0
19,11,2,2,0,5,1,0,0,0,1
28,20,2,2,0,5,1,0,0,0,1
24,16,2,2,0,5,1,0,0,0,1
27,20,2,2,0,5,0,0,0,0,0
17,10,2,2,0,5,0,0,0,0,0
29,21,2,2,0,5,1,0,0,0,1
29,21,2,2,0,5,1,0,0,0,1
24,17,2,2,0,5,0,0,0,0,0
28,21,3,2,0,6,0,0,0,0,0
63,17,3,4,2,13,1,1,0,0,0
36,13,3,4,0,8,0,0,0,0,0
21,13,2,2,0,5,1,0,0,0,1
48,41,2,2,0,5,0,0,0,0,0
22,14,2,2,0,5,1,0,0,0,1
38,31,3,2,0,6,0,0,0,1,0
21,14,2,2,2,7,0,0,0,0,0
119,45,3,8,5,17,1,0,0,1,0
23,15,2,2,0,5,1,0,0,0,1
19,11,1,3,0,5,0,0,0,0,0
35,27,2,2,0,5,1,0,0,0,1
27,19,2,2,0,5,1,0,0,0,1
21,13,2,2,0,5,1,0,0,0,1
24,17,3,2,0,6,0,0,0,0,0
18,11,2,2,0,5,0,0,0,0,0
28,19,2,3,0,6,1,0,0,0,0
34,26,2,2,0,5,1,0,0,0,1
65,18,3,3,5,12,0,0,0,0,0
23,16,2,2,0,5,0,0,0,0,0
29,21,2,2,0,5,1,0,0,0,1
31,22,2,3,0,6,1,0,0,0,0
24,16,2,2,0,5,1,0,0,0,1
49,10,2,7,0,10,1,0,0,1,0
27,19,2,2,0,5,1,0,0,0,1
52,26,3,4,1,9,1,0,0,1,0
32,24,2,2,0,5,1,0,0,0,1
25,17,2,2,0,5,1,0,0,0,1
27,19,2,2,0,5,1,0,0,0,1
22,15,2,2,0,5,0,0,0,0,0
33,25,2,2,0,5,1,0,0,0,1
24,16,2,2,0,5,1,0,0,0,1
59,52,4,2,5,12,0,0,0,0,0
29,22,3,2,0,6,0,0,0,0,0
22,15,3,2,0,6,0,0,0,0,0
27,19,2,2,0,5,1,0,0,0,1
24,17,2,2,0,5,0,0,0,0,0
37,29,2,2,0,5,1,0,0,0,1
87,39,6,5,2,15,1,0,0,0,0
22,15,2,2,0,5,0,0,0,0,0
30,22,2,2,0,5,1,0,0,0,1
56,22,2,5,3,11,1,0,0,1,0
21,13,3,2,0,6,1,0,0,0,1
47,38,2,3,1,7,1,0,0,0,0
24,16,2,2,0,5,1,0,0,0,1
25,18,2,2,0,5,0,0,0,0,0
25,18,2,2,0,5,0,0,0,0,0
44,36,2,3,1,7,0,0,0,1,0
23,15,2,2,0,5,1,0,0,0,1
30,22,2,2,0,5,1,0,0,0,1
22,14,2,2,0,5,1,0,0,0,1
31,23,2,2,0,5,1,0,0,0,1
27,18,1,3,0,5,1,0,0,0,0
23,16,2,2,0,5,0,0,0,0,0
39,31,2,3,3,9,0,0,0,0,0
20,12,2,2,0,5,1,0,0,0,1
28,20,2,2,0,5,1,0,0,0,1
27,19,2,2,1,6,1,0,0,0,1
26,19,2,2,0,5,0,0,0,0,0
23,15,2,2,0,5,1,0,0,0,1
51,42,3,3,2,9,1,0,0,0,0
21,13,2,2,0,5,1,0,0,0,1
21,14,2,2,0,5,0,0,0,0,0
25,17,2,2,0,5,1,0,0,0,1
19,11,2,2,0,5,1,0,0,0,1
31,24,2,2,0,5,0,0,0,0,0
48,41,2,2,0,5,0,0,0,0,0
30,22,2,2,0,5,1,0,0,0,1
28,20,2,2,0,5,1,0,0,0,1
25,17,2,2,0,5,1,0,0,0,1
30,22,2,2,0,5,1,0,0,0,1
21,14,2,2,0,5,0,0,0,0,0
39,19,3,4,0,8,1,0,0,0,0
30,23,3,2,0,6,0,0,0,0,0
20,13,2,2,0,5,0,0,0,0,0
25,17,2,2,0,5,1,0,0,0,1
25,17,3,2,0,6,1,0,0,0,1
30,22,2,2,0,5,1,0,0,0,1
27,19,2,2,0,5,1,0,0,0,1
41,32,3,3,0,7,1,0,0,0,0
18,10,2,2,0,5,1,0,0,0,1
28,20,3,2,0,6,1,0,0,0,1
34,26,2,2,0,5,1,0,0,0,1
23,15,2,2,0,5,1,0,0,0,1
23,15,3,2,0,6,1,0,0,0,1
55,47,3,2,4,10,1,0,0,0,0
25,18,2,2,1,6,0,0,0,0,0
86,42,3,4,0,9,1,0,0,0,0
25,17,2,2,0,5,1,0,0,0,1
59,21,2,6,0,9,1,0,0,0,0
28,20,2,2,0,5,1,0,0,0,1
92,74,4,3,0,8,1,0,0,0,0
25,18,3,2,0,6,0,0,0,0,0
17,10,2,2,0,5,0,0,0,0,0
23,15,3,2,0,6,1,0,0,0,1
28,21,3,2,0,6,0,0,0,0,0
38,30,2,2,0,5,1,0,0,0,1
35,27,2,2,0,5,1,0,0,0,1
35,27,3,2,0,6,1,0,0,0,1
32,25,2,2,0,5,0,0,0,0,0
23,15,2,2,0,5,1,0,0,0,1
183,26,3,4,1,11,1,0,0,0,0
25,17,2,2,0,5,1,0,0,0,1
27,19,2,2,0,5,1,0,0,0,1
22,15,2,2,0,5,0,0,0,0,0
29,21,2,2,0,5,1,0,0,0,1
31,23,2,2,0,5,1,0,0,0,1
25,18,2,2,0,5,0,0,0,0,0
46,17,3,4,1,9,1,0,0,0,0
38,31,4,2,0,7,0,0,0,0,0
27,19,3,2,0,6,1,0,0,0,1
24,16,3,2,0,6,1,0,0,0,1
31,23,2,2,0,5,1,0,0,0,1
31,23,2,2,0,5,1,0,0,0,1
30,22,3,2,0,6,1,0,0,0,1
37,28,2,3,1,7,1,0,0,0,0
32,24,3,2,0,6,1,0,0,0,1
31,23,2,2,0,5,1,0,0,0,1
25,17,2,2,0,5,1,0,0,0,1
20,13,2,2,0,5,0,0,0,0,0
33,26,2,2,0,5,0,0,0,0,0
21,14,2,2,0,5,0,0,0,0,0
22,14,2,2,1,6,1,0,0,0,1
23,16,3,2,0,6,0,0,0,0,0
52,43,2,3,2,8,1,0,0,0,0
23,15,2,2,1,6,1,0,0,0,1
33,24,2,3,0,6,1,0,0,0,0
26,18,2,2,0,5,1,0,0,0,1
44,37,2,2,0,5,0,0,0,0,0
21,14,2,2,0,5,0,0,0,0,0
24,17,2,2,0,5,0,0,0,0,0
19,12,2,2,0,5,0,0,0,0,0
31,23,2,2,0,5,1,0,0,0,1
25,17,2,2,0,5,1,0,0,0,1
27,20,3,2,0,6,0,0,0,0,0
25,17,2,2,0,5,1,0,0,0,1
75,22,3,4,3,13,0,0,0,0,0
24,17,2,2,1,6,0,0,0,0,0
29,21,2,2,0,5,1,0,0,0,1
27,20,2,2,0,5,0,0,0,0,0
22,15,3,2,0,6,0,0,0,0,0
19,12,2,2,0,5,0,0,0,0,0
24,17,3,2,0,6,0,0,0,0,0
39,31,2,3,1,7,0,0,0,0,0
27,20,3,2,0,6,0,0,0,0,0
21,14,2,2,0,5,0,0,0,0,0
29,22,2,2,0,5,0,0,0,0,0
27,19,2,2,0,5,1,0,0,0,1
25,18,2,2,0,5,0,0,0,0,0
23,15,2,2,0,5,1,0,0,0,1
73,19,1,3,0,15,1,0,0,0,0
27,20,2,2,0,5,0,0,0,0,0
24,16,2,2,0,5,1,0,0,0,1
33,25,3,2,1,7,1,0,0,0,1
34,26,2,2,0,5,1,0,0,0,1
18,11,2,2,0,5,0,0,0,0,0
20,12,2,2,0,5,1,0,0,0,1
29,21,2,2,0,5,1,0,0,0,1
21,14,2,2,0,5,0,0,0,0,0
26,18,2,2,0,5,1,0,0,0,1
37,29,2,2,0,5,1,0,0,0,1
23,15,2,2,0,5,1,0,0,0,1
33,25,2,2,1,6,1,0,0,0,1
28,20,2,2,1,6,1,0,0,0,1
33,26,3,2,0,6,0,0,0,0,0
19,11,2,2,0,5,1,0,0,0,1
78,70,4,3,4,12,0,0,0,0,0
107,22,5,9,1,18,1,1,0,0,0
29,21,2,2,0,5,1,0,0,0,1
28,20,2,2,0,5,1,0,0,0,1
24,16,2,2,0,5,1,0,0,0,1
21,14,2,2,1,6,0,0,0,0,0
21,13,2,2,0,5,1,0,0,0,1
50,36,5,3,2,11,0,0,0,0,0
83,74,3,3,0,7,1,0,0,0,0
28,21,3,2,0,6,0,0,0,0,0
34,26,2,2,0,5,1,0,0,0,1
26,18,2,2,0,5,1,0,0,0,1
28,20,2,2,0,5,1,0,0,0,1
24,17,3,2,0,6,0,0,0,0,0
30,23,3,2,1,7,0,0,0,0,0
18,10,2,2,0,5,1,0,0,0,1
26,19,2,2,0,5,0,0,0,0,0
28,21,3,2,0,6,0,0,0,0,0
23,15,2,2,0,5,1,0,0,0,1
20,12,2,2,0,5,1,0,0,0,1
25,17,2,2,1,6,1,0,0,0,1
26,18,2,2,0,5,1,0,0,0,1
31,24,2,2,0,5,0,0,0,0,0
34,26,2,2,0,5,1,0,0,0,1
26,19,2,2,1,6,0,0,0,0,0
22,14,3,2,0,6,1,0,0,0,1
74,27,2,4,1,8,1,0,0,1,0
26,18,2,2,0,5,1,0,0,0,1
22,14,2,2,0,5,1,0,0,0,1
33,26,3,2,0,6,0,0,0,1,0
27,18,2,3,0,6,1,0,0,0,0
18,11,2,2,0,5,0,0,0,0,0
27,19,3,2,0,6,1,0,0,0,1
30,22,2,2,1,6,1,0,0,0,1
21,14,2,2,0,5,0,0,0,0,0
25,17,2,2,0,5,1,0,0,0,1
46,19,2,5,0,8,0,0,0,0,0
34,25,2,3,1,7,1,0,0,0,0
27,20,3,2,0,6,0,0,0,0,0
31,22,2,3,1,7,1,0,0,0,0
26,18,2,2,1,6,1,0,0,0,1
23,15,2,2,0,5,1,0,0,0,1
21,13,1,3,0,5,0,0,0,0,0
114,11,7,11,0,22,0,1,0,0,0
22,15,2,2,0,5,0,0,0,0,0
25,18,3,2,0,6,0,0,0,0,0
28,20,2,2,0,5,1,0,0,0,1
20,12,2,2,0,5,1,0,0,0,1
26,18,3,2,0,6,1,0,0,0,1
36,29,2,2,0,5,0,0,0,0,0
63,23,5,6,0,12,0,0,0,0,0
27,19,3,2,0,6,1,0,0,0,1
35,28,2,2,0,5,0,0,0,0,0
20,12,2,2,0,5,1,0,0,0,1
55,47,3,2,4,10,1,0,0,0,0
25,17,2,2,1,6,1,0,0,0,1
185,48,5,3,2,20,0,0,0,1,0
25,17,2,2,0,5,1,0,0,0,1
51,43,3,2,0,6,1,0,0,0,0
42,33,4,3,1,9,1,0,0,0,0
31,22,2,3,1,7,1,0,0,0,0
35,27,3,2,0,6,1,0,0,0,1
24,17,2,2,0,5,0,0,0,0,0
33,25,2,2,0,5,1,0,0,0,1
24,16,2,2,0,5,1,0,0,0,1
30,22,3,2,1,7,1,0,0,0,1
26,18,2,2,0,5,1,0,0,1,1
31,23,2,2,0,5,1,0,0,0,1
22,14,2,2,0,5,1,0,0,0,1
23,15,2,2,0,5,1,0,0,0,1
91,19,3,5,5,14,1,0,0,0,0
36,28,2,2,0,5,1,0,0,0,1
17,10,2,2,0,5,0,0,0,0,0
58,11,3,7,0,12,0,1,0,0,0
26,17,2,3,0,6,1,0,0,0,0
31,23,2,2,0,5,1,0,0,0,1
25,17,2,2,0,5,1,0,0,0,1
25,17,2,2,0,5,1,0,0,0,1
46,37,2,3,3,9,1,0,0,0,0
23,16,2,2,0,5,0,0,0,0,0
38,30,2,2,0,5,1,0,0,0,1
74,12,2,8,0,11,1,0,0,0,0
22,15,2,2,0,5,0,0,0,0,0
20,12,2,2,0,5,1,0,0,0,1
25,17,2,2,0,5,1,0,0,0,1
32,24,2,2,1,6,1,0,0,0,1
26,18,3,2,0,6,1,0,0,0,1
33,25,2,2,0,5,1,0,0,0,1
30,22,2,2,0,5,1,0,0,0,1
31,22,2,3,1,7,1,0,0,0,0
30,21,2,3,0,6,1,0,0,0,0
31,23,2,2,0,5,1,0,0,0,1
20,13,2,2,0,5,0,0,0,0,0
26,18,2,2,0,5,1,0,0,0,1
99,15,2,7,0,12,1,0,0,0,0
23,14,2,3,0,6,1,0,0,0,0
21,13,2,2,0,5,1,0,0,0,1
114,42,11,6,1,27,1,0,0,1,0
27,19,2,2,0,5,1,0,0,0,1
19,11,2,2,0,5,1,0,0,0,1
21,13,2,2,0,5,1,0,0,0,1
77,14,3,5,0,16,1,0,0,0,0
22,15,2,2,0,5,0,0,0,0,0
23,16,2,2,0,5,0,0,0,0,0
22,14,2,2,0,5,1,0,0,0,1
25,17,3,2,0,6,1,0,0,0,1
132,42,3,7,3,17,1,0,0,0,0
22,14,2,2,0,5,1,0,0,0,1
35,26,2,3,0,6,1,0,0,0,0
29,21,2,2,0,5,1,0,0,0,1
35,28,1,2,1,5,0,0,0,0,0
30,23,2,2,0,5,0,0,0,0,0
28,20,2,2,0,5,1,0,0,0,1
19,12,2,2,0,5,0,0,0,0,0
26,18,2,2,0,5,1,0,0,0,1
23,15,3,2,0,6,1,0,0,0,1
26,18,3,2,0,6,1,0,0,0,1
18,10,2,2,0,5,1,0,0,0,1
25,17,2,2,0,5,1,0,0,0,1
62,23,1,6,2,10,0,0,0,1,0
31,23,2,2,0,5,1,0,0,0,1
41,32,2,3,2,8,1,0,0,0,0
30,22,2,2,0,5,1,0,0,0,1
30,22,2,2,0,5,1,0,0,0,1
44,35,2,3,0,6,1,0,0,0,0
27,19,2,2,0,5,1,0,0,0,1
27,18,2,3,0,6,1,0,0,0,0
34,25,2,3,1,7,1,0,0,0,0
28,20,2,2,0,5,1,0,0,0,1
35,27,2,2,0,5,1,0,0,0,1
29,22,2,2,0,5,0,0,0,0,0
29,22,2,2,0,5,0,0,0,0,0
22,15,2,2,0,5,0,0,0,0,0
23,15,2,2,0,5,1,0,0,0,1
31,23,2,2,0,5,1,0,0,0,1
21,14,2,2,0,5,0,0,0,0,0
24,17,2,2,1,6,0,0,0,0,0
31,23,2,2,0,5,1,0,0,0,1
47,38,2,3,0,6,1,0,0,0,0
23,16,2,2,0,5,0,0,0,0,0
21,13,2,2,0,5,1,0,0,0,1
32,24,2,2,0,5,1,0,0,0,1
79,31,3,5,1,10,1,0,0,1,0
32,24,2,2,0,5,1,0,0,0,1
22,14,2,2,0,5,1,0,0,0,1
27,18,2,3,0,6,1,0,0,0,0
35,28,3,2,0,6,0,0,0,0,0
24,16,2,2,0,5,1,0,0,0,0
29,20,2,3,0,6,1,0,0,0,0
20,13,2,2,0,5,0,0,0,0,0
28,20,3,2,0,6,1,0,0,0,1
21,13,2,2,0,5,1,0,0,0,1
48,41,2,2,0,5,0,0,0,0,0
48,41,2,2,0,5,0,0,0,0,0
26,19,2,2,0,5,0,0,0,0,0
23,15,2,2,0,5,1,0,0,0,1
25,17,2,2,0,5,1,0,0,0,1
24,16,2,2,0,5,1,0,0,0,1
35,26,2,3,0,6,1,0,0,1,0
24,16,2,2,0,5,1,0,0,0,1
29,21,2,2,0,5,1,0,0,0,1
22,15,2,2,0,5,0,0,0,0,0
30,22,2,2,0,5,1,0,0,0,1
37,21,2,4,0,7,1,0,0,0,0
33,25,2,2,0,5,1,0,0,0,1
45,38,2,2,3,8,0,0,0,0,0
30,23,3,2,0,6,0,0,0,0,0
37,28,2,3,0,6,1,0,0,0,0
36,27,2,3,2,8,1,0,0,0,0
30,22,2,2,0,5,1,0,0,0,1
21,14,2,2,0,5,0,0,0,0,0
30,22,2,2,0,5,1,0,0,0,1
25,17,2,2,0,5,1,0,0,0,1
25,17,2,2,0,5,1,0,0,0,1
26,18,2,2,0,5,1,0,0,0,1
18,11,2,2,0,5,0,0,0,0,0
30,22,3,2,0,6,1,0,0,0,1
40,32,3,2,0,6,1,0,0,0,1
24,17,2,2,1,6,0,0,0,0,0
27,19,3,2,0,6,1,0,0,0,1
31,23,2,2,0,5,1,0,0,0,1
29,21,2,2,0,5,1,0,0,0,1
23,15,2,2,0,5,1,0,0,0,1
23,15,3,2,0,6,1,0,0,0,1
26,19,3,2,0,6,0,0,0,0,0
24,15,2,3,0,6,1,0,0,0,0
26,18,2,2,0,5,1,0,0,0,1
25,18,2,2,0,5,0,0,0,0,0
23,16,2,2,0,5,0,0,0,0,0
25,18,2,2,0,5,0,0,0,0,0
26,18,2,2,0,5,1,0,0,0,1
44,36,2,2,2,7,1,0,0,1,0
30,22,2,2,0,5,1,0,0,0,1
24,16,2,2,1,6,1,0,0,0,1
25,17,2,2,0,5,1,0,0,0,1
32,23,2,3,1,7,1,0,0,0,0
30,22,2,2,0,5,1,0,0,0,1
64,28,3,4,0,10,1,0,0,0,0
29,21,2,2,0,5,1,0,0,0,1
30,22,2,2,0,5,1,0,0,0,1
46,37,5,3,0,9,1,0,0,0,0
26,18,3,2,0,6,1,0,0,0,1
387,14,13,5,3,56,0,0,1,1,0
24,17,2,2,0,5,0,0,0,0,0
32,24,2,2,0,5,1,0,0,0,1
73,13,2,4,0,7,1,0,0,0,0
30,23,2,2,0,5,0,0,0,0,0
31,24,2,2,0,5,0,0,0,0,0
29,21,2,2,0,5,1,0,0,0,1
38,30,2,2,0,5,1,0,0,0,1
28,20,2,2,0,5,1,0,0,0,1
31,24,3,2,0,6,0,0,0,0,0
33,25,2,2,0,5,1,0,0,0,1
21,7,1,3,0,5,0,0,0,0,0
24,16,2,2,0,5,1,0,0,0,1
17,9,2,2,0,5,1,0,0,0,1
25,17,2,2,0,5,1,0,0,0,1
32,24,2,2,1,6,1,0,0,0,1
25,17,2,2,0,5,1,0,0,0,1
29,21,2,2,0,5,1,0,0,0,1
24,16,2,2,0,5,1,0,0,0,1
26,18,2,2,1,6,1,0,0,0,1
54,18,2,6,2,11,1,0,0,0,0
348,27,5,5,4,18,1,0,0,0,0
32,24,2,2,0,5,1,0,0,0,1
38,30,3,2,0,6,1,0,0,0,1
26,18,2,2,0,5,1,0,0,0,1
26,18,2,2,0,5,1,0,0,0,1
24,16,2,2,0,5,1,0,0,0,1
28,20,2,2,0,5,1,0,0,0,1
26,19,3,2,0,6,0,0,0,0,0
26,18,2,2,0,5,1,0,0,0,1
160,12,2,10,4,20,1,0,0,0,0
39,31,2,2,0,5,1,0,0,0,1
23,15,2,2,0,5,1,0,0,0,1
35,28,2,2,0,5,0,0,0,0,0
31,23,2,2,0,5,1,0,0,0,1
29,21,2,2,0,5,1,0,0,0,1
30,20,2,3,0,6,0,0,0,0,0
31,23,2,2,0,5,1,0,0,0,1
25,17,2,2,0,5,1,0,0,0,1
22,14,2,2,0,5,1,0,0,0,1
41,32,2,3,1,7,1,0,0,0,0
405,14,16,11,1,64,0,0,1,1,0
28,21,2,2,0,5,0,0,0,0,0
27,20,2,2,0,5,0,0,0,0,0
32,24,2,2,0,5,1,0,0,0,1
27,19,2,2,0,5,1,0,0,0,1
22,15,2,2,1,6,0,0,0,0,0
25,17,2,2,0,5,1,0,0,0,1
29,22,2,2,0,5,0,0,0,0,0
30,22,3,2,0,6,1,0,0,0,1
40,32,4,2,0,7,1,0,0,0,1
32,24,2,2,0,5,1,0,0,0,1
31,23,2,2,0,5,1,0,0,0,1
25,18,2,2,0,5,0,0,0,0,0
28,20,2,2,0,5,1,0,0,0,1
29,22,3,2,0,6,0,0,0,0,0
26,18,2,2,0,5,1,0,0,0,1
25,17,3,2,0,6,1,0,0,0,1
31,23,2,2,0,5,1,0,0,0,1
37,28,3,3,1,8,1,0,0,0,0
28,20,3,2,0,6,1,0,0,0,1
26,19,2,2,1,6,0,0,0,0,0
22,14,2,2,0,5,1,0,0,0,1
24,16,2,2,0,5,1,0,0,0,1
29,21,2,2,0,5,1,0,0,0,1
22,14,2,2,0,5,1,0,0,0,1
23,14,2,3,1,7,1,0,0,0,0
30,22,2,2,0,5,1,0,0,0,1
31,23,3,2,0,6,1,0,0,0,1
27,19,2,2,0,5,1,0,0,0,1
43,34,2,3,3,9,1,0,0,0,0
28,20,2,2,0,5,1,0,0,0,1
52,43,2,3,4,10,1,0,0,0,0
33,25,2,2,0,5,1,0,0,0,1
53,12,1,6,1,10,1,0,0,0,0
29,22,2,2,0,5,0,0,0,0,0
25,17,2,2,1,6,1,0,0,0,1
49,21,2,7,0,10,1,0,0,0,0
25,17,2,2,0,5,1,0,0,0,1
32,24,2,2,0,5,1,0,0,0,1
24,16,2,2,0,5,1,0,0,0,1
22,15,2,2,0,5,0,0,0,0,0
29,21,2,2,0,5,1,0,0,0,1
52,31,3,3,2,9,1,0,0,0,0
56,47,3,3,4,11,1,0,0,0,0
49,20,1,4,1,7,1,0,0,0,0
24,16,3,2,0,6,1,0,0,0,1
20,12,2,2,0,5,1,0,0,0,1
89,18,1,3,2,12,1,0,0,0,0
81,7,1,5,0,7,1,0,0,0,0
27,20,3,2,0,6,0,0,0,0,0
62,17,2,4,0,11,1,0,0,0,0
27,20,3,2,0,6,0,0,0,0,0
35,28,2,2,0,5,0,0,0,0,0
38,20,2,3,2,8,1,0,0,0,0
22,15,2,2,1,6,0,0,0,0,0
82,14,4,7,2,14,0,0,1,1,0
20,12,2,2,0,5,1,0,0,0,1
26,17,2,3,0,6,1,0,0,0,0
29,21,2,2,1,6,1,0,0,0,1
21,13,2,2,0,5,1,0,0,0,1
27,20,3,2,0,6,0,0,0,0,0
28,21,2,2,0,5,0,0,0,0,0
30,22,3,2,0,6,1,0,0,0,1
22,14,3,2,0,6,1,0,0,0,1
22,15,2,2,0,5,0,0,0,0,0
34,26,2,2,0,5,1,0,0,0,1
36,27,2,3,2,8,1,0,0,0,0
25,17,2,2,0,5,1,0,0,0,1
78,14,1,5,0,7,1,0,0,0,0
28,20,2,2,0,5,1,0,0,0,1
28,20,2,2,0,5,1,0,0,0,1
25,17,2,2,1,6,1,0,0,0,1
33,25,2,2,0,5,1,0,0,0,1
27,19,2,2,0,5,1,0,0,0,1
38,30,2,2,0,5,1,0,0,0,1
29,21,2,2,0,5,1,0,0,0,1
18,10,2,2,0,5,1,0,0,0,1
34,25,2,3,1,7,1,0,0,0,0
32,24,2,2,1,6,1,0,0,0,1
20,13,2,2,0,5,0,0,0,0,0
42,34,3,2,0,6,1,0,0,0,1
36,28,2,2,0,5,1,0,0,0,1
39,30,2,3,1,7,1,0,0,0,0
55,29,3,3,1,10,1,0,0,1,0
22,14,2,2,0,5,1,0,0,0,1
33,25,1,3,1,6,0,0,0,0,0
49,31,6,3,0,12,0,0,0,0,0
24,16,2,2,0,5,1,0,0,0,1
5795,42,5,4,2,34,1,1,0,0,0
29,21,2,2,0,5,1,0,0,0,1
29,21,2,2,0,5,1,0,0,0,1
31,23,2,2,0,5,1,0,0,0,1
28,20,3,2,0,6,1,0,0,0,1
30,22,2,2,0,5,1,0,0,0,1
25,17,2,2,1,6,1,0,0,0,1
28,20,3,2,0,6,1,0,0,0,1
35,26,2,3,0,6,1,0,0,0,0
30,22,2,2,0,5,1,0,0,0,1
32,24,2,2,0,5,1,0,0,0,1
15,8,2,2,0,5,0,0,0,0,0
55,19,2,4,0,7,1,0,0,0,0
27,19,2,2,0,5,1,0,0,0,1
24,16,2,2,0,5,1,0,0,0,1
32,24,2,2,0,5,1,0,0,0,1
25,18,3,2,0,6,0,0,0,0,0
31,23,2,2,0,5,1,0,0,0,1
40,32,2,2,0,5,1,0,0,0,1
30,22,2,2,0,5,1,0,0,0,1
24,16,2,2,0,5,1,0,0,0,1
36,28,2,3,0,6,0,0,0,0,0
45,37,2,3,0,6,0,0,0,0,0
34,25,2,3,1,7,1,0,0,0,0
31,23,2,2,0,5,1,0,0,0,1
33,25,3,2,0,6,1,0,0,0,1
47,20,4,6,0,11,0,0,0,0,0
35,28,3,2,0,6,0,0,0,0,0
18,10,2,2,0,5,1,0,0,0,1
43,28,3,3,2,9,1,0,0,0,0
30,22,2,2,0,5,1,0,0,0,1
38,31,3,2,0,6,0,0,0,0,0
26,15,2,3,0,6,1,0,0,0,0
20,13,2,2,0,5,0,0,0,0,0
27,18,2,3,0,6,1,0,0,0,0
35,28,2,2,0,5,0,0,0,0,0
28,20,2,2,0,5,1,0,0,0,1
40,26,5,3,0,9,1,0,0,0,0
24,16,2,2,0,5,1,0,0,0,1
20,13,2,2,0,5,0,0,0,0,0
27,20,3,2,2,8,0,0,0,0,0
18,11,2,2,0,5,0,0,0,0,0
33,25,2,2,0,5,1,0,0,0,1
38,30,2,3,2,8,0,0,0,0,0
55,21,3,5,0,11,0,0,0,1,0
29,21,2,3,0,6,0,0,0,0,0
37,29,2,2,0,5,1,0,0,0,1
32,25,2,2,0,5,0,0,0,0,0
28,21,2,2,0,5,0,0,0,0,0
19,12,2,2,0,5,0,0,0,0,0
20,13,2,2,0,5,0,0,0,0,0
24,16,3,2,0,6,1,0,0,0,1
36,29,4,2,1,8,0,0,0,1,0
53,44,2,3,3,9,1,0,0,0,0
27,18,2,3,1,7,1,0,0,0,0
33,25,2,2,0,5,1,0,0,0,1
30,22,2,2,0,5,1,0,0,0,1
33,25,2,2,0,5,1,0,0,0,1
32,24,2,2,0,5,1,0,0,0,1
22,14,2,2,0,5,1,0,0,0,1
26,18,2,2,1,6,1,0,0,0,1
19,11,2,2,0,5,1,0,0,0,1
24,16,2,2,0,5,1,0,0,0,1
40,32,2,3,0,6,0,0,0,0,0
26,18,2,2,0,5,1,0,0,0,1
19,11,2,2,0,5,1,0,0,0,1
25,17,2,2,0,5,1,0,0,0,1
31,24,3,2,0,6,0,0,0,0,0
24,17,2,2,0,5,0,0,0,0,0
20,11,1,3,0,5,1,0,0,0,0
21,14,2,2,0,5,0,0,0,0,0
22,15,2,2,0,5,0,0,0,0,0
20,12,2,2,0,5,1,0,0,0,1
28,20,2,2,0,5,1,0,0,0,1
21,13,2,2,0,5,1,0,0,0,1
23,16,2,2,0,5,0,0,0,0,0
39,31,2,2,0,5,1,0,0,0,1
24,16,1,3,2,7,0,0,0,0,0
23,15,2,2,0,5,1,0,0,0,1
26,18,2,2,0,5,1,0,0,0,1
23,15,2,2,0,5,1,0,0,0,1
32,24,2,2,0,5,1,0,0,0,1
22,15,2,2,1,6,0,0,0,0,0
22,14,2,2,0,5,1,0,0,0,1
26,19,2,2,0,5,0,0,0,0,0
17,9,1,3,0,5,0,0,0,0,0
39,31,2,2,0,5,1,0,0,0,1
24,17,2,2,0,5,0,0,0,0,0
27,19,2,2,0,5,1,0,0,0,1
22,15,2,2,2,7,0,0,0,0,0
29,22,3,2,0,6,0,0,0,0,0
28,20,2,2,0,5,1,0,0,0,1
26,19,2,2,1,6,0,0,0,0,0
21,13,2,2,0,5,1,0,0,0,1
35,28,2,2,0,5,0,0,0,0,0
83,74,3,3,0,7,1,0,0,0,0
71,25,3,5,0,9,1,0,0,0,0
22,15,2,2,1,6,0,0,0,0,0
21,14,2,2,0,5,0,0,0,0,0
24,16,2,2,0,5,1,0,0,0,1
30,22,2,2,0,5,1,0,0,0,1
23,15,2,2,0,5,1,0,0,0,1
25,17,3,2,0,6,1,0,0,0,1
31,23,2,2,0,5,1,0,0,0,1
27,20,2,2,0,5,0,0,0,0,0
17,10,2,2,0,5,0,0,0,0,0
24,16,2,2,0,5,1,0,0,0,1
32,25,2,2,0,5,0,0,0,0,0
47,39,4,3,2,10,0,0,0,0,0
31,23,2,2,0,5,1,0,0,0,1
32,24,2,2,0,5,1,0,0,0,1
26,19,2,2,1,6,0,0,0,0,0
46,38,2,2,1,6,1,0,0,0,1
31,22,1,3,3,8,1,0,0,0,0
40,32,2,2,0,5,1,0,0,0,1
23,16,2,2,1,6,0,0,0,0,0
48,41,2,2,0,5,0,0,0,0,0
21,13,2,2,0,5,1,0,0,0,1
25,18,2,2,0,5,0,0,0,0,0
29,21,2,2,0,5,1,0,0,0,1
21,13,2,2,0,5,1,0,0,0,1
33,25,2,2,0,5,1,0,0,0,1
28,21,3,2,0,6,0,0,0,0,0
25,17,3,2,0,6,1,0,0,0,1
25,18,2,2,0,5,0,0,0,0,0
24,16,2,2,1,6,1,0,0,0,1
20,13,2,2,0,5,0,0,0,0,0
25,18,2,2,0,5,0,0,0,0,0
27,19,2,2,0,5,1,0,0,0,1
21,13,2,2,0,5,1,0,0,0,1
21,14,2,2,0,5,0,0,0,0,0
27,19,2,2,0,5,1,0,0,0,1
34,25,2,3,1,7,1,0,0,0,0
33,26,3,2,0,6,0,0,0,0,0
28,20,3,2,0,6,1,0,0,0,1
27,20,3,2,0,6,0,0,0,0,0
31,23,2,2,0,5,1,0,0,0,1
24,16,2,2,0,5,1,0,0,0,1
21,14,2,2,1,6,0,0,0,0,0
27,20,2,2,0,5,0,0,0,0,0
25,18,2,2,0,5,0,0,0,0,0
28,21,2,2,0,5,0,0,0,0,0
30,23,2,2,0,5,0,0,0,0,0
36,28,3,2,0,6,1,0,0,0,1
32,24,3,2,0,6,1,0,0,0,1
31,23,2,2,1,6,1,0,0,0,1
23,15,2,2,0,5,1,0,0,0,1
29,21,2,2,0,5,1,0,0,0,1
25,17,2,2,0,5,1,0,0,0,1
28,20,2,2,0,5,1,0,0,0,1
27,20,2,2,0,5,0,0,0,0,0
21,13,3,2,0,6,1,0,0,0,1
33,25,2,2,0,5,1,0,0,0,1
24,16,2,2,0,5,1,0,0,0,1
35,26,2,3,1,7,1,0,0,0,0
21,13,2,2,0,5,1,0,0,0,1
30,22,2,2,0,5,1,0,0,0,1
31,24,3,2,0,6,0,0,0,0,0
19,11,1,3,0,5,0,0,0,0,0
29,21,2,2,0,5,1,0,0,0,1
20,12,2,2,0,5,1,0,0,0,1
26,18,2,2,0,5,1,0,0,0,1
79,42,5,6,3,15,1,0,0,0,0
33,21,2,4,0,7,0,0,0,0,0
28,21,2,2,0,5,0,0,0,0,0
24,16,2,2,0,5,1,0,0,0,1
20,13,2,2,0,5,0,0,0,0,0
34,25,2,3,0,6,1,0,0,0,0
35,28,2,2,0,5,0,0,0,0,0
23,15,2,2,0,5,1,0,0,0,1
33,25,2,2,1,6,1,0,0,0,1
39,32,3,2,1,7,0,0,0,1,0
30,22,2,2,0,5,1,0,0,0,1
35,27,2,2,0,5,1,0,0,0,1
18,10,2,2,0,5,1,0,0,0,1
38,30,2,2,0,5,1,0,0,0,1
30,22,2,2,0,5,1,0,0,0,1
22,14,2,2,0,5,1,0,0,0,1
25,17,2,2,0,5,1,0,0,0,1
50,31,6,4,0,11,0,0,0,0,0
24,17,2,2,1,6,0,0,0,0,0
53,31,3,4,1,9,1,0,0,0,0
20,12,2,2,0,5,1,0,0,0,1
39,30,2,3,1,7,1,0,0,0,0
28,20,2,2,0,5,1,0,0,0,1
34,25,2,3,1,7,1,0,0,0,0
24,16,2,2,0,5,1,0,0,0,1
27,20,3,2,0,6,0,0,0,0,0
25,17,2,2,0,5,1,0,0,0,1
31,24,2,2,0,5,0,0,0,0,0
24,16,2,2,1,6,1,0,0,0,1
48,30,1,5,0,7,1,0,0,1,0
26,18,3,2,0,6,1,0,0,0,1
17,10,2,2,0,5,0,0,0,0,0
22,14,3,2,0,6,1,0,0,0,1
22,15,2,2,0,5,0,0,0,0,0
25,17,2,2,0,5,1,0,0,0,1
26,18,2,2,0,5,1,0,0,0,1
23,15,3,2,0,6,1,0,0,0,1
29,7,1,3,0,6,1,0,0,0,0
30,23,2,2,0,5,0,0,0,0,0
22,14,2,2,0,5,1,0,0,0,1
27,19,2,2,0,5,1,0,0,0,1
26,18,2,2,0,5,1,0,0,0,1
33,24,2,3,1,7,1,0,0,0,0
93,13,2,4,0,9,1,0,0,0,0
39,31,2,2,0,5,1,0,0,0,1
29,21,2,2,0,5,1,0,0,0,1
83,41,3,3,4,13,0,0,0,1,0
18,10,2,2,0,5,1,0,0,0,1
21,13,2,2,0,5,1,0,0,0,1
28,20,3,2,0,6,1,0,0,0,1
25,17,3,2,0,6,1,0,0,0,1
32,21,2,3,0,6,1,0,0,0,0
28,20,2,2,0,5,1,0,0,0,1
27,20,2,2,0,5,0,0,0,0,0
38,29,2,3,1,7,1,0,0,0,0
43,27,4,3,0,8,0,0,0,0,0
19,12,2,2,0,5,0,0,0,0,0
33,25,2,2,0,5,1,0,0,0,1
23,15,3,2,0,6,1,0,0,0,1
32,24,3,2,1,7,1,0,0,0,1
24,17,2,2,0,5,0,0,0,0,0
28,21,2,2,0,5,0,0,0,0,0
21,13,2,2,0,5,1,0,0,0,1
28,21,3,2,0,6,0,0,0,0,0
47,39,2,2,0,5,1,0,0,0,1
29,21,2,2,0,5,1,0,0,0,1
24,17,2,2,0,5,0,0,0,0,0
22,14,2,2,0,5,1,0,0,0,1
38,30,2,2,0,5,1,0,0,0,1
30,22,2,2,0,5,1,0,0,0,1
23,15,2,2,0,5,1,0,0,0,1
23,15,2,2,0,5,1,0,0,0,1
25,18,2,2,1,6,0,0,0,0,0
26,18,2,2,0,5,1,0,0,0,1
98,23,3,4,1,9,1,0,0,1,0
40,31,2,3,1,7,1,0,0,0,0
29,22,3,2,1,7,0,0,0,0,0
27,19,2,2,0,5,1,0,0,0,1
22,14,3,3,0,7,0,0,1,0,0
22,14,2,2,0,5,1,0,0,0,1
33,26,3,2,0,6,0,0,0,0,0
21,13,2,2,0,5,1,0,0,0,1
55,48,3,2,0,6,0,0,0,0,0
39,32,2,2,0,5,0,0,0,0,0
31,24,2,2,0,5,0,0,0,0,0
31,22,2,3,1,7,1,0,0,0,0
30,22,2,2,0,5,1,0,0,0,1
32,14,2,5,0,8,1,0,0,0,0
28,20,2,2,0,5,1,0,0,0,1
30,22,2,2,0,5,1,0,0,0,1
33,25,2,2,0,5,1,0,0,0,1
25,17,2,2,0,5,1,0,0,0,1
18,11,2,2,0,5,0,0,0,0,0
25,17,2,3,0,6,0,0,0,0,0
22,14,2,2,0,5,1,0,0,0,1
17,10,2,2,0,5,0,0,0,0,0
26,18,2,2,0,5,1,0,0,0,1
27,19,2,2,0,5,1,0,0,0,1
52,43,2,3,2,8,1,0,0,0,0
47,38,2,3,2,8,1,0,0,0,0
42,24,2,3,3,9,1,0,0,1,0
24,16,2,2,0,5,1,0,0,0,1
20,12,2,2,0,5,1,0,0,0,1
31,23,2,2,0,5,1,0,0,0,1
32,24,2,2,0,5,1,0,0,0,1
18,11,2,2,0,5,0,0,0,0,0
31,23,2,2,0,5,1,0,0,0,1
24,16,2,2,0,5,1,0,0,0,1
20,12,2,2,0,5,1,0,0,0,1
21,6,1,3,0,5,1,0,0,0,0
47,40,4,2,2,9,0,0,0,0,0
21,13,2,2,0,5,1,0,0,0,1
33,24,2,3,0,6,1,0,0,0,0
61,43,3,4,4,12,1,0,0,1,0
27,19,2,3,0,6,0,0,0,0,0
27,19,2,2,0,5,1,0,0,0,1
29,21,2,2,0,5,1,0,0,0,1
26,18,2,2,0,5,1,0,0,0,1
37,30,2,2,1,6,0,0,0,0,0
26,19,2,2,0,5,0,0,0,0,0
20,13,2,2,1,6,0,0,0,0,0
22,15,2,2,0,5,0,0,0,0,0
33,24,2,3,2,8,1,0,0,0,0
55,47,3,2,4,10,1,0,0,0,0
25,18,2,2,0,5,0,0,0,0,0
23,16,3,2,0,6,0,0,0,0,0
29,21,2,2,0,5,1,0,0,0,1
39,30,2,3,0,6,1,0,0,0,0
25,18,3,2,0,6,0,0,0,0,0
28,20,2,2,0,5,1,0,0,0,1
26,18,2,2,0,5,1,0,0,0,1
43,34,2,3,2,8,1,0,0,0,0
25,17,2,2,0,5,1,0,0,0,1
27,19,2,2,0,5,1,0,0,0,1
32,24,2,2,0,5,1,0,0,0,1
24,17,3,2,0,6,0,0,0,0,0
22,14,2,2,0,5,1,0,0,0,1
95,19,4,5,5,17,1,1,0,0,0
22,15,2,2,0,5,0,0,0,0,0
29,21,2,2,0,5,1,0,0,0,1
33,26,2,2,0,5,0,0,0,0,0
24,16,2,2,0,5,1,0,0,0,1
18,11,2,2,0,5,0,0,0,0,0
36,27,2,3,1,7,1,0,0,0,0
32,24,4,2,0,7,1,0,0,0,1
20,12,2,2,0,5,1,0,0,0,1
18,11,2,2,0,5,0,0,0,0,0
34,26,2,2,0,5,1,0,0,0,1
28,20,2,2,0,5,1,0,0,0,1
28,20,2,2,0,5,1,0,0,0,1
29,21,2,2,0,5,1,0,0,0,1
30,22,2,2,1,6,1,0,0,0,1
25,17,2,2,0,5,1,0,0,0,1
29,22,2,2,0,5,0,0,0,0,0
24,16,2,2,0,5,1,0,0,0,1
45,4,1,3,2,9,1,0,0,1,0
22,15,2,2,0,5,0,0,0,0,0
57,48,2,3,5,11,1,0,0,1,0
47,38,2,3,2,8,1,0,0,0,0
29,21,2,2,1,6,1,0,0,0,1
42,17,2,3,0,6,1,0,0,0,0
17,9,2,2,0,5,1,0,0,0,1
26,18,2,2,1,6,1,0,0,0,1
21,13,2,2,0,5,1,0,0,0,1
20,13,2,2,0,5,0,0,0,0,0
24,16,2,2,0,5,1,0,0,0,1
22,15,2,2,0,5,0,0,0,0,0
30,21,2,3,0,6,1,0,0,0,0
22,14,2,2,0,5,1,0,0,0,1
35,27,2,2,1,6,1,0,0,0,1
62,53,2,3,5,11,1,0,0,0,0
34,26,2,2,0,5,1,0,0,0,1
24,17,2,2,1,6,0,0,0,0,0
27,19,3,2,0,6,1,0,0,0,1
33,25,2,2,0,5,1,0,0,0,1
24,17,3,2,0,6,0,0,0,0,0
28,21,2,2,1,6,0,0,0,0,0
37,29,2,2,0,5,1,0,0,0,1
32,24,2,2,0,5,1,0,0,0,1
26,18,3,2,0,6,1,0,0,0,1
21,14,2,2,0,5,0,0,0,0,0
79,24,5,4,0,12,1,1,0,0,0
36,28,2,2,0,5,1,0,0,0,1
24,17,2,2,0,5,0,0,0,0,0
31,23,2,2,0,5,1,0,0,0,1
27,19,2,2,0,5,1,0,0,0,1
38,30,2,2,0,5,1,0,0,0,1
28,20,2,2,0,5,1,0,0,0,1
